asin,product_name,bag_type,brand,material,color,gender,current_price,original_price,discount,rating,review_count,prime_eligible,availability,delivery_info,bestseller_badge,product_url,category,scraped_at
B07QQF9XP7,"Reli. Thank You Plastic Bags (350 Count) (11.5"" x 6.5"" x 21"") (White) - Grocery, Shopping Bag, Restaurants, Convenience Store",Other Bag,Amazon's Choice: Overall Pick,N/A,White,Unisex,18.,$0.05,N/A,4.7 out of 5 stars,0,No,Amazon's Choice: Overall Pick,N/A,Overall Pick,https://www.amazon.com/Reli-Thank-T-Shirt-Count-Plastic/dp/B07QQF9XP7/ref=sr_1_1?dib=eyJ2IjoiMSJ9.tFemjgmJnL5a5D1JT7SG_SMyR2UoWB10yeTYiDT8_S2sO9GwsgpSycAoHLOmWDIu11tSXASr4Jiv5iUssdWATWb1OaZDiGMA-_6YbESd0Etkil6RURiRh5Ex0-7RNlZTxPOtcqW7dLWOF6fdwqVtdGxTRV8dsjVR34ZYtGIPD_z7sJBBekYOaQQ-Hv4UFhzVAhOxP2OgvajmCh4UYq7eA3BnU-nbseMB9J1KlZX7wvnnMXLTboBqJxrXYXx9Fue2T4X4Boha2HKQwecuBsUh5uTzb_SL6x-uK4f0usVHeW8.7QSCjCkbdElcTF2e529nWJAE3f5uyaCmc70uUTZ74gQ&dib_tag=se&keywords=bags&qid=1763313085&sr=8-1,Bags,2025-11-16 17:11:26
B09VZGFNMT,"YoYoRain White Thank you T shirt bag, Grocery shopping bag Reusable and Disposable Supermarket Bag 11''x6''x21'' 100PCS",Other Bag,N/A,N/A,White,Unisex,7.,$0.07,N/A,4.7 out of 5 stars,0,No,4.7,N/A,N/A,https://www.amazon.com/Grocery-Reusable-Disposable-Perfect-Business/dp/B09VZGFNMT/ref=sr_1_2?dib=eyJ2IjoiMSJ9.tFemjgmJnL5a5D1JT7SG_SMyR2UoWB10yeTYiDT8_S2sO9GwsgpSycAoHLOmWDIu11tSXASr4Jiv5iUssdWATWb1OaZDiGMA-_6YbESd0Etkil6RURiRh5Ex0-7RNlZTxPOtcqW7dLWOF6fdwqVtdGxTRV8dsjVR34ZYtGIPD_z7sJBBekYOaQQ-Hv4UFhzVAhOxP2OgvajmCh4UYq7eA3BnU-nbseMB9J1KlZX7wvnnMXLTboBqJxrXYXx9Fue2T4X4Boha2HKQwecuBsUh5uTzb_SL6x-uK4f0usVHeW8.7QSCjCkbdElcTF2e529nWJAE3f5uyaCmc70uUTZ74gQ&dib_tag=se&keywords=bags&qid=1763313085&sr=8-2,Bags,2025-11-16 17:11:26
B0FSJ2MGN7,"Ouchlove Women's Chic Mini Oval Bag, Adjustable Crossbody & Shoulder Strap for Stylish Daily Use",Crossbody Bag,N/A,N/A,N/A,Women,69.,69.,N/A,N/A,0,No,Available,N/A,N/A,https://www.amazon.com/CT40699-Leather-Crossbody-Hardware-17-5x6x13/dp/B0FSJ2MGN7/ref=sr_1_3?dib=eyJ2IjoiMSJ9.tFemjgmJnL5a5D1JT7SG_SMyR2UoWB10yeTYiDT8_S2sO9GwsgpSycAoHLOmWDIu11tSXASr4Jiv5iUssdWATWb1OaZDiGMA-_6YbESd0Etkil6RURiRh5Ex0-7RNlZTxPOtcqW7dLWOF6fdwqVtdGxTRV8dsjVR34ZYtGIPD_z7sJBBekYOaQQ-Hv4UFhzVAhOxP2OgvajmCh4UYq7eA3BnU-nbseMB9J1KlZX7wvnnMXLTboBqJxrXYXx9Fue2T4X4Boha2HKQwecuBsUh5uTzb_SL6x-uK4f0usVHeW8.7QSCjCkbdElcTF2e529nWJAE3f5uyaCmc70uUTZ74gQ&dib_tag=se&keywords=bags&qid=1763313085&sr=8-3,Bags,2025-11-16 17:11:26
B0854J48FD,Reli. Plastic Bags Thank You (1050 Count) | White Grocery Bags with Handles | Shopping (Plastic),Other Bag,N/A,N/A,White,Unisex,33.,$0.03,N/A,4.6 out of 5 stars,0,No,4.6,N/A,N/A,https://www.amazon.com/Reli-Thank-T-Shirt-Count-Plastic/dp/B0854J48FD/ref=sr_1_4?dib=eyJ2IjoiMSJ9.tFemjgmJnL5a5D1JT7SG_SMyR2UoWB10yeTYiDT8_S2sO9GwsgpSycAoHLOmWDIu11tSXASr4Jiv5iUssdWATWb1OaZDiGMA-_6YbESd0Etkil6RURiRh5Ex0-7RNlZTxPOtcqW7dLWOF6fdwqVtdGxTRV8dsjVR34ZYtGIPD_z7sJBBekYOaQQ-Hv4UFhzVAhOxP2OgvajmCh4UYq7eA3BnU-nbseMB9J1KlZX7wvnnMXLTboBqJxrXYXx9Fue2T4X4Boha2HKQwecuBsUh5uTzb_SL6x-uK4f0usVHeW8.7QSCjCkbdElcTF2e529nWJAE3f5uyaCmc70uUTZ74gQ&dib_tag=se&keywords=bags&qid=1763313085&sr=8-4,Bags,2025-11-16 17:11:26
B0CTKTPKV8,"Amazon Basics 13 Gallon Tall Kitchen Drawstring Trash Bags, Clean Fresh Scent, 10% Post Consumer Recycled, 80 count",Other Bag,N/A,N/A,N/A,Unisex,10.,$0.13,N/A,4.3 out of 5 stars,0,No,1 Count (Pack of 80),N/A,N/A,https://www.amazon.com/Amazon-Basics-Kitchen-Consumer-Recycled/dp/B0CTKTPKV8/ref=sr_1_5?dib=eyJ2IjoiMSJ9.tFemjgmJnL5a5D1JT7SG_SMyR2UoWB10yeTYiDT8_S2sO9GwsgpSycAoHLOmWDIu11tSXASr4Jiv5iUssdWATWb1OaZDiGMA-_6YbESd0Etkil6RURiRh5Ex0-7RNlZTxPOtcqW7dLWOF6fdwqVtdGxTRV8dsjVR34ZYtGIPD_z7sJBBekYOaQQ-Hv4UFhzVAhOxP2OgvajmCh4UYq7eA3BnU-nbseMB9J1KlZX7wvnnMXLTboBqJxrXYXx9Fue2T4X4Boha2HKQwecuBsUh5uTzb_SL6x-uK4f0usVHeW8.7QSCjCkbdElcTF2e529nWJAE3f5uyaCmc70uUTZ74gQ&dib_tag=se&keywords=bags&qid=1763313085&sr=8-5,Bags,2025-11-16 17:11:26
B07QN8H9TD,"Reli. T-shirt Bags (300 Count) (Black) (11.5"" x 6.5"" x 21"") - Black Plastic Bags (Plain) - Grocery, Shopping, Restaurants",Other Bag,N/A,N/A,Black,Unisex,19.,$0.07,N/A,4.3 out of 5 stars,0,No,4.3,N/A,N/A,https://www.amazon.com/Reli-T-shirt-Bags-Count-11-5/dp/B07QN8H9TD/ref=sr_1_6?dib=eyJ2IjoiMSJ9.tFemjgmJnL5a5D1JT7SG_SMyR2UoWB10yeTYiDT8_S2sO9GwsgpSycAoHLOmWDIu11tSXASr4Jiv5iUssdWATWb1OaZDiGMA-_6YbESd0Etkil6RURiRh5Ex0-7RNlZTxPOtcqW7dLWOF6fdwqVtdGxTRV8dsjVR34ZYtGIPD_z7sJBBekYOaQQ-Hv4UFhzVAhOxP2OgvajmCh4UYq7eA3BnU-nbseMB9J1KlZX7wvnnMXLTboBqJxrXYXx9Fue2T4X4Boha2HKQwecuBsUh5uTzb_SL6x-uK4f0usVHeW8.7QSCjCkbdElcTF2e529nWJAE3f5uyaCmc70uUTZ74gQ&dib_tag=se&keywords=bags&qid=1763313085&sr=8-6,Bags,2025-11-16 17:11:26
B093WMWKBP,"Amazon Basics Reclosable Gallon Food Storage Bags, BPA Free, 120 Count",Other Bag,N/A,N/A,N/A,Unisex,7.,$0.06,N/A,4.6 out of 5 stars,0,No,4.6,N/A,N/A,https://www.amazon.com/Amazon-Basics-Gallon-Storage-Count/dp/B093WMWKBP/ref=sr_1_7?dib=eyJ2IjoiMSJ9.tFemjgmJnL5a5D1JT7SG_SMyR2UoWB10yeTYiDT8_S2sO9GwsgpSycAoHLOmWDIu11tSXASr4Jiv5iUssdWATWb1OaZDiGMA-_6YbESd0Etkil6RURiRh5Ex0-7RNlZTxPOtcqW7dLWOF6fdwqVtdGxTRV8dsjVR34ZYtGIPD_z7sJBBekYOaQQ-Hv4UFhzVAhOxP2OgvajmCh4UYq7eA3BnU-nbseMB9J1KlZX7wvnnMXLTboBqJxrXYXx9Fue2T4X4Boha2HKQwecuBsUh5uTzb_SL6x-uK4f0usVHeW8.7QSCjCkbdElcTF2e529nWJAE3f5uyaCmc70uUTZ74gQ&dib_tag=se&keywords=bags&qid=1763313085&rdc=1&sr=8-7,Bags,2025-11-16 17:11:26
B093X8QQ12,"Amazon Basics Trash Bags, Tall Kitchen Drawstring, Unscented, 13 Gallon, 120 Count, Pack of 1",Other Bag,N/A,N/A,N/A,Unisex,16.,$0.13,,4.5 out of 5 stars,0,No,120 Count (Pack of 1),N/A,N/A,https://www.amazon.com/Amazon-Basics-Kitchen-Drawstring-Gallon/dp/B093X8QQ12/ref=sr_1_8?dib=eyJ2IjoiMSJ9.tFemjgmJnL5a5D1JT7SG_SMyR2UoWB10yeTYiDT8_S2sO9GwsgpSycAoHLOmWDIu11tSXASr4Jiv5iUssdWATWb1OaZDiGMA-_6YbESd0Etkil6RURiRh5Ex0-7RNlZTxPOtcqW7dLWOF6fdwqVtdGxTRV8dsjVR34ZYtGIPD_z7sJBBekYOaQQ-Hv4UFhzVAhOxP2OgvajmCh4UYq7eA3BnU-nbseMB9J1KlZX7wvnnMXLTboBqJxrXYXx9Fue2T4X4Boha2HKQwecuBsUh5uTzb_SL6x-uK4f0usVHeW8.7QSCjCkbdElcTF2e529nWJAE3f5uyaCmc70uUTZ74gQ&dib_tag=se&keywords=bags&qid=1763313085&rdc=1&sr=8-8,Bags,2025-11-16 17:11:26
B095PQ6SX7,"Amazon Basics Sandwich Storage Bags, 300 Count (Previously Solimo)",Other Bag,N/A,N/A,N/A,Unisex,6.,$0.02,N/A,4.7 out of 5 stars,0,No,300 Count (Pack of 1),N/A,N/A,https://www.amazon.com/Amazon-Basics-Sandwich-Storage-Previously/dp/B095PQ6SX7/ref=sr_1_9?dib=eyJ2IjoiMSJ9.tFemjgmJnL5a5D1JT7SG_SMyR2UoWB10yeTYiDT8_S2sO9GwsgpSycAoHLOmWDIu11tSXASr4Jiv5iUssdWATWb1OaZDiGMA-_6YbESd0Etkil6RURiRh5Ex0-7RNlZTxPOtcqW7dLWOF6fdwqVtdGxTRV8dsjVR34ZYtGIPD_z7sJBBekYOaQQ-Hv4UFhzVAhOxP2OgvajmCh4UYq7eA3BnU-nbseMB9J1KlZX7wvnnMXLTboBqJxrXYXx9Fue2T4X4Boha2HKQwecuBsUh5uTzb_SL6x-uK4f0usVHeW8.7QSCjCkbdElcTF2e529nWJAE3f5uyaCmc70uUTZ74gQ&dib_tag=se&keywords=bags&qid=1763313085&rdc=1&sr=8-9,Bags,2025-11-16 17:11:26
B0DGF616XN,"6 Pack Extra Heavy Duty Large Moving Bags with Strong Zipper & Comfortable Handles, Sturdy & Durable Clothes Storage Bags Totes Bins, Blue Packing Moving Boxes for College Supplies, Dark Blue",Tote Bag,N/A,N/A,Blue,Unisex,23.,$4.00,N/A,4.8 out of 5 stars,0,No,4.8,N/A,N/A,https://www.amazon.com/Comfortable-Handles-Durable-Clothes-Supplies/dp/B0DGF616XN/ref=sr_1_10?dib=eyJ2IjoiMSJ9.tFemjgmJnL5a5D1JT7SG_SMyR2UoWB10yeTYiDT8_S2sO9GwsgpSycAoHLOmWDIu11tSXASr4Jiv5iUssdWATWb1OaZDiGMA-_6YbESd0Etkil6RURiRh5Ex0-7RNlZTxPOtcqW7dLWOF6fdwqVtdGxTRV8dsjVR34ZYtGIPD_z7sJBBekYOaQQ-Hv4UFhzVAhOxP2OgvajmCh4UYq7eA3BnU-nbseMB9J1KlZX7wvnnMXLTboBqJxrXYXx9Fue2T4X4Boha2HKQwecuBsUh5uTzb_SL6x-uK4f0usVHeW8.7QSCjCkbdElcTF2e529nWJAE3f5uyaCmc70uUTZ74gQ&dib_tag=se&keywords=bags&qid=1763313085&sr=8-10,Bags,2025-11-16 17:11:26
B0BWMV956C,"Brothersbox Small Brown Paper Bags with Handles 100PCS, 5.25 * 3.25 * 8 Inch Kraft Gift Bags Bulk for Craft Shopping Business Party Favor Retail Birthday Grocery",Other Bag,N/A,N/A,Brown,Unisex,19.,$0.20,N/A,4.8 out of 5 stars,0,No,Kraft brown,N/A,N/A,https://www.amazon.com/Brothersbox-Handles-Birthday-Shopping-Business/dp/B0BWMV956C/ref=sr_1_11?dib=eyJ2IjoiMSJ9.tFemjgmJnL5a5D1JT7SG_SMyR2UoWB10yeTYiDT8_S2sO9GwsgpSycAoHLOmWDIu11tSXASr4Jiv5iUssdWATWb1OaZDiGMA-_6YbESd0Etkil6RURiRh5Ex0-7RNlZTxPOtcqW7dLWOF6fdwqVtdGxTRV8dsjVR34ZYtGIPD_z7sJBBekYOaQQ-Hv4UFhzVAhOxP2OgvajmCh4UYq7eA3BnU-nbseMB9J1KlZX7wvnnMXLTboBqJxrXYXx9Fue2T4X4Boha2HKQwecuBsUh5uTzb_SL6x-uK4f0usVHeW8.7QSCjCkbdElcTF2e529nWJAE3f5uyaCmc70uUTZ74gQ&dib_tag=se&keywords=bags&qid=1763313085&sr=8-11,Bags,2025-11-16 17:11:26
B0C13GRG4D,"Toovip 90 Pack Plain Brown Kraft Paper Bags with Handles Bulk, Multiple 3 Assorted Sizes Gift Bags for Favors Grocery Retail Party Birthday Shopping Business Goody Craft Merchandise Take Out Sacks",Other Bag,N/A,N/A,Brown,Unisex,25.,$0.29,N/A,4.8 out of 5 stars,0,No,Brown,N/A,N/A,https://www.amazon.com/Toovip-Paper-Bags-Multiple-Merchandise/dp/B0C13GRG4D/ref=sr_1_12?dib=eyJ2IjoiMSJ9.tFemjgmJnL5a5D1JT7SG_SMyR2UoWB10yeTYiDT8_S2sO9GwsgpSycAoHLOmWDIu11tSXASr4Jiv5iUssdWATWb1OaZDiGMA-_6YbESd0Etkil6RURiRh5Ex0-7RNlZTxPOtcqW7dLWOF6fdwqVtdGxTRV8dsjVR34ZYtGIPD_z7sJBBekYOaQQ-Hv4UFhzVAhOxP2OgvajmCh4UYq7eA3BnU-nbseMB9J1KlZX7wvnnMXLTboBqJxrXYXx9Fue2T4X4Boha2HKQwecuBsUh5uTzb_SL6x-uK4f0usVHeW8.7QSCjCkbdElcTF2e529nWJAE3f5uyaCmc70uUTZ74gQ&dib_tag=se&keywords=bags&qid=1763313085&sr=8-12,Bags,2025-11-16 17:11:26
B0CDWQF1XB,"XPCARE 100Pcs Paper Gift Bags 5.25x3.25x8.25'', Small Paper Bag with Handles Bulk Shopping,Kraft,Retail,Party Bags for Small Business (Brown)",Other Bag,N/A,N/A,Brown,Unisex,21.,$0.22,N/A,4.8 out of 5 stars,0,No,Brown-100Count,N/A,N/A,https://www.amazon.com/XPCARE-100Pcs-5-25x3-25x8-25-Handles-Shopping/dp/B0CDWQF1XB/ref=sr_1_13?dib=eyJ2IjoiMSJ9.tFemjgmJnL5a5D1JT7SG_SMyR2UoWB10yeTYiDT8_S2sO9GwsgpSycAoHLOmWDIu11tSXASr4Jiv5iUssdWATWb1OaZDiGMA-_6YbESd0Etkil6RURiRh5Ex0-7RNlZTxPOtcqW7dLWOF6fdwqVtdGxTRV8dsjVR34ZYtGIPD_z7sJBBekYOaQQ-Hv4UFhzVAhOxP2OgvajmCh4UYq7eA3BnU-nbseMB9J1KlZX7wvnnMXLTboBqJxrXYXx9Fue2T4X4Boha2HKQwecuBsUh5uTzb_SL6x-uK4f0usVHeW8.7QSCjCkbdElcTF2e529nWJAE3f5uyaCmc70uUTZ74gQ&dib_tag=se&keywords=bags&qid=1763313085&sr=8-13,Bags,2025-11-16 17:11:26
B07DY4GLMW,Reli. SuperValue 13 Gallon Trash Bags | 1000 Count Bulk | Tall Kitchen | Can Liners | Clear Multi-Use Garbage Bags,Other Bag,N/A,N/A,N/A,Unisex,52.,$0.05,,4.1 out of 5 stars,0,No,4.1,N/A,N/A,https://www.amazon.com/Reli-SuperValue-Kitchen-Multi-Use-Garbage/dp/B07DY4GLMW/ref=sr_1_14?dib=eyJ2IjoiMSJ9.tFemjgmJnL5a5D1JT7SG_SMyR2UoWB10yeTYiDT8_S2sO9GwsgpSycAoHLOmWDIu11tSXASr4Jiv5iUssdWATWb1OaZDiGMA-_6YbESd0Etkil6RURiRh5Ex0-7RNlZTxPOtcqW7dLWOF6fdwqVtdGxTRV8dsjVR34ZYtGIPD_z7sJBBekYOaQQ-Hv4UFhzVAhOxP2OgvajmCh4UYq7eA3BnU-nbseMB9J1KlZX7wvnnMXLTboBqJxrXYXx9Fue2T4X4Boha2HKQwecuBsUh5uTzb_SL6x-uK4f0usVHeW8.7QSCjCkbdElcTF2e529nWJAE3f5uyaCmc70uUTZ74gQ&dib_tag=se&keywords=bags&qid=1763313085&sr=8-14,Bags,2025-11-16 17:11:26
B087Y269V2,"Reli. Paper Grocery Bags w/Handles (100 Pcs, Bulk)(12""x7""x14"") Large Paper Grocery Bags with Handles - Heavy Duty 57 Lbs Basis - Shopping, Takeout/To Go, Retail (Brown/Kraft)",Other Bag,N/A,N/A,Brown,Unisex,39.,$0.40,N/A,4.5 out of 5 stars,0,No,4.5,N/A,N/A,https://www.amazon.com/Reli-Paper-Grocery-Handles-Shopping/dp/B087Y269V2/ref=sr_1_15?dib=eyJ2IjoiMSJ9.tFemjgmJnL5a5D1JT7SG_SMyR2UoWB10yeTYiDT8_S2sO9GwsgpSycAoHLOmWDIu11tSXASr4Jiv5iUssdWATWb1OaZDiGMA-_6YbESd0Etkil6RURiRh5Ex0-7RNlZTxPOtcqW7dLWOF6fdwqVtdGxTRV8dsjVR34ZYtGIPD_z7sJBBekYOaQQ-Hv4UFhzVAhOxP2OgvajmCh4UYq7eA3BnU-nbseMB9J1KlZX7wvnnMXLTboBqJxrXYXx9Fue2T4X4Boha2HKQwecuBsUh5uTzb_SL6x-uK4f0usVHeW8.7QSCjCkbdElcTF2e529nWJAE3f5uyaCmc70uUTZ74gQ&dib_tag=se&keywords=bags&qid=1763313085&sr=8-15,Bags,2025-11-16 17:11:26
B01N1V8T9R,"BagDream Gift Bags 8x4.25x10.5 100Pcs Brown Paper Gift Bags with Handles Bulk for Wedding, Party Favor, Grocery, Shopping, Retail, Merchandise Medium Kraft Paper Sacks",Other Bag,N/A,N/A,Brown,Unisex,23.,$0.23,N/A,4.7 out of 5 stars,0,No,Brown,N/A,N/A,https://www.amazon.com/BagDream-8x4-25x10-5-Handles-Shopping-Merchandise/dp/B01N1V8T9R/ref=sr_1_16?dib=eyJ2IjoiMSJ9.tFemjgmJnL5a5D1JT7SG_SMyR2UoWB10yeTYiDT8_S2sO9GwsgpSycAoHLOmWDIu11tSXASr4Jiv5iUssdWATWb1OaZDiGMA-_6YbESd0Etkil6RURiRh5Ex0-7RNlZTxPOtcqW7dLWOF6fdwqVtdGxTRV8dsjVR34ZYtGIPD_z7sJBBekYOaQQ-Hv4UFhzVAhOxP2OgvajmCh4UYq7eA3BnU-nbseMB9J1KlZX7wvnnMXLTboBqJxrXYXx9Fue2T4X4Boha2HKQwecuBsUh5uTzb_SL6x-uK4f0usVHeW8.7QSCjCkbdElcTF2e529nWJAE3f5uyaCmc70uUTZ74gQ&dib_tag=se&keywords=bags&qid=1763313085&sr=8-16,Bags,2025-11-16 17:11:26
B09QW6DWGT,"YoYoRain 1000 Pack White Thank You T-Shirt Bags with Handles, 11""x6""x21"" Plastic Shopping Bags for Grocery, Retail & Takeout",Other Bag,N/A,N/A,White,Unisex,32.,32.,N/A,4.8 out of 5 stars,0,No,4.8,N/A,N/A,https://www.amazon.com/YoYoRain-T-Shirt-Handles-Plastic-Shopping/dp/B09QW6DWGT/ref=sr_1_17?dib=eyJ2IjoiMSJ9.tFemjgmJnL5a5D1JT7SG_SMyR2UoWB10yeTYiDT8_S2sO9GwsgpSycAoHLOmWDIu11tSXASr4Jiv5iUssdWATWb1OaZDiGMA-_6YbESd0Etkil6RURiRh5Ex0-7RNlZTxPOtcqW7dLWOF6fdwqVtdGxTRV8dsjVR34ZYtGIPD_z7sJBBekYOaQQ-Hv4UFhzVAhOxP2OgvajmCh4UYq7eA3BnU-nbseMB9J1KlZX7wvnnMXLTboBqJxrXYXx9Fue2T4X4Boha2HKQwecuBsUh5uTzb_SL6x-uK4f0usVHeW8.7QSCjCkbdElcTF2e529nWJAE3f5uyaCmc70uUTZ74gQ&dib_tag=se&keywords=bags&qid=1763313085&sr=8-17,Bags,2025-11-16 17:11:26
B00NABTG60,"Amazon Basics Dog Poop Bags with Dispenser, 600 Count, Enhanced for Guaranteed Leakproof, Unscented, Includes Leash Clip",Other Bag,N/A,N/A,N/A,Unisex,13.,$0.02,N/A,4.8 out of 5 stars,0,No,4.8,N/A,N/A,https://www.amazon.com/AmazonBasics-Waste-Bags-Dispenser-Leash/dp/B00NABTG60/ref=sr_1_18?dib=eyJ2IjoiMSJ9.tFemjgmJnL5a5D1JT7SG_SMyR2UoWB10yeTYiDT8_S2sO9GwsgpSycAoHLOmWDIu11tSXASr4Jiv5iUssdWATWb1OaZDiGMA-_6YbESd0Etkil6RURiRh5Ex0-7RNlZTxPOtcqW7dLWOF6fdwqVtdGxTRV8dsjVR34ZYtGIPD_z7sJBBekYOaQQ-Hv4UFhzVAhOxP2OgvajmCh4UYq7eA3BnU-nbseMB9J1KlZX7wvnnMXLTboBqJxrXYXx9Fue2T4X4Boha2HKQwecuBsUh5uTzb_SL6x-uK4f0usVHeW8.7QSCjCkbdElcTF2e529nWJAE3f5uyaCmc70uUTZ74gQ&dib_tag=se&keywords=bags&qid=1763313085&rdc=1&sr=8-18,Bags,2025-11-16 17:11:26
B01BZ0N69U,"Hefty Strong Large Trash Bags, Black, 30 Gallon, 74 Count",Other Bag,N/A,N/A,Black,Unisex,18.,$0.25,,4.8 out of 5 stars,0,No,4.8,N/A,N/A,https://www.amazon.com/Hefty-Strong-Large-Gallon-Trash/dp/B01BZ0N69U/ref=sr_1_19?dib=eyJ2IjoiMSJ9.tFemjgmJnL5a5D1JT7SG_SMyR2UoWB10yeTYiDT8_S2sO9GwsgpSycAoHLOmWDIu11tSXASr4Jiv5iUssdWATWb1OaZDiGMA-_6YbESd0Etkil6RURiRh5Ex0-7RNlZTxPOtcqW7dLWOF6fdwqVtdGxTRV8dsjVR34ZYtGIPD_z7sJBBekYOaQQ-Hv4UFhzVAhOxP2OgvajmCh4UYq7eA3BnU-nbseMB9J1KlZX7wvnnMXLTboBqJxrXYXx9Fue2T4X4Boha2HKQwecuBsUh5uTzb_SL6x-uK4f0usVHeW8.7QSCjCkbdElcTF2e529nWJAE3f5uyaCmc70uUTZ74gQ&dib_tag=se&keywords=bags&qid=1763313085&rdc=1&sr=8-19,Bags,2025-11-16 17:11:26
B098991PPP,"SpaceAid Heavy Duty Moving Bags 8 Pack, Large Storage Totes Bins with Backpack Straps, Strong Handles & Zippers, Packing Moving Boxes Supplies, College Dorm Room Essentials, Black",Backpack,N/A,N/A,Black,Unisex,25.,$3.21,N/A,4.6 out of 5 stars,0,No,4.6,N/A,Save 31%,https://www.amazon.com/SpaceAid-Storage-Backpack-Alternative-Supplies/dp/B098991PPP/ref=sr_1_20?dib=eyJ2IjoiMSJ9.tFemjgmJnL5a5D1JT7SG_SMyR2UoWB10yeTYiDT8_S2sO9GwsgpSycAoHLOmWDIu11tSXASr4Jiv5iUssdWATWb1OaZDiGMA-_6YbESd0Etkil6RURiRh5Ex0-7RNlZTxPOtcqW7dLWOF6fdwqVtdGxTRV8dsjVR34ZYtGIPD_z7sJBBekYOaQQ-Hv4UFhzVAhOxP2OgvajmCh4UYq7eA3BnU-nbseMB9J1KlZX7wvnnMXLTboBqJxrXYXx9Fue2T4X4Boha2HKQwecuBsUh5uTzb_SL6x-uK4f0usVHeW8.7QSCjCkbdElcTF2e529nWJAE3f5uyaCmc70uUTZ74gQ&dib_tag=se&keywords=bags&qid=1763313085&sr=8-20,Bags,2025-11-16 17:11:26
B07V3HLBVF,"bagmad 100 Pack 8x4.75x10 Inch Plain Medium Paper Bags with Handles Bulk, Brown Kraft Craft Gift Bags, Grocery Shopping Retail Birthday Party Favors Wedding Sacks (Natural Brown, 100pcs)",Other Bag,N/A,N/A,Brown,Unisex,26.,$0.26,,4.8 out of 5 stars,0,No,Brown,N/A,N/A,https://www.amazon.com/Handles-8x4-75x10-Grocery-Shopping-Wedding/dp/B07V3HLBVF/ref=sr_1_21?dib=eyJ2IjoiMSJ9.tFemjgmJnL5a5D1JT7SG_SMyR2UoWB10yeTYiDT8_S2sO9GwsgpSycAoHLOmWDIu11tSXASr4Jiv5iUssdWATWb1OaZDiGMA-_6YbESd0Etkil6RURiRh5Ex0-7RNlZTxPOtcqW7dLWOF6fdwqVtdGxTRV8dsjVR34ZYtGIPD_z7sJBBekYOaQQ-Hv4UFhzVAhOxP2OgvajmCh4UYq7eA3BnU-nbseMB9J1KlZX7wvnnMXLTboBqJxrXYXx9Fue2T4X4Boha2HKQwecuBsUh5uTzb_SL6x-uK4f0usVHeW8.7QSCjCkbdElcTF2e529nWJAE3f5uyaCmc70uUTZ74gQ&dib_tag=se&keywords=bags&qid=1763313085&sr=8-21,Bags,2025-11-16 17:11:26
B07K2TKK26,"Ubbi Disposable Diaper Sacks, Lavender Scented, Easy-To-Tie Tabs, Diaper Disposal or Pet Waste Bags, 200 Count",Other Bag,N/A,N/A,N/A,Unisex,7.,$0.04,N/A,4.8 out of 5 stars,0,No,200 Count (Pack of 1),N/A,N/A,https://www.amazon.com/Ubbi-Disposable-Lavender-Recycled-Material/dp/B07K2TKK26/ref=sr_1_22?dib=eyJ2IjoiMSJ9.tFemjgmJnL5a5D1JT7SG_SMyR2UoWB10yeTYiDT8_S2sO9GwsgpSycAoHLOmWDIu11tSXASr4Jiv5iUssdWATWb1OaZDiGMA-_6YbESd0Etkil6RURiRh5Ex0-7RNlZTxPOtcqW7dLWOF6fdwqVtdGxTRV8dsjVR34ZYtGIPD_z7sJBBekYOaQQ-Hv4UFhzVAhOxP2OgvajmCh4UYq7eA3BnU-nbseMB9J1KlZX7wvnnMXLTboBqJxrXYXx9Fue2T4X4Boha2HKQwecuBsUh5uTzb_SL6x-uK4f0usVHeW8.7QSCjCkbdElcTF2e529nWJAE3f5uyaCmc70uUTZ74gQ&dib_tag=se&keywords=bags&qid=1763313085&sr=8-22,Bags,2025-11-16 17:11:26
B078MJZYWX,"BagDream 16x6x12 Inches 50Pcs Brown Kraft Paper Bags with Handles Bulk, Large Gift Bags for Shopping, Grocery, Retai, Merchandise, Party Favor Gifts, Recyclable Paper Sacks",Other Bag,N/A,N/A,Brown,Unisex,29.,$0.59,N/A,4.5 out of 5 stars,0,No,Brown,N/A,N/A,https://www.amazon.com/BagDream-16x6x12-Shopping-Mechandise-Recyclable/dp/B078MJZYWX/ref=sr_1_23?dib=eyJ2IjoiMSJ9.tFemjgmJnL5a5D1JT7SG_SMyR2UoWB10yeTYiDT8_S2sO9GwsgpSycAoHLOmWDIu11tSXASr4Jiv5iUssdWATWb1OaZDiGMA-_6YbESd0Etkil6RURiRh5Ex0-7RNlZTxPOtcqW7dLWOF6fdwqVtdGxTRV8dsjVR34ZYtGIPD_z7sJBBekYOaQQ-Hv4UFhzVAhOxP2OgvajmCh4UYq7eA3BnU-nbseMB9J1KlZX7wvnnMXLTboBqJxrXYXx9Fue2T4X4Boha2HKQwecuBsUh5uTzb_SL6x-uK4f0usVHeW8.7QSCjCkbdElcTF2e529nWJAE3f5uyaCmc70uUTZ74gQ&dib_tag=se&keywords=bags&qid=1763313085&sr=8-23,Bags,2025-11-16 17:11:26
B01GNWA6JI,"TashiBox Shopping Bags/Thank You Bags/Reusable and Disposable Grocery Bag - Measures 11.5"""" X 6.25"""" X 21"""", 15mic, 0.6 Mil (308)"", transparent (Bag-308)",Other Bag,N/A,N/A,N/A,Unisex,13.,$16.99,N/A,4.7 out of 5 stars,0,No,4.7,N/A,Limited time deal,https://www.amazon.com/TashiBox-plastic-Shopping-Reusable-Disposable/dp/B01GNWA6JI/ref=sr_1_24?dib=eyJ2IjoiMSJ9.tFemjgmJnL5a5D1JT7SG_SMyR2UoWB10yeTYiDT8_S2sO9GwsgpSycAoHLOmWDIu11tSXASr4Jiv5iUssdWATWb1OaZDiGMA-_6YbESd0Etkil6RURiRh5Ex0-7RNlZTxPOtcqW7dLWOF6fdwqVtdGxTRV8dsjVR34ZYtGIPD_z7sJBBekYOaQQ-Hv4UFhzVAhOxP2OgvajmCh4UYq7eA3BnU-nbseMB9J1KlZX7wvnnMXLTboBqJxrXYXx9Fue2T4X4Boha2HKQwecuBsUh5uTzb_SL6x-uK4f0usVHeW8.7QSCjCkbdElcTF2e529nWJAE3f5uyaCmc70uUTZ74gQ&dib_tag=se&keywords=bags&qid=1763313085&sr=8-24,Bags,2025-11-16 17:11:26
B00NABTC8M,"Amazon Basics Dog Poop Bags with Dispenser, 300 Count, Enhanced for Guaranteed Leakproof, Unscented, Includes Leash Clip",Other Bag,N/A,N/A,N/A,Unisex,9.,$0.03,N/A,4.8 out of 5 stars,0,No,4.8,N/A,N/A,https://www.amazon.com/AmazonBasics-Waste-Bags-Dispenser-Leash/dp/B00NABTC8M/ref=sr_1_25?dib=eyJ2IjoiMSJ9.tFemjgmJnL5a5D1JT7SG_SMyR2UoWB10yeTYiDT8_S2sO9GwsgpSycAoHLOmWDIu11tSXASr4Jiv5iUssdWATWb1OaZDiGMA-_6YbESd0Etkil6RURiRh5Ex0-7RNlZTxPOtcqW7dLWOF6fdwqVtdGxTRV8dsjVR34ZYtGIPD_z7sJBBekYOaQQ-Hv4UFhzVAhOxP2OgvajmCh4UYq7eA3BnU-nbseMB9J1KlZX7wvnnMXLTboBqJxrXYXx9Fue2T4X4Boha2HKQwecuBsUh5uTzb_SL6x-uK4f0usVHeW8.7QSCjCkbdElcTF2e529nWJAE3f5uyaCmc70uUTZ74gQ&dib_tag=se&keywords=bags&qid=1763313085&rdc=1&sr=8-25,Bags,2025-11-16 17:11:26
B07V3J3Y5V,"bagmad 100 Pack 5.25x3.25x8 Inch Brown Small Paper Bags with Handles Bulk, Gift Paper Bags, Kraft Birthday Party Favors Grocery Retail Shopping Takeouts Business Craft sacks (Plain Natural 100pcs)",Other Bag,N/A,N/A,Brown,Unisex,21.,$0.22,N/A,4.8 out of 5 stars,0,No,Brown,N/A,N/A,https://www.amazon.com/bagmad-5-25x3-25x8-Brown-Small-Handles/dp/B07V3J3Y5V/ref=sr_1_26?dib=eyJ2IjoiMSJ9.tFemjgmJnL5a5D1JT7SG_SMyR2UoWB10yeTYiDT8_S2sO9GwsgpSycAoHLOmWDIu11tSXASr4Jiv5iUssdWATWb1OaZDiGMA-_6YbESd0Etkil6RURiRh5Ex0-7RNlZTxPOtcqW7dLWOF6fdwqVtdGxTRV8dsjVR34ZYtGIPD_z7sJBBekYOaQQ-Hv4UFhzVAhOxP2OgvajmCh4UYq7eA3BnU-nbseMB9J1KlZX7wvnnMXLTboBqJxrXYXx9Fue2T4X4Boha2HKQwecuBsUh5uTzb_SL6x-uK4f0usVHeW8.7QSCjCkbdElcTF2e529nWJAE3f5uyaCmc70uUTZ74gQ&dib_tag=se&keywords=bags&qid=1763313085&sr=8-26,Bags,2025-11-16 17:11:26
B00BSYR7K8,"Earth Rated Poop Bags for Dogs, Guaranteed Leak Proof and Extra Thick Waste Bag Refill Rolls, Lavender Scented, 270 Bags",Other Bag,N/A,N/A,N/A,Unisex,13.,$0.05,N/A,4.8 out of 5 stars,0,No,4.8,N/A,N/A,https://www.amazon.com/Earth-Rated-Lavender-Scented-Completely/dp/B00BSYR7K8/ref=sr_1_27?dib=eyJ2IjoiMSJ9.tFemjgmJnL5a5D1JT7SG_SMyR2UoWB10yeTYiDT8_S2sO9GwsgpSycAoHLOmWDIu11tSXASr4Jiv5iUssdWATWb1OaZDiGMA-_6YbESd0Etkil6RURiRh5Ex0-7RNlZTxPOtcqW7dLWOF6fdwqVtdGxTRV8dsjVR34ZYtGIPD_z7sJBBekYOaQQ-Hv4UFhzVAhOxP2OgvajmCh4UYq7eA3BnU-nbseMB9J1KlZX7wvnnMXLTboBqJxrXYXx9Fue2T4X4Boha2HKQwecuBsUh5uTzb_SL6x-uK4f0usVHeW8.7QSCjCkbdElcTF2e529nWJAE3f5uyaCmc70uUTZ74gQ&dib_tag=se&keywords=bags&qid=1763313085&sr=8-27,Bags,2025-11-16 17:11:26
B093STG6TV,"WISELIFE Reusable Grocery Shopping Bags 10 Pack Large Foldable Tote Bags Bulk, Eco Produce Bags with Long Handle for Shopping Groceries Clothes (Grey&Black)",Tote Bag,N/A,N/A,Black,Unisex,15.,$1.60,N/A,4.4 out of 5 stars,0,No,4.4,N/A,N/A,https://www.amazon.com/WISELIFE-Reusable-Shopping-Foldable-Groceries/dp/B093STG6TV/ref=sr_1_28?dib=eyJ2IjoiMSJ9.tFemjgmJnL5a5D1JT7SG_SMyR2UoWB10yeTYiDT8_S2sO9GwsgpSycAoHLOmWDIu11tSXASr4Jiv5iUssdWATWb1OaZDiGMA-_6YbESd0Etkil6RURiRh5Ex0-7RNlZTxPOtcqW7dLWOF6fdwqVtdGxTRV8dsjVR34ZYtGIPD_z7sJBBekYOaQQ-Hv4UFhzVAhOxP2OgvajmCh4UYq7eA3BnU-nbseMB9J1KlZX7wvnnMXLTboBqJxrXYXx9Fue2T4X4Boha2HKQwecuBsUh5uTzb_SL6x-uK4f0usVHeW8.7QSCjCkbdElcTF2e529nWJAE3f5uyaCmc70uUTZ74gQ&dib_tag=se&keywords=bags&qid=1763313085&sr=8-28,Bags,2025-11-16 17:11:26
B01NGYPL0H,"BagDream 25Pcs White Gift Bags 8x4.25x10.5 Kraft Paper for Gifts, Shopping Retail Merchandise Grocery Sacks, White Paper Bags with Handles Bulk Medium",Other Bag,N/A,N/A,White,Unisex,9.,$0.40,,4.8 out of 5 stars,0,No,White,N/A,N/A,https://www.amazon.com/BagDream-Shopping-8x4-75x10-5-Retail-Handles/dp/B01NGYPL0H/ref=sr_1_29?dib=eyJ2IjoiMSJ9.tFemjgmJnL5a5D1JT7SG_SMyR2UoWB10yeTYiDT8_S2sO9GwsgpSycAoHLOmWDIu11tSXASr4Jiv5iUssdWATWb1OaZDiGMA-_6YbESd0Etkil6RURiRh5Ex0-7RNlZTxPOtcqW7dLWOF6fdwqVtdGxTRV8dsjVR34ZYtGIPD_z7sJBBekYOaQQ-Hv4UFhzVAhOxP2OgvajmCh4UYq7eA3BnU-nbseMB9J1KlZX7wvnnMXLTboBqJxrXYXx9Fue2T4X4Boha2HKQwecuBsUh5uTzb_SL6x-uK4f0usVHeW8.7QSCjCkbdElcTF2e529nWJAE3f5uyaCmc70uUTZ74gQ&dib_tag=se&keywords=bags&qid=1763313085&sr=8-29,Bags,2025-11-16 17:11:26
B079KMPJ12,"Forid Small Trash Bags for Bathroom - 2.6 Gallon Garbage Bags Unscented,Extra Thick Strong Wastebasket Can Liners for Home Office Bedroom,150 Bags Multi Colored",Other Bag,N/A,N/A,Red,Unisex,18.,$0.12,N/A,4.6 out of 5 stars,0,No,1 Count (Pack of 150),N/A,N/A,https://www.amazon.com/Forid-Small-Trash-Bags-Bathroom/dp/B079KMPJ12/ref=sr_1_30?dib=eyJ2IjoiMSJ9.tFemjgmJnL5a5D1JT7SG_SMyR2UoWB10yeTYiDT8_S2sO9GwsgpSycAoHLOmWDIu11tSXASr4Jiv5iUssdWATWb1OaZDiGMA-_6YbESd0Etkil6RURiRh5Ex0-7RNlZTxPOtcqW7dLWOF6fdwqVtdGxTRV8dsjVR34ZYtGIPD_z7sJBBekYOaQQ-Hv4UFhzVAhOxP2OgvajmCh4UYq7eA3BnU-nbseMB9J1KlZX7wvnnMXLTboBqJxrXYXx9Fue2T4X4Boha2HKQwecuBsUh5uTzb_SL6x-uK4f0usVHeW8.7QSCjCkbdElcTF2e529nWJAE3f5uyaCmc70uUTZ74gQ&dib_tag=se&keywords=bags&qid=1763313085&sr=8-30,Bags,2025-11-16 17:11:26
B08K2DM2L5,MUKOSEL Thank You Bags with Handles for Business 100 Pack 12x15 Inch Extra Thick 2.36 Mil Reusable Plastic Shopping Bags Merchandise Packaging for Small Business Retail Boutique Gifts Stores(Black),Other Bag,N/A,N/A,Black,Unisex,18.,18.,N/A,4.8 out of 5 stars,0,No,4.8,N/A,N/A,https://www.amazon.com/MUKOSEL-Merchandise-Shopping-Boutique-Reusable/dp/B08K2DM2L5/ref=sr_1_31?dib=eyJ2IjoiMSJ9.tFemjgmJnL5a5D1JT7SG_SMyR2UoWB10yeTYiDT8_S2sO9GwsgpSycAoHLOmWDIu11tSXASr4Jiv5iUssdWATWb1OaZDiGMA-_6YbESd0Etkil6RURiRh5Ex0-7RNlZTxPOtcqW7dLWOF6fdwqVtdGxTRV8dsjVR34ZYtGIPD_z7sJBBekYOaQQ-Hv4UFhzVAhOxP2OgvajmCh4UYq7eA3BnU-nbseMB9J1KlZX7wvnnMXLTboBqJxrXYXx9Fue2T4X4Boha2HKQwecuBsUh5uTzb_SL6x-uK4f0usVHeW8.7QSCjCkbdElcTF2e529nWJAE3f5uyaCmc70uUTZ74gQ&dib_tag=se&keywords=bags&qid=1763313085&sr=8-31,Bags,2025-11-16 17:11:26
B0973DGD8P,"20 Pack Vacuum Storage Bags, Space Saver Bags (4 Jumbo/4 Large/4 Medium/4 Small/4 Roll) Compression for Comforters and Blankets, Sealer Clothes Storage, Hand Pump Included",Other Bag,N/A,N/A,N/A,Unisex,17.,$29.99,,4.3 out of 5 stars,0,No,4.3,N/A,Ends in 14:48:32,https://www.amazon.com/20-Compression-Comforters-Blankets-Included/dp/B0973DGD8P/ref=sr_1_32?dib=eyJ2IjoiMSJ9.tFemjgmJnL5a5D1JT7SG_SMyR2UoWB10yeTYiDT8_S2sO9GwsgpSycAoHLOmWDIu11tSXASr4Jiv5iUssdWATWb1OaZDiGMA-_6YbESd0Etkil6RURiRh5Ex0-7RNlZTxPOtcqW7dLWOF6fdwqVtdGxTRV8dsjVR34ZYtGIPD_z7sJBBekYOaQQ-Hv4UFhzVAhOxP2OgvajmCh4UYq7eA3BnU-nbseMB9J1KlZX7wvnnMXLTboBqJxrXYXx9Fue2T4X4Boha2HKQwecuBsUh5uTzb_SL6x-uK4f0usVHeW8.7QSCjCkbdElcTF2e529nWJAE3f5uyaCmc70uUTZ74gQ&dib_tag=se&keywords=bags&qid=1763313085&sr=8-32,Bags,2025-11-16 17:11:26
B01MZ2ONRY,"BagDream Gift Bags 8x4.25x10.5 100Pcs Kraft Paper Bags with Handles Bulk, White Gift Bags Medium Shopping Retail Merchandise Wedding Party Favor Bags, Paper Grocery Bags Sacks Recyclable",Other Bag,N/A,N/A,White,Unisex,26.,$0.27,N/A,4.7 out of 5 stars,0,No,White,N/A,N/A,https://www.amazon.com/BagDream-8x4-75x10-5-Shopping-Handles-Recycled/dp/B01MZ2ONRY/ref=sr_1_33?dib=eyJ2IjoiMSJ9.tFemjgmJnL5a5D1JT7SG_SMyR2UoWB10yeTYiDT8_S2sO9GwsgpSycAoHLOmWDIu11tSXASr4Jiv5iUssdWATWb1OaZDiGMA-_6YbESd0Etkil6RURiRh5Ex0-7RNlZTxPOtcqW7dLWOF6fdwqVtdGxTRV8dsjVR34ZYtGIPD_z7sJBBekYOaQQ-Hv4UFhzVAhOxP2OgvajmCh4UYq7eA3BnU-nbseMB9J1KlZX7wvnnMXLTboBqJxrXYXx9Fue2T4X4Boha2HKQwecuBsUh5uTzb_SL6x-uK4f0usVHeW8.7QSCjCkbdElcTF2e529nWJAE3f5uyaCmc70uUTZ74gQ&dib_tag=se&keywords=bags&qid=1763313085&sr=8-33,Bags,2025-11-16 17:11:26
B07B3QRNVN,"12"" X 16"" Plastic Produce Bag on a Roll, Bread and Grocery Clear Bag, 350 Bags/Roll",Other Bag,N/A,N/A,N/A,Unisex,13.,$0.04,N/A,4.7 out of 5 stars,0,No,4.7,N/A,N/A,https://www.amazon.com/Plastic-Produce-Bread-Grocery-Clear/dp/B07B3QRNVN/ref=sr_1_34?dib=eyJ2IjoiMSJ9.tFemjgmJnL5a5D1JT7SG_SMyR2UoWB10yeTYiDT8_S2sO9GwsgpSycAoHLOmWDIu11tSXASr4Jiv5iUssdWATWb1OaZDiGMA-_6YbESd0Etkil6RURiRh5Ex0-7RNlZTxPOtcqW7dLWOF6fdwqVtdGxTRV8dsjVR34ZYtGIPD_z7sJBBekYOaQQ-Hv4UFhzVAhOxP2OgvajmCh4UYq7eA3BnU-nbseMB9J1KlZX7wvnnMXLTboBqJxrXYXx9Fue2T4X4Boha2HKQwecuBsUh5uTzb_SL6x-uK4f0usVHeW8.7QSCjCkbdElcTF2e529nWJAE3f5uyaCmc70uUTZ74gQ&dib_tag=se&keywords=bags&qid=1763313085&sr=8-34,Bags,2025-11-16 17:11:26
B0B8TD6KXB,"Magesh 4 Gallon Trash Bag Strong, Leakage-Free, Small Garbage Bags Unscented Thick for Bathroom, Office, Kitchen Small Trash Can, 15L, 105 Bags, Clear",Other Bag,N/A,N/A,N/A,Unisex,9.,$0.10,N/A,4.5 out of 5 stars,0,No,4.5,N/A,N/A,https://www.amazon.com/Gallon-Small-Bags-Magesh-Garbage/dp/B0B8TD6KXB/ref=sr_1_35?dib=eyJ2IjoiMSJ9.tFemjgmJnL5a5D1JT7SG_SMyR2UoWB10yeTYiDT8_S2sO9GwsgpSycAoHLOmWDIu11tSXASr4Jiv5iUssdWATWb1OaZDiGMA-_6YbESd0Etkil6RURiRh5Ex0-7RNlZTxPOtcqW7dLWOF6fdwqVtdGxTRV8dsjVR34ZYtGIPD_z7sJBBekYOaQQ-Hv4UFhzVAhOxP2OgvajmCh4UYq7eA3BnU-nbseMB9J1KlZX7wvnnMXLTboBqJxrXYXx9Fue2T4X4Boha2HKQwecuBsUh5uTzb_SL6x-uK4f0usVHeW8.7QSCjCkbdElcTF2e529nWJAE3f5uyaCmc70uUTZ74gQ&dib_tag=se&keywords=bags&qid=1763313085&sr=8-35,Bags,2025-11-16 17:11:26
B00TFYT02G,"GORILLA SUPPLY 1000 Dog Poop Waste Bags with Dispenser and Leash Tie, 9"" x 13"", Blue, 1000 Count",Other Bag,N/A,N/A,Blue,Unisex,19.,$0.02,N/A,4.7 out of 5 stars,0,No,4.7,N/A,N/A,https://www.amazon.com/Gorilla-Supply-Waste-Dispenser-Leash/dp/B00TFYT02G/ref=sr_1_36?dib=eyJ2IjoiMSJ9.tFemjgmJnL5a5D1JT7SG_SMyR2UoWB10yeTYiDT8_S2sO9GwsgpSycAoHLOmWDIu11tSXASr4Jiv5iUssdWATWb1OaZDiGMA-_6YbESd0Etkil6RURiRh5Ex0-7RNlZTxPOtcqW7dLWOF6fdwqVtdGxTRV8dsjVR34ZYtGIPD_z7sJBBekYOaQQ-Hv4UFhzVAhOxP2OgvajmCh4UYq7eA3BnU-nbseMB9J1KlZX7wvnnMXLTboBqJxrXYXx9Fue2T4X4Boha2HKQwecuBsUh5uTzb_SL6x-uK4f0usVHeW8.7QSCjCkbdElcTF2e529nWJAE3f5uyaCmc70uUTZ74gQ&dib_tag=se&keywords=bags&qid=1763313085&sr=8-36,Bags,2025-11-16 17:11:26
B093RJ216Z,"MESHA Black Gift Bags 5.25x3.75x8 Inch Small Kraft Paper Bags with Handles Bulk,100 Pack for Small Business,Wedding Party Favor",Other Bag,N/A,N/A,Black,Unisex,22.,$0.22,N/A,4.7 out of 5 stars,0,No,Black,N/A,Ends in 14:48:32,https://www.amazon.com/MESHA-5-25x3-75x8-Handles-Business-Wedding/dp/B093RJ216Z/ref=sr_1_37?dib=eyJ2IjoiMSJ9.tFemjgmJnL5a5D1JT7SG_SMyR2UoWB10yeTYiDT8_S2sO9GwsgpSycAoHLOmWDIu11tSXASr4Jiv5iUssdWATWb1OaZDiGMA-_6YbESd0Etkil6RURiRh5Ex0-7RNlZTxPOtcqW7dLWOF6fdwqVtdGxTRV8dsjVR34ZYtGIPD_z7sJBBekYOaQQ-Hv4UFhzVAhOxP2OgvajmCh4UYq7eA3BnU-nbseMB9J1KlZX7wvnnMXLTboBqJxrXYXx9Fue2T4X4Boha2HKQwecuBsUh5uTzb_SL6x-uK4f0usVHeW8.7QSCjCkbdElcTF2e529nWJAE3f5uyaCmc70uUTZ74gQ&dib_tag=se&keywords=bags&qid=1763313085&sr=8-37,Bags,2025-11-16 17:11:26
B01N1UZDC3,"BagDream Gift Bags 100Pcs 5.25x3x8 Small Kraft Paper Gift Bags with Handles Bulk, Brown Paper Sacks for Small Business, Retail, Merchandise, Wedding Birthday Party Favor",Other Bag,N/A,N/A,Brown,Unisex,20.,$0.21,,4.8 out of 5 stars,0,No,Brown,N/A,N/A,https://www.amazon.com/BagDream-5-25x3x8-Business-Merchandise-Birthday/dp/B01N1UZDC3/ref=sr_1_38?dib=eyJ2IjoiMSJ9.tFemjgmJnL5a5D1JT7SG_SMyR2UoWB10yeTYiDT8_S2sO9GwsgpSycAoHLOmWDIu11tSXASr4Jiv5iUssdWATWb1OaZDiGMA-_6YbESd0Etkil6RURiRh5Ex0-7RNlZTxPOtcqW7dLWOF6fdwqVtdGxTRV8dsjVR34ZYtGIPD_z7sJBBekYOaQQ-Hv4UFhzVAhOxP2OgvajmCh4UYq7eA3BnU-nbseMB9J1KlZX7wvnnMXLTboBqJxrXYXx9Fue2T4X4Boha2HKQwecuBsUh5uTzb_SL6x-uK4f0usVHeW8.7QSCjCkbdElcTF2e529nWJAE3f5uyaCmc70uUTZ74gQ&dib_tag=se&keywords=bags&qid=1763313085&sr=8-38,Bags,2025-11-16 17:11:26
B01G8KYP7Y,"Hefty Ultra Strong Tall Kitchen Trash Bags, Citrus Twist Scent, 13 Gallon, 80 Count",Other Bag,N/A,N/A,N/A,Unisex,11.,$0.15,N/A,4.8 out of 5 stars,0,No,80 Count (Pack of 1),N/A,N/A,https://www.amazon.com/Hefty-E84546CT-Strong-Kitchen-Drawstring/dp/B01G8KYP7Y/ref=sr_1_39?dib=eyJ2IjoiMSJ9.tFemjgmJnL5a5D1JT7SG_SMyR2UoWB10yeTYiDT8_S2sO9GwsgpSycAoHLOmWDIu11tSXASr4Jiv5iUssdWATWb1OaZDiGMA-_6YbESd0Etkil6RURiRh5Ex0-7RNlZTxPOtcqW7dLWOF6fdwqVtdGxTRV8dsjVR34ZYtGIPD_z7sJBBekYOaQQ-Hv4UFhzVAhOxP2OgvajmCh4UYq7eA3BnU-nbseMB9J1KlZX7wvnnMXLTboBqJxrXYXx9Fue2T4X4Boha2HKQwecuBsUh5uTzb_SL6x-uK4f0usVHeW8.7QSCjCkbdElcTF2e529nWJAE3f5uyaCmc70uUTZ74gQ&dib_tag=se&keywords=bags&qid=1763313085&sr=8-39,Bags,2025-11-16 17:11:26
B07W84D6PM,NERUB 10 Pack Reusable Reinforced Handle Grocery Bags - Heavy Duty Large Shopping Totes with Thick Plastic Bottom can hold 40 lbs,Tote Bag,N/A,N/A,N/A,Unisex,19.,19.,N/A,4.7 out of 5 stars,0,No,4.7,N/A,N/A,https://www.amazon.com/Pack-Reusable-Reinforced-Handle-Grocery/dp/B07W84D6PM/ref=sr_1_40?dib=eyJ2IjoiMSJ9.tFemjgmJnL5a5D1JT7SG_SMyR2UoWB10yeTYiDT8_S2sO9GwsgpSycAoHLOmWDIu11tSXASr4Jiv5iUssdWATWb1OaZDiGMA-_6YbESd0Etkil6RURiRh5Ex0-7RNlZTxPOtcqW7dLWOF6fdwqVtdGxTRV8dsjVR34ZYtGIPD_z7sJBBekYOaQQ-Hv4UFhzVAhOxP2OgvajmCh4UYq7eA3BnU-nbseMB9J1KlZX7wvnnMXLTboBqJxrXYXx9Fue2T4X4Boha2HKQwecuBsUh5uTzb_SL6x-uK4f0usVHeW8.7QSCjCkbdElcTF2e529nWJAE3f5uyaCmc70uUTZ74gQ&dib_tag=se&keywords=bags&qid=1763313085&sr=8-40,Bags,2025-11-16 17:11:26
B00LAI9OM6,"Earth Rated Poop Bags for Dogs, Guaranteed Leak Proof and Extra Thick Waste Bag Refill Rolls, Unscented, 270 Bags",Other Bag,N/A,N/A,N/A,Unisex,13.,$0.05,N/A,4.8 out of 5 stars,0,No,4.8,N/A,N/A,https://www.amazon.com/Earth-Rated-Unscented-Completely-Inches/dp/B00LAI9OM6/ref=sr_1_41?dib=eyJ2IjoiMSJ9.tFemjgmJnL5a5D1JT7SG_SMyR2UoWB10yeTYiDT8_S2sO9GwsgpSycAoHLOmWDIu11tSXASr4Jiv5iUssdWATWb1OaZDiGMA-_6YbESd0Etkil6RURiRh5Ex0-7RNlZTxPOtcqW7dLWOF6fdwqVtdGxTRV8dsjVR34ZYtGIPD_z7sJBBekYOaQQ-Hv4UFhzVAhOxP2OgvajmCh4UYq7eA3BnU-nbseMB9J1KlZX7wvnnMXLTboBqJxrXYXx9Fue2T4X4Boha2HKQwecuBsUh5uTzb_SL6x-uK4f0usVHeW8.7QSCjCkbdElcTF2e529nWJAE3f5uyaCmc70uUTZ74gQ&dib_tag=se&keywords=bags&qid=1763313085&sr=8-41,Bags,2025-11-16 17:11:26
B085NLYBNK,Compostable Trash Bags - FORID 8 Gallon Garbage Bags 150 Count Trash Can Liners 30 Liter Unscented Medium Wastebasket Bags for Kitchen Bathroom Home Office Garbage Can (5Rolls/Green) - Durable & Thick,Other Bag,N/A,N/A,Green,Unisex,20.,$0.14,N/A,4.5 out of 5 stars,0,No,150 Count (Pack of 1),N/A,N/A,https://www.amazon.com/Compostable-Trash-Bags-Unscented-Wastebasket/dp/B085NLYBNK/ref=sr_1_42?dib=eyJ2IjoiMSJ9.tFemjgmJnL5a5D1JT7SG_SMyR2UoWB10yeTYiDT8_S2sO9GwsgpSycAoHLOmWDIu11tSXASr4Jiv5iUssdWATWb1OaZDiGMA-_6YbESd0Etkil6RURiRh5Ex0-7RNlZTxPOtcqW7dLWOF6fdwqVtdGxTRV8dsjVR34ZYtGIPD_z7sJBBekYOaQQ-Hv4UFhzVAhOxP2OgvajmCh4UYq7eA3BnU-nbseMB9J1KlZX7wvnnMXLTboBqJxrXYXx9Fue2T4X4Boha2HKQwecuBsUh5uTzb_SL6x-uK4f0usVHeW8.7QSCjCkbdElcTF2e529nWJAE3f5uyaCmc70uUTZ74gQ&dib_tag=se&keywords=bags&qid=1763313085&sr=8-42,Bags,2025-11-16 17:11:26
B07T9MBNTT,"Glad Tall Kitchen Drawstring Trash Bags - Odorshield 13 Gallon White Trash Bag, Febreze Fresh Clean, 110 Count",Other Bag,GreenCircle Certified: Certified Environmental Facts Label,N/A,White,Unisex,18.,$0.16,,4.7 out of 5 stars,0,No,1 Count (Pack of 110),N/A,N/A,https://www.amazon.com/OdorShield-Kitchen-Drawstring-Fresh-Gallon/dp/B07T9MBNTT/ref=sr_1_43?dib=eyJ2IjoiMSJ9.tFemjgmJnL5a5D1JT7SG_SMyR2UoWB10yeTYiDT8_S2sO9GwsgpSycAoHLOmWDIu11tSXASr4Jiv5iUssdWATWb1OaZDiGMA-_6YbESd0Etkil6RURiRh5Ex0-7RNlZTxPOtcqW7dLWOF6fdwqVtdGxTRV8dsjVR34ZYtGIPD_z7sJBBekYOaQQ-Hv4UFhzVAhOxP2OgvajmCh4UYq7eA3BnU-nbseMB9J1KlZX7wvnnMXLTboBqJxrXYXx9Fue2T4X4Boha2HKQwecuBsUh5uTzb_SL6x-uK4f0usVHeW8.7QSCjCkbdElcTF2e529nWJAE3f5uyaCmc70uUTZ74gQ&dib_tag=se&keywords=bags&qid=1763313085&sr=8-43,Bags,2025-11-16 17:11:26
B0CK9RZGDX,"Glad ForceFlex Tall Kitchen Drawstring Trash Bags, 13 Gal, Fragrance Free, 110 Ct (Package May Vary)",Other Bag,GreenCircle Certified: Certified Environmental Facts Label,N/A,N/A,Unisex,19.,$0.18,,4.7 out of 5 stars,0,No,1 Count (Pack of 110),N/A,N/A,https://www.amazon.com/Glad-ForceFlex-Drawstring-Fragrance-Gallon/dp/B0CK9RZGDX/ref=sr_1_44?dib=eyJ2IjoiMSJ9.tFemjgmJnL5a5D1JT7SG_SMyR2UoWB10yeTYiDT8_S2sO9GwsgpSycAoHLOmWDIu11tSXASr4Jiv5iUssdWATWb1OaZDiGMA-_6YbESd0Etkil6RURiRh5Ex0-7RNlZTxPOtcqW7dLWOF6fdwqVtdGxTRV8dsjVR34ZYtGIPD_z7sJBBekYOaQQ-Hv4UFhzVAhOxP2OgvajmCh4UYq7eA3BnU-nbseMB9J1KlZX7wvnnMXLTboBqJxrXYXx9Fue2T4X4Boha2HKQwecuBsUh5uTzb_SL6x-uK4f0usVHeW8.7QSCjCkbdElcTF2e529nWJAE3f5uyaCmc70uUTZ74gQ&dib_tag=se&keywords=bags&qid=1763313085&sr=8-44,Bags,2025-11-16 17:11:26
B09H3D82CS,Concession Essentials Disposable & Reusable Thank You T-Shirt Bags- Pack of 100,Other Bag,N/A,N/A,N/A,Unisex,8.,$0.09,N/A,4.7 out of 5 stars,0,No,White,N/A,N/A,https://www.amazon.com/Concession-Essentials-Disposable-Reusable-T-Shirt/dp/B09H3D82CS/ref=sr_1_45?dib=eyJ2IjoiMSJ9.tFemjgmJnL5a5D1JT7SG_SMyR2UoWB10yeTYiDT8_S2sO9GwsgpSycAoHLOmWDIu11tSXASr4Jiv5iUssdWATWb1OaZDiGMA-_6YbESd0Etkil6RURiRh5Ex0-7RNlZTxPOtcqW7dLWOF6fdwqVtdGxTRV8dsjVR34ZYtGIPD_z7sJBBekYOaQQ-Hv4UFhzVAhOxP2OgvajmCh4UYq7eA3BnU-nbseMB9J1KlZX7wvnnMXLTboBqJxrXYXx9Fue2T4X4Boha2HKQwecuBsUh5uTzb_SL6x-uK4f0usVHeW8.7QSCjCkbdElcTF2e529nWJAE3f5uyaCmc70uUTZ74gQ&dib_tag=se&keywords=bags&qid=1763313085&sr=8-45,Bags,2025-11-16 17:11:26
B01H3W4AM6,"Hefty Strong 13 Gallon Trash Bags, Tall Kitchen Trash Bags, UnscentedLarge Trash Bags with Drawstrings, Durable Closure, Resists Leaks, Punctures, and Tears, White, Unscented, 90 Bags",Other Bag,N/A,N/A,White,Unisex,14.,$0.16,,4.7 out of 5 stars,0,No,90 Count (Pack of 1),N/A,N/A,https://www.amazon.com/Hefty-Strong-Kitchen-Gallon-Garbage/dp/B01H3W4AM6/ref=sr_1_46?dib=eyJ2IjoiMSJ9.tFemjgmJnL5a5D1JT7SG_SMyR2UoWB10yeTYiDT8_S2sO9GwsgpSycAoHLOmWDIu11tSXASr4Jiv5iUssdWATWb1OaZDiGMA-_6YbESd0Etkil6RURiRh5Ex0-7RNlZTxPOtcqW7dLWOF6fdwqVtdGxTRV8dsjVR34ZYtGIPD_z7sJBBekYOaQQ-Hv4UFhzVAhOxP2OgvajmCh4UYq7eA3BnU-nbseMB9J1KlZX7wvnnMXLTboBqJxrXYXx9Fue2T4X4Boha2HKQwecuBsUh5uTzb_SL6x-uK4f0usVHeW8.7QSCjCkbdElcTF2e529nWJAE3f5uyaCmc70uUTZ74gQ&dib_tag=se&keywords=bags&qid=1763313085&rdc=1&sr=8-46,Bags,2025-11-16 17:11:26
B07RH9VSL4,Reli. Contractor Garbage Bags 55 Gallon | 20 Trash Bags | Heavy Duty | Black Contractor,Other Bag,N/A,N/A,Black,Unisex,26.,$1.35,,4.5 out of 5 stars,0,No,4.5,N/A,N/A,https://www.amazon.com/Reli-ProGrade-Contractor-Garbage-Construction/dp/B07RH9VSL4/ref=sr_1_47?dib=eyJ2IjoiMSJ9.tFemjgmJnL5a5D1JT7SG_SMyR2UoWB10yeTYiDT8_S2sO9GwsgpSycAoHLOmWDIu11tSXASr4Jiv5iUssdWATWb1OaZDiGMA-_6YbESd0Etkil6RURiRh5Ex0-7RNlZTxPOtcqW7dLWOF6fdwqVtdGxTRV8dsjVR34ZYtGIPD_z7sJBBekYOaQQ-Hv4UFhzVAhOxP2OgvajmCh4UYq7eA3BnU-nbseMB9J1KlZX7wvnnMXLTboBqJxrXYXx9Fue2T4X4Boha2HKQwecuBsUh5uTzb_SL6x-uK4f0usVHeW8.7QSCjCkbdElcTF2e529nWJAE3f5uyaCmc70uUTZ74gQ&dib_tag=se&keywords=bags&qid=1763313085&sr=8-47,Bags,2025-11-16 17:11:26
B0DJM2J2G4,"Fuxury 1000 Count Thank You Plastic Bags (11.5"" x 6.5"" x 21"") White, T-shirt, Grocery, Take Out, To Go, Retail Shopping Bags in Bulk (Made in USA)",Other Bag,N/A,N/A,White,Unisex,28.,$0.03,N/A,4.4 out of 5 stars,0,No,4.4,N/A,N/A,https://www.amazon.com/Fuxury-Plastic-T-shirt-Grocery-Shopping/dp/B0DJM2J2G4/ref=sr_1_48?dib=eyJ2IjoiMSJ9.tFemjgmJnL5a5D1JT7SG_SMyR2UoWB10yeTYiDT8_S2sO9GwsgpSycAoHLOmWDIu11tSXASr4Jiv5iUssdWATWb1OaZDiGMA-_6YbESd0Etkil6RURiRh5Ex0-7RNlZTxPOtcqW7dLWOF6fdwqVtdGxTRV8dsjVR34ZYtGIPD_z7sJBBekYOaQQ-Hv4UFhzVAhOxP2OgvajmCh4UYq7eA3BnU-nbseMB9J1KlZX7wvnnMXLTboBqJxrXYXx9Fue2T4X4Boha2HKQwecuBsUh5uTzb_SL6x-uK4f0usVHeW8.7QSCjCkbdElcTF2e529nWJAE3f5uyaCmc70uUTZ74gQ&dib_tag=se&keywords=bags&qid=1763313085&sr=8-48,Bags,2025-11-16 17:11:26
B01GNWA6JI,"TashiBox Shopping Bags/Thank You Bags/Reusable and Disposable Grocery Bag - Measures 11.5"""" X 6.25"""" X 21"""", 15mic, 0.6 Mil (308)"", transparent (Bag-308)",Other Bag,N/A,N/A,N/A,Unisex,13.,13.,,4.7 out of 5 stars,0,No,4.7,N/A,Limited time deal,https://www.amazon.com/TashiBox-plastic-Shopping-Reusable-Disposable/dp/B01GNWA6JI/ref=mp_s_a_1_15?dib=eyJ2IjoiMSJ9.AXBSiJXmAB2aTzwcBo8Sy6xKAIyVFdcyM9J69K5YFJjAFSs0VrHeFiRHG8ok646p76_wuAAWeaRsPCyE_yvA1XhFozWtvKwiXb18wV1QjPnmFE2vXVdA82MQtUkVPruqF3DxdIWWbYhJyI4e9SSTqXib2u2zmb8mCztjLqtTGtSViKksRizMixNgJGphUnlJABtYaqvAExXkTmLWyp7Wsg.hnIFCRN3drTmKB1PDP0Z3FuKHEetBokn6gaShO42hC8&dib_tag=se&keywords=bags&qid=1763313090&sr=8-15,Bags,2025-11-16 17:11:32
B093RJ216Z,"MESHA Black Gift Bags 5.25x3.75x8 Inch Small Kraft Paper Bags with Handles Bulk,100 Pack for Small Business,Wedding Party Favor",Other Bag,Forestry practices,N/A,Black,Unisex,22.,22.,,4.7 out of 5 stars,0,No,Black,N/A,Ends in 14:48:27,https://www.amazon.com/MESHA-5-25x3-75x8-Handles-Business-Wedding/dp/B093RJ216Z/ref=mp_s_a_1_16?dib=eyJ2IjoiMSJ9.AXBSiJXmAB2aTzwcBo8Sy6xKAIyVFdcyM9J69K5YFJjAFSs0VrHeFiRHG8ok646p76_wuAAWeaRsPCyE_yvA1XhFozWtvKwiXb18wV1QjPnmFE2vXVdA82MQtUkVPruqF3DxdIWWbYhJyI4e9SSTqXib2u2zmb8mCztjLqtTGtSViKksRizMixNgJGphUnlJABtYaqvAExXkTmLWyp7Wsg.hnIFCRN3drTmKB1PDP0Z3FuKHEetBokn6gaShO42hC8&dib_tag=se&keywords=bags&qid=1763313090&sr=8-16,Bags,2025-11-16 17:11:32
B00DH4J0SE,"Ultrasac 33 Gallon Trash Bags - (Huge 100 Pack/w Ties) - 39"" x 33"" Heavy Duty Large Professional Quality Black Garbage Bags - Extra Strong Plastic Trashbags for Home, Kitchen, Lawn, and Other",Other Bag,N/A,N/A,Black,Unisex,22.,22.,,4.6 out of 5 stars,0,No,4.6,N/A,N/A,https://www.amazon.com/Aluf-Plastics-792763-Ultrasac-Professional/dp/B00DH4J0SE/ref=mp_s_a_1_17?dib=eyJ2IjoiMSJ9.AXBSiJXmAB2aTzwcBo8Sy6xKAIyVFdcyM9J69K5YFJjAFSs0VrHeFiRHG8ok646p76_wuAAWeaRsPCyE_yvA1XhFozWtvKwiXb18wV1QjPnmFE2vXVdA82MQtUkVPruqF3DxdIWWbYhJyI4e9SSTqXib2u2zmb8mCztjLqtTGtSViKksRizMixNgJGphUnlJABtYaqvAExXkTmLWyp7Wsg.hnIFCRN3drTmKB1PDP0Z3FuKHEetBokn6gaShO42hC8&dib_tag=se&keywords=bags&qid=1763313090&sr=8-17,Bags,2025-11-16 17:11:32
B0CLCWYZJP,"vanhel 100 Pack Brown Paper Bags with Handles,8x4.25x10.5 Inches,Gift Bags Medium Size,Gifts Bag Bulk for Festival,Birthday,Favor,Party,Shopping,Retail Merchandise.",Other Bag,N/A,N/A,Brown,Unisex,23.,23.,,4.7 out of 5 stars,0,No,Brown,N/A,N/A,https://www.amazon.com/vanhel-Handles-8x4-25x10-5-Birthday-Merchandise/dp/B0CLCWYZJP/ref=mp_s_a_1_18?dib=eyJ2IjoiMSJ9.AXBSiJXmAB2aTzwcBo8Sy6xKAIyVFdcyM9J69K5YFJjAFSs0VrHeFiRHG8ok646p76_wuAAWeaRsPCyE_yvA1XhFozWtvKwiXb18wV1QjPnmFE2vXVdA82MQtUkVPruqF3DxdIWWbYhJyI4e9SSTqXib2u2zmb8mCztjLqtTGtSViKksRizMixNgJGphUnlJABtYaqvAExXkTmLWyp7Wsg.hnIFCRN3drTmKB1PDP0Z3FuKHEetBokn6gaShO42hC8&dib_tag=se&keywords=bags&qid=1763313090&sr=8-18,Bags,2025-11-16 17:11:32
B0829ZQ6CD,"Handle Trash Bags 4 Gallon 100 Counts Small Garbage Bags for Office,Kitchen,Bedroom Waste Bin, Rubbish,Trash Can Liner",Other Bag,N/A,N/A,N/A,Unisex,8.,8.,,4.3 out of 5 stars,0,No,4.3,N/A,N/A,https://www.amazon.com/Handle-Garbage-Kitchen-Bedroom-Rubbish/dp/B0829ZQ6CD/ref=mp_s_a_1_19?dib=eyJ2IjoiMSJ9.AXBSiJXmAB2aTzwcBo8Sy6xKAIyVFdcyM9J69K5YFJjAFSs0VrHeFiRHG8ok646p76_wuAAWeaRsPCyE_yvA1XhFozWtvKwiXb18wV1QjPnmFE2vXVdA82MQtUkVPruqF3DxdIWWbYhJyI4e9SSTqXib2u2zmb8mCztjLqtTGtSViKksRizMixNgJGphUnlJABtYaqvAExXkTmLWyp7Wsg.hnIFCRN3drTmKB1PDP0Z3FuKHEetBokn6gaShO42hC8&dib_tag=se&keywords=bags&qid=1763313090&sr=8-19,Bags,2025-11-16 17:11:32
B07R1HGJXP,"BagDream 100Pcs 16x6x12 Inches Kraft Paper Bags with Handles Bulk, Large Shopping Bags for Gifts, Grocery, Merchandise, Party Favor, Take-out, Recycled Black Black Paper Sacks",Other Bag,Forestry practices,N/A,Black,Unisex,49.,49.,,4.7 out of 5 stars,0,No,Black,N/A,N/A,https://www.amazon.com/BagDream-16x6x12-Shopping-Mechandise-Recyclable/dp/B07R1HGJXP/ref=mp_s_a_1_20?dib=eyJ2IjoiMSJ9.AXBSiJXmAB2aTzwcBo8Sy6xKAIyVFdcyM9J69K5YFJjAFSs0VrHeFiRHG8ok646p76_wuAAWeaRsPCyE_yvA1XhFozWtvKwiXb18wV1QjPnmFE2vXVdA82MQtUkVPruqF3DxdIWWbYhJyI4e9SSTqXib2u2zmb8mCztjLqtTGtSViKksRizMixNgJGphUnlJABtYaqvAExXkTmLWyp7Wsg.hnIFCRN3drTmKB1PDP0Z3FuKHEetBokn6gaShO42hC8&dib_tag=se&keywords=bags&qid=1763313090&sr=8-20,Bags,2025-11-16 17:11:32
B08FX5QBHF,"5 Gallon 330 Counts Strong Trash Bags Garbage Bags by Teivio, Bathroom Trash Can Bin Liners, Plastic Bags for home office kitchen, Clear",Other Bag,N/A,N/A,N/A,Unisex,21.,21.,,4.4 out of 5 stars,0,No,1 Count (Pack of 330),N/A,N/A,https://www.amazon.com/Garbage-Teivio-Bathroom-Plastic-kitchen/dp/B08FX5QBHF/ref=mp_s_a_1_21?dib=eyJ2IjoiMSJ9.AXBSiJXmAB2aTzwcBo8Sy6xKAIyVFdcyM9J69K5YFJjAFSs0VrHeFiRHG8ok646p76_wuAAWeaRsPCyE_yvA1XhFozWtvKwiXb18wV1QjPnmFE2vXVdA82MQtUkVPruqF3DxdIWWbYhJyI4e9SSTqXib2u2zmb8mCztjLqtTGtSViKksRizMixNgJGphUnlJABtYaqvAExXkTmLWyp7Wsg.hnIFCRN3drTmKB1PDP0Z3FuKHEetBokn6gaShO42hC8&dib_tag=se&keywords=bags&qid=1763313090&sr=8-21,Bags,2025-11-16 17:11:32
B079KMPJ12,"Forid Small Trash Bags for Bathroom - 2.6 Gallon Garbage Bags Unscented,Extra Thick Strong Wastebasket Can Liners for Home Office Bedroom,150 Bags Multi Colored",Other Bag,N/A,N/A,Red,Unisex,18.,18.,,4.6 out of 5 stars,0,No,1 Count (Pack of 150),N/A,N/A,https://www.amazon.com/Forid-Small-Trash-Bags-Bathroom/dp/B079KMPJ12/ref=mp_s_a_1_22?dib=eyJ2IjoiMSJ9.AXBSiJXmAB2aTzwcBo8Sy6xKAIyVFdcyM9J69K5YFJjAFSs0VrHeFiRHG8ok646p76_wuAAWeaRsPCyE_yvA1XhFozWtvKwiXb18wV1QjPnmFE2vXVdA82MQtUkVPruqF3DxdIWWbYhJyI4e9SSTqXib2u2zmb8mCztjLqtTGtSViKksRizMixNgJGphUnlJABtYaqvAExXkTmLWyp7Wsg.hnIFCRN3drTmKB1PDP0Z3FuKHEetBokn6gaShO42hC8&dib_tag=se&keywords=bags&qid=1763313090&sr=8-22,Bags,2025-11-16 17:11:32
B095WLW6KB,"Funfery 100 pcs Black Mylar Holographic Bags Packaging Bags,Clear Resealable Bag Foil Pouch Bag for Food Storage and Lipgloss,Jewelry,Eyelash Packaging for Small Business(2.4x3.9Inch)",Other Bag,N/A,N/A,Black,Unisex,6.,6.,,4.6 out of 5 stars,0,No,4.6,N/A,N/A,https://www.amazon.com/Holographic-Packaging-Resealable-Ziplock-Lipgloss/dp/B095WLW6KB/ref=mp_s_a_1_23?dib=eyJ2IjoiMSJ9.AXBSiJXmAB2aTzwcBo8Sy6xKAIyVFdcyM9J69K5YFJjAFSs0VrHeFiRHG8ok646p76_wuAAWeaRsPCyE_yvA1XhFozWtvKwiXb18wV1QjPnmFE2vXVdA82MQtUkVPruqF3DxdIWWbYhJyI4e9SSTqXib2u2zmb8mCztjLqtTGtSViKksRizMixNgJGphUnlJABtYaqvAExXkTmLWyp7Wsg.hnIFCRN3drTmKB1PDP0Z3FuKHEetBokn6gaShO42hC8&dib_tag=se&keywords=bags&qid=1763313090&sr=8-23,Bags,2025-11-16 17:11:32
B0C13J4JD5,"Toovip 90 Pack White Kraft Paper Bags with Handles Bulk, 3 Assorted Sizes Gift Wrap Bags for Favors Grocery Retail Party Birthday Shopping Business Goody Craft Merchandise Take Out Sacks",Other Bag,Forestry practices,N/A,White,Unisex,27.,27.,,4.8 out of 5 stars,0,No,White,N/A,N/A,https://www.amazon.com/Toovip-Paper-Bags-Assorted-Merchandise/dp/B0C13J4JD5/ref=mp_s_a_1_24?dib=eyJ2IjoiMSJ9.AXBSiJXmAB2aTzwcBo8Sy6xKAIyVFdcyM9J69K5YFJjAFSs0VrHeFiRHG8ok646p76_wuAAWeaRsPCyE_yvA1XhFozWtvKwiXb18wV1QjPnmFE2vXVdA82MQtUkVPruqF3DxdIWWbYhJyI4e9SSTqXib2u2zmb8mCztjLqtTGtSViKksRizMixNgJGphUnlJABtYaqvAExXkTmLWyp7Wsg.hnIFCRN3drTmKB1PDP0Z3FuKHEetBokn6gaShO42hC8&dib_tag=se&keywords=bags&qid=1763313090&sr=8-24,Bags,2025-11-16 17:11:32
B08W3NF4BN,"Purple Q Crafts Large Plastic Shopping Bags with Thank You Logo 16"" x 18"" Boutique Bags with Handles 100 Pack for Merchandise, Gifts, Trade Shows and More…",Other Bag,N/A,N/A,Purple,Unisex,26.,26.,,4.8 out of 5 stars,0,No,black,N/A,N/A,https://www.amazon.com/Plastic-Shopping-Boutique-Handles-Merchandise/dp/B08W3NF4BN/ref=mp_s_a_1_25?dib=eyJ2IjoiMSJ9.AXBSiJXmAB2aTzwcBo8Sy6xKAIyVFdcyM9J69K5YFJjAFSs0VrHeFiRHG8ok646p76_wuAAWeaRsPCyE_yvA1XhFozWtvKwiXb18wV1QjPnmFE2vXVdA82MQtUkVPruqF3DxdIWWbYhJyI4e9SSTqXib2u2zmb8mCztjLqtTGtSViKksRizMixNgJGphUnlJABtYaqvAExXkTmLWyp7Wsg.hnIFCRN3drTmKB1PDP0Z3FuKHEetBokn6gaShO42hC8&dib_tag=se&keywords=bags&qid=1763313090&sr=8-25,Bags,2025-11-16 17:11:32
B08YP166KW,"Plastic Party Favor Small Gift Bags, 100 PCS 6"" x 8"" Goodie Bags for Kids, Candy Treat Pouches Bulk with Handle for Kids' Birthday Party, Thanksgiving, Christmas, Halloween, 10 Colors",Other Bag,N/A,N/A,N/A,Kids,7.,7.,,4.6 out of 5 stars,0,No,Multicolor-100PCS,N/A,N/A,https://www.amazon.com/VieFantaisie-Assorted-Birthday-Christmas-Halloween/dp/B08YP166KW/ref=mp_s_a_1_26?dib=eyJ2IjoiMSJ9.AXBSiJXmAB2aTzwcBo8Sy6xKAIyVFdcyM9J69K5YFJjAFSs0VrHeFiRHG8ok646p76_wuAAWeaRsPCyE_yvA1XhFozWtvKwiXb18wV1QjPnmFE2vXVdA82MQtUkVPruqF3DxdIWWbYhJyI4e9SSTqXib2u2zmb8mCztjLqtTGtSViKksRizMixNgJGphUnlJABtYaqvAExXkTmLWyp7Wsg.hnIFCRN3drTmKB1PDP0Z3FuKHEetBokn6gaShO42hC8&dib_tag=se&keywords=bags&qid=1763313090&sr=8-26,Bags,2025-11-16 17:11:32
B07DY4GLMW,Reli. SuperValue 13 Gallon Trash Bags | 1000 Count Bulk | Tall Kitchen | Can Liners | Clear Multi-Use Garbage Bags,Other Bag,N/A,N/A,N/A,Unisex,52.,52.,,4.1 out of 5 stars,0,No,4.1,N/A,N/A,https://www.amazon.com/Reli-SuperValue-Kitchen-Multi-Use-Garbage/dp/B07DY4GLMW/ref=mp_s_a_1_27?dib=eyJ2IjoiMSJ9.AXBSiJXmAB2aTzwcBo8Sy6xKAIyVFdcyM9J69K5YFJjAFSs0VrHeFiRHG8ok646p76_wuAAWeaRsPCyE_yvA1XhFozWtvKwiXb18wV1QjPnmFE2vXVdA82MQtUkVPruqF3DxdIWWbYhJyI4e9SSTqXib2u2zmb8mCztjLqtTGtSViKksRizMixNgJGphUnlJABtYaqvAExXkTmLWyp7Wsg.hnIFCRN3drTmKB1PDP0Z3FuKHEetBokn6gaShO42hC8&dib_tag=se&keywords=bags&qid=1763313090&sr=8-27,Bags,2025-11-16 17:11:32
B01N2WU339,"BagDream Gift Bags 10x5x13 50Pcs Brown Kraft Paper Gift Bags with Handles Bulk for Shopping, Merchandise, Retail, Grocery, Party Favor, Recycled Paper Sacks",Other Bag,Forestry practices,N/A,Brown,Unisex,20.,20.,,4.7 out of 5 stars,0,No,Brown,N/A,N/A,https://www.amazon.com/BagDream-Debbie-Shopping-Mechandise-Recycled/dp/B01N2WU339/ref=mp_s_a_1_28?dib=eyJ2IjoiMSJ9.AXBSiJXmAB2aTzwcBo8Sy6xKAIyVFdcyM9J69K5YFJjAFSs0VrHeFiRHG8ok646p76_wuAAWeaRsPCyE_yvA1XhFozWtvKwiXb18wV1QjPnmFE2vXVdA82MQtUkVPruqF3DxdIWWbYhJyI4e9SSTqXib2u2zmb8mCztjLqtTGtSViKksRizMixNgJGphUnlJABtYaqvAExXkTmLWyp7Wsg.hnIFCRN3drTmKB1PDP0Z3FuKHEetBokn6gaShO42hC8&dib_tag=se&keywords=bags&qid=1763313090&sr=8-28,Bags,2025-11-16 17:11:32
B083BY3WPB,"Ultrasac Black Large Heavy Duty Drawstring Trash Bags 33 Gallon 1.4 MIL, 33.5"" x 38"" - Pack of 86 - For Home, Commercial, Construction, & Outdoor",Other Bag,N/A,N/A,Black,Unisex,23.,$0.28,,4.6 out of 5 stars,0,No,4.6,N/A,N/A,https://www.amazon.com/Black-Large-Drawstring-Trash-86-Count/dp/B083BY3WPB/ref=sr_1_97?dib=eyJ2IjoiMSJ9.2IPQ7VjR-y_otuly9OVeU0zpF8YOGNkmfi4b6Anj4YKBuCThKvzIAOhR4nHJ8QdhXOABysaQGiVXpza3HeWqhU2nbo0rlt1BvIJ9D99Vw9-9JJtPEO2FCGeaWMv8Ecu0NMutEsQqzAYk3FT5Ssp3xyBWbvNxqKBcMWbF1IkBb1VO_fDR3hyC2huEELqbR2DPEjk2wrw1csdjlUqHpjBeKHTbmwRPvaOqlCw3x2NnExPLOFGvkbFJRZlG-DbMcUV_aIJTcn6RFsDiC-RhbNdcv4pvyyzgOnYkAgX4t1NXrzE.qZ31MH_IrrRTpA5duCiN7u-nNZOwtN9Y_0C42EtDch4&dib_tag=se&keywords=bags&qid=1763313097&sr=8-97,Bags,2025-11-16 17:11:38
B0C2Z537J3,"43"" Travel Garment Bag with Accessories Zipper Pocket, Heavy Duty Suit Bag for Suits, Tuxedos, Dresses, Coats, Black, 1 pack",Travel Bag,N/A,N/A,Black,Men,9.,$12.99,N/A,4.4 out of 5 stars,0,No,4.4,N/A,N/A,https://www.amazon.com/Lazebox-Garment-Storage-Waterproof-Hanging/dp/B0C2Z537J3/ref=sr_1_98?dib=eyJ2IjoiMSJ9.2IPQ7VjR-y_otuly9OVeU0zpF8YOGNkmfi4b6Anj4YKBuCThKvzIAOhR4nHJ8QdhXOABysaQGiVXpza3HeWqhU2nbo0rlt1BvIJ9D99Vw9-9JJtPEO2FCGeaWMv8Ecu0NMutEsQqzAYk3FT5Ssp3xyBWbvNxqKBcMWbF1IkBb1VO_fDR3hyC2huEELqbR2DPEjk2wrw1csdjlUqHpjBeKHTbmwRPvaOqlCw3x2NnExPLOFGvkbFJRZlG-DbMcUV_aIJTcn6RFsDiC-RhbNdcv4pvyyzgOnYkAgX4t1NXrzE.qZ31MH_IrrRTpA5duCiN7u-nNZOwtN9Y_0C42EtDch4&dib_tag=se&keywords=bags&qid=1763313097&sr=8-98,Bags,2025-11-16 17:11:38
B0D8CY1JYZ,COACH Tabby Shoulder Bag 20,Shoulder Bag,N/A,N/A,N/A,Unisex,350.,350.,N/A,4.2 out of 5 stars,0,No,4.2,N/A,N/A,https://www.amazon.com/COACH-Tabby-Shoulder-Bag-Merlot/dp/B0D8CY1JYZ/ref=sr_1_99?dib=eyJ2IjoiMSJ9.2IPQ7VjR-y_otuly9OVeU0zpF8YOGNkmfi4b6Anj4YKBuCThKvzIAOhR4nHJ8QdhXOABysaQGiVXpza3HeWqhU2nbo0rlt1BvIJ9D99Vw9-9JJtPEO2FCGeaWMv8Ecu0NMutEsQqzAYk3FT5Ssp3xyBWbvNxqKBcMWbF1IkBb1VO_fDR3hyC2huEELqbR2DPEjk2wrw1csdjlUqHpjBeKHTbmwRPvaOqlCw3x2NnExPLOFGvkbFJRZlG-DbMcUV_aIJTcn6RFsDiC-RhbNdcv4pvyyzgOnYkAgX4t1NXrzE.qZ31MH_IrrRTpA5duCiN7u-nNZOwtN9Y_0C42EtDch4&dib_tag=se&keywords=bags&qid=1763313097&sr=8-99,Bags,2025-11-16 17:11:38
B0BL42JY41,"Hefty Ultra Strong 13 Gallon Trash Bags, Tall Kitchen Trash Bags 13 Gallon Size, Resist Leaks, Punctures, and Rips, Continuous Odor Control, White, Fabuloso Lemon Scent, 110 Bags",Other Bag,N/A,N/A,White,Unisex,23.,$0.21,N/A,4.8 out of 5 stars,0,No,110 Count (Pack of 1),N/A,N/A,https://www.amazon.com/Hefty-Strong-Kitchen-Fabuloso-Gallon/dp/B0BL42JY41/ref=sr_1_100?dib=eyJ2IjoiMSJ9.2IPQ7VjR-y_otuly9OVeU0zpF8YOGNkmfi4b6Anj4YKBuCThKvzIAOhR4nHJ8QdhXOABysaQGiVXpza3HeWqhU2nbo0rlt1BvIJ9D99Vw9-9JJtPEO2FCGeaWMv8Ecu0NMutEsQqzAYk3FT5Ssp3xyBWbvNxqKBcMWbF1IkBb1VO_fDR3hyC2huEELqbR2DPEjk2wrw1csdjlUqHpjBeKHTbmwRPvaOqlCw3x2NnExPLOFGvkbFJRZlG-DbMcUV_aIJTcn6RFsDiC-RhbNdcv4pvyyzgOnYkAgX4t1NXrzE.qZ31MH_IrrRTpA5duCiN7u-nNZOwtN9Y_0C42EtDch4&dib_tag=se&keywords=bags&qid=1763313097&rdc=1&sr=8-100,Bags,2025-11-16 17:11:38
B0B5C5VSSY,"Small Plastic Bags, 300 PCS Mini Baggies, 3 Assorted Sizes, Transparent Jewelry Bag Reclosable, Clear Bag, Resealable Poly Bags for Pill, Beads, Screws, Packaging",Other Bag,N/A,N/A,N/A,Unisex,5.,$0.02,N/A,4.7 out of 5 stars,0,No,4.7,N/A,N/A,https://www.amazon.com/Assorted-Transparent-Reclosable-Resealable-Packaging/dp/B0B5C5VSSY/ref=sr_1_101?dib=eyJ2IjoiMSJ9.2IPQ7VjR-y_otuly9OVeU0zpF8YOGNkmfi4b6Anj4YKBuCThKvzIAOhR4nHJ8QdhXOABysaQGiVXpza3HeWqhU2nbo0rlt1BvIJ9D99Vw9-9JJtPEO2FCGeaWMv8Ecu0NMutEsQqzAYk3FT5Ssp3xyBWbvNxqKBcMWbF1IkBb1VO_fDR3hyC2huEELqbR2DPEjk2wrw1csdjlUqHpjBeKHTbmwRPvaOqlCw3x2NnExPLOFGvkbFJRZlG-DbMcUV_aIJTcn6RFsDiC-RhbNdcv4pvyyzgOnYkAgX4t1NXrzE.qZ31MH_IrrRTpA5duCiN7u-nNZOwtN9Y_0C42EtDch4&dib_tag=se&keywords=bags&qid=1763313097&sr=8-101,Bags,2025-11-16 17:11:38
B07H8QG78V,"Reli. 40 to 45 Gallon Trash Bags Heavy Duty | 250 Trash Bags | Super Sizeable, Black, Garbage for Serious Cleanup",Other Bag,N/A,N/A,Black,Unisex,56.,$0.23,N/A,4.2 out of 5 stars,0,No,4.2,N/A,N/A,https://www.amazon.com/Reli-Sizeable-Garbage-Serious-Cleanup/dp/B07H8QG78V/ref=sr_1_102?dib=eyJ2IjoiMSJ9.2IPQ7VjR-y_otuly9OVeU0zpF8YOGNkmfi4b6Anj4YKBuCThKvzIAOhR4nHJ8QdhXOABysaQGiVXpza3HeWqhU2nbo0rlt1BvIJ9D99Vw9-9JJtPEO2FCGeaWMv8Ecu0NMutEsQqzAYk3FT5Ssp3xyBWbvNxqKBcMWbF1IkBb1VO_fDR3hyC2huEELqbR2DPEjk2wrw1csdjlUqHpjBeKHTbmwRPvaOqlCw3x2NnExPLOFGvkbFJRZlG-DbMcUV_aIJTcn6RFsDiC-RhbNdcv4pvyyzgOnYkAgX4t1NXrzE.qZ31MH_IrrRTpA5duCiN7u-nNZOwtN9Y_0C42EtDch4&dib_tag=se&keywords=bags&qid=1763313097&sr=8-102,Bags,2025-11-16 17:11:38
B0C3WWC4Q7,"Hefty Small Trash Bags, Ocean Water Scent, 4 Gallon, 52 Count",Other Bag,N/A,N/A,N/A,Unisex,7.,$0.14,,4.8 out of 5 stars,0,No,52 Count (Pack of 1),N/A,N/A,https://www.amazon.com/Hefty-Small-Trash-Ocean-Gallon/dp/B0C3WWC4Q7/ref=sr_1_103?dib=eyJ2IjoiMSJ9.2IPQ7VjR-y_otuly9OVeU0zpF8YOGNkmfi4b6Anj4YKBuCThKvzIAOhR4nHJ8QdhXOABysaQGiVXpza3HeWqhU2nbo0rlt1BvIJ9D99Vw9-9JJtPEO2FCGeaWMv8Ecu0NMutEsQqzAYk3FT5Ssp3xyBWbvNxqKBcMWbF1IkBb1VO_fDR3hyC2huEELqbR2DPEjk2wrw1csdjlUqHpjBeKHTbmwRPvaOqlCw3x2NnExPLOFGvkbFJRZlG-DbMcUV_aIJTcn6RFsDiC-RhbNdcv4pvyyzgOnYkAgX4t1NXrzE.qZ31MH_IrrRTpA5duCiN7u-nNZOwtN9Y_0C42EtDch4&dib_tag=se&keywords=bags&qid=1763313097&rdc=1&sr=8-103,Bags,2025-11-16 17:11:38
B000CCZU1K,adidas,Other Bag,N/A,N/A,N/A,Unisex,30.,30.,,4.6 out of 5 stars,0,No,4.6,N/A,N/A,https://www.amazon.com/adidas-Diablo-Duffel-Bag-Black-Size/dp/B000CCZU1K/ref=sr_1_104?dib=eyJ2IjoiMSJ9.2IPQ7VjR-y_otuly9OVeU0zpF8YOGNkmfi4b6Anj4YKBuCThKvzIAOhR4nHJ8QdhXOABysaQGiVXpza3HeWqhU2nbo0rlt1BvIJ9D99Vw9-9JJtPEO2FCGeaWMv8Ecu0NMutEsQqzAYk3FT5Ssp3xyBWbvNxqKBcMWbF1IkBb1VO_fDR3hyC2huEELqbR2DPEjk2wrw1csdjlUqHpjBeKHTbmwRPvaOqlCw3x2NnExPLOFGvkbFJRZlG-DbMcUV_aIJTcn6RFsDiC-RhbNdcv4pvyyzgOnYkAgX4t1NXrzE.qZ31MH_IrrRTpA5duCiN7u-nNZOwtN9Y_0C42EtDch4&dib_tag=se&keywords=bags&qid=1763313097&sr=8-104,Bags,2025-11-16 17:11:38
B09J1QL99Z,Reli. 55-60 Gallon Trash Bags Heavy Duty | 50 Bags | 50-60 Gallon | Large Black Garbage | Made in USA,Other Bag,N/A,N/A,Black,Unisex,23.,$0.48,,4.0 out of 5 stars,0,No,4.0,N/A,N/A,https://www.amazon.com/Reli-SuperValue-Trash-Bags-Contractor/dp/B09J1QL99Z/ref=sr_1_105?dib=eyJ2IjoiMSJ9.2IPQ7VjR-y_otuly9OVeU0zpF8YOGNkmfi4b6Anj4YKBuCThKvzIAOhR4nHJ8QdhXOABysaQGiVXpza3HeWqhU2nbo0rlt1BvIJ9D99Vw9-9JJtPEO2FCGeaWMv8Ecu0NMutEsQqzAYk3FT5Ssp3xyBWbvNxqKBcMWbF1IkBb1VO_fDR3hyC2huEELqbR2DPEjk2wrw1csdjlUqHpjBeKHTbmwRPvaOqlCw3x2NnExPLOFGvkbFJRZlG-DbMcUV_aIJTcn6RFsDiC-RhbNdcv4pvyyzgOnYkAgX4t1NXrzE.qZ31MH_IrrRTpA5duCiN7u-nNZOwtN9Y_0C42EtDch4&dib_tag=se&keywords=bags&qid=1763313097&sr=8-105,Bags,2025-11-16 17:11:38
B01BZ0N7DK,"Hefty Strong White 13 Gallon Trash Bags with Drawstrings, Unscented Tall Kitchen Trash Bags, Resists Leaks, Punctures, and Tears, Durable Closure, 120 Ct.",Other Bag,N/A,N/A,White,Unisex,17.,$0.15,,4.7 out of 5 stars,0,No,120 Count (Pack of 1),N/A,N/A,https://www.amazon.com/Hefty-Strong-Kitchen-Gallon-Garbage/dp/B01BZ0N7DK/ref=sr_1_106?dib=eyJ2IjoiMSJ9.2IPQ7VjR-y_otuly9OVeU0zpF8YOGNkmfi4b6Anj4YKBuCThKvzIAOhR4nHJ8QdhXOABysaQGiVXpza3HeWqhU2nbo0rlt1BvIJ9D99Vw9-9JJtPEO2FCGeaWMv8Ecu0NMutEsQqzAYk3FT5Ssp3xyBWbvNxqKBcMWbF1IkBb1VO_fDR3hyC2huEELqbR2DPEjk2wrw1csdjlUqHpjBeKHTbmwRPvaOqlCw3x2NnExPLOFGvkbFJRZlG-DbMcUV_aIJTcn6RFsDiC-RhbNdcv4pvyyzgOnYkAgX4t1NXrzE.qZ31MH_IrrRTpA5duCiN7u-nNZOwtN9Y_0C42EtDch4&dib_tag=se&keywords=bags&qid=1763313097&rdc=1&sr=8-106,Bags,2025-11-16 17:11:38
B09M6K1XD8,"OCHEAL Makeup Bag, Portable Cosmetic Bag, Large Capacity Travel Makeup Case Organizer, Black For Women Toiletry Bag for Girls Traveling With Handle and Divider",Travel Bag,N/A,N/A,Black,Women,12.,$12.99,N/A,4.7 out of 5 stars,0,No,4.7,N/A,N/A,https://www.amazon.com/Portable-Cosmetic-Capacity-Organizer-Traveling/dp/B09M6K1XD8/ref=sr_1_107?dib=eyJ2IjoiMSJ9.2IPQ7VjR-y_otuly9OVeU0zpF8YOGNkmfi4b6Anj4YKBuCThKvzIAOhR4nHJ8QdhXOABysaQGiVXpza3HeWqhU2nbo0rlt1BvIJ9D99Vw9-9JJtPEO2FCGeaWMv8Ecu0NMutEsQqzAYk3FT5Ssp3xyBWbvNxqKBcMWbF1IkBb1VO_fDR3hyC2huEELqbR2DPEjk2wrw1csdjlUqHpjBeKHTbmwRPvaOqlCw3x2NnExPLOFGvkbFJRZlG-DbMcUV_aIJTcn6RFsDiC-RhbNdcv4pvyyzgOnYkAgX4t1NXrzE.qZ31MH_IrrRTpA5duCiN7u-nNZOwtN9Y_0C42EtDch4&dib_tag=se&keywords=bags&qid=1763313097&sr=8-107,Bags,2025-11-16 17:11:38
B07515TW8M,"Ultrasac Heavy Duty 45 Gallon Trash Bags Huge 50 Count/w Ties) - 1.8 MIL - 38"" x 45"" - Large Black Plastic Garbage Bags for Contractor, Industrial, Home, Kitchen, Commercial, Yard, Lawn, Leaf",Other Bag,N/A,N/A,Black,Unisex,20.,$0.42,,4.5 out of 5 stars,0,No,4.5,N/A,N/A,https://www.amazon.com/Count-ULTRASAC-Thicker-Standard-Gallon/dp/B07515TW8M/ref=sr_1_108?dib=eyJ2IjoiMSJ9.2IPQ7VjR-y_otuly9OVeU0zpF8YOGNkmfi4b6Anj4YKBuCThKvzIAOhR4nHJ8QdhXOABysaQGiVXpza3HeWqhU2nbo0rlt1BvIJ9D99Vw9-9JJtPEO2FCGeaWMv8Ecu0NMutEsQqzAYk3FT5Ssp3xyBWbvNxqKBcMWbF1IkBb1VO_fDR3hyC2huEELqbR2DPEjk2wrw1csdjlUqHpjBeKHTbmwRPvaOqlCw3x2NnExPLOFGvkbFJRZlG-DbMcUV_aIJTcn6RFsDiC-RhbNdcv4pvyyzgOnYkAgX4t1NXrzE.qZ31MH_IrrRTpA5duCiN7u-nNZOwtN9Y_0C42EtDch4&dib_tag=se&keywords=bags&qid=1763313097&sr=8-108,Bags,2025-11-16 17:11:38
B0CL8ZM6BN,"BAGSMART Crush Tote Bag for Women, 20L Puffer Work Tote with Zipper, Travel Essentials Quilted Nurse Hospital Bag",Tote Bag,N/A,N/A,N/A,Women,19.,$29.99,N/A,4.6 out of 5 stars,0,No,4.6,N/A,Limited time deal,https://www.amazon.com/BAGSMART-Zipper-Quilted-Puffer-Handbag/dp/B0CL8ZM6BN/ref=sr_1_109?dib=eyJ2IjoiMSJ9.2IPQ7VjR-y_otuly9OVeU0zpF8YOGNkmfi4b6Anj4YKBuCThKvzIAOhR4nHJ8QdhXOABysaQGiVXpza3HeWqhU2nbo0rlt1BvIJ9D99Vw9-9JJtPEO2FCGeaWMv8Ecu0NMutEsQqzAYk3FT5Ssp3xyBWbvNxqKBcMWbF1IkBb1VO_fDR3hyC2huEELqbR2DPEjk2wrw1csdjlUqHpjBeKHTbmwRPvaOqlCw3x2NnExPLOFGvkbFJRZlG-DbMcUV_aIJTcn6RFsDiC-RhbNdcv4pvyyzgOnYkAgX4t1NXrzE.qZ31MH_IrrRTpA5duCiN7u-nNZOwtN9Y_0C42EtDch4&dib_tag=se&keywords=bags&qid=1763313097&sr=8-109,Bags,2025-11-16 17:11:38
B0CC67GJSK,"24pcs Mesh Zipper Pouch Bags - 8 Sizes Plastic Zipper Pouches for Organization, Mesh Bags with Zipper, Waterproof Clear Travel Pouches, UMETDO File Bag with Zipper for Office Supplies",Travel Bag,N/A,N/A,N/A,Unisex,9.,$0.42,N/A,4.6 out of 5 stars,0,No,4.6,N/A,N/A,https://www.amazon.com/24pcs-Mesh-Zipper-Pouch-Bags/dp/B0CC67GJSK/ref=sr_1_110?dib=eyJ2IjoiMSJ9.2IPQ7VjR-y_otuly9OVeU0zpF8YOGNkmfi4b6Anj4YKBuCThKvzIAOhR4nHJ8QdhXOABysaQGiVXpza3HeWqhU2nbo0rlt1BvIJ9D99Vw9-9JJtPEO2FCGeaWMv8Ecu0NMutEsQqzAYk3FT5Ssp3xyBWbvNxqKBcMWbF1IkBb1VO_fDR3hyC2huEELqbR2DPEjk2wrw1csdjlUqHpjBeKHTbmwRPvaOqlCw3x2NnExPLOFGvkbFJRZlG-DbMcUV_aIJTcn6RFsDiC-RhbNdcv4pvyyzgOnYkAgX4t1NXrzE.qZ31MH_IrrRTpA5duCiN7u-nNZOwtN9Y_0C42EtDch4&dib_tag=se&keywords=bags&qid=1763313097&sr=8-110,Bags,2025-11-16 17:11:38
B0B1ZHYV1M,"105 Count Small Trash Bags, 4 Gallon Garbage Can Liners - Unscented Wastebasket Trash Bags for Bathroom, Kitchen, Bedroom, Cleaning Supplies (15 Liter)",Other Bag,N/A,N/A,N/A,Unisex,11.,$0.11,N/A,4.5 out of 5 stars,0,No,4.5,N/A,N/A,https://www.amazon.com/Count-Small-Gallon-Garbage-Liners/dp/B0B1ZHYV1M/ref=sr_1_111?dib=eyJ2IjoiMSJ9.2IPQ7VjR-y_otuly9OVeU0zpF8YOGNkmfi4b6Anj4YKBuCThKvzIAOhR4nHJ8QdhXOABysaQGiVXpza3HeWqhU2nbo0rlt1BvIJ9D99Vw9-9JJtPEO2FCGeaWMv8Ecu0NMutEsQqzAYk3FT5Ssp3xyBWbvNxqKBcMWbF1IkBb1VO_fDR3hyC2huEELqbR2DPEjk2wrw1csdjlUqHpjBeKHTbmwRPvaOqlCw3x2NnExPLOFGvkbFJRZlG-DbMcUV_aIJTcn6RFsDiC-RhbNdcv4pvyyzgOnYkAgX4t1NXrzE.qZ31MH_IrrRTpA5duCiN7u-nNZOwtN9Y_0C42EtDch4&dib_tag=se&keywords=bags&qid=1763313097&sr=8-111,Bags,2025-11-16 17:11:38
B09YLV5Q13,"PARSUP Christmas Gift Bags, Multifunctional Non-Woven Tote Treat Christmas Bags with Handles for Gifts Wrapping Shopping, Xmas Party Supplies",Tote Bag,N/A,N/A,N/A,Unisex,7.,$0.96,N/A,4.6 out of 5 stars,0,No,Red + Green +Blue,N/A,Save 15%,https://www.amazon.com/Christmas-Multifunctional-Non-Woven-Wrapping-Shopping/dp/B09YLV5Q13/ref=sr_1_112?dib=eyJ2IjoiMSJ9.2IPQ7VjR-y_otuly9OVeU0zpF8YOGNkmfi4b6Anj4YKBuCThKvzIAOhR4nHJ8QdhXOABysaQGiVXpza3HeWqhU2nbo0rlt1BvIJ9D99Vw9-9JJtPEO2FCGeaWMv8Ecu0NMutEsQqzAYk3FT5Ssp3xyBWbvNxqKBcMWbF1IkBb1VO_fDR3hyC2huEELqbR2DPEjk2wrw1csdjlUqHpjBeKHTbmwRPvaOqlCw3x2NnExPLOFGvkbFJRZlG-DbMcUV_aIJTcn6RFsDiC-RhbNdcv4pvyyzgOnYkAgX4t1NXrzE.qZ31MH_IrrRTpA5duCiN7u-nNZOwtN9Y_0C42EtDch4&dib_tag=se&keywords=bags&qid=1763313097&sr=8-112,Bags,2025-11-16 17:11:38
B0CRKH5W5T,12 Pack Canvas Tote Bag - Lightweight Thin Tote Bags Bulk Blank Shopping Reusable Grocery Bags for DIY Gift Sublimation Activity - Beige,Tote Bag,N/A,Canvas,Beige,Unisex,15.,$19.99,N/A,4.4 out of 5 stars,0,No,4.4,N/A,N/A,https://www.amazon.com/Carbrea-Pack-Canvas-Tote-Bag/dp/B0CRKH5W5T/ref=sr_1_113?dib=eyJ2IjoiMSJ9.2IPQ7VjR-y_otuly9OVeU0zpF8YOGNkmfi4b6Anj4YKBuCThKvzIAOhR4nHJ8QdhXOABysaQGiVXpza3HeWqhU2nbo0rlt1BvIJ9D99Vw9-9JJtPEO2FCGeaWMv8Ecu0NMutEsQqzAYk3FT5Ssp3xyBWbvNxqKBcMWbF1IkBb1VO_fDR3hyC2huEELqbR2DPEjk2wrw1csdjlUqHpjBeKHTbmwRPvaOqlCw3x2NnExPLOFGvkbFJRZlG-DbMcUV_aIJTcn6RFsDiC-RhbNdcv4pvyyzgOnYkAgX4t1NXrzE.qZ31MH_IrrRTpA5duCiN7u-nNZOwtN9Y_0C42EtDch4&dib_tag=se&keywords=bags&qid=1763313097&sr=8-113,Bags,2025-11-16 17:11:38
B0CGR1XGVX,"TOPBAG Travel Duffle Bag, Waterproof Weekender Carry On Tote Bags for Women, Sport Gym Bag for Men, Hospital Bag for Labor and Delivery, Overnight Luggage Bag with Trolley Sleeve Coral Pink",Tote Bag,N/A,N/A,Pink,Women,18.,18.,N/A,4.6 out of 5 stars,0,No,4.6,N/A,N/A,https://www.amazon.com/Waterproof-Weekender-Essentials-Hospital-Overnight/dp/B0CGR1XGVX/ref=sr_1_114?dib=eyJ2IjoiMSJ9.2IPQ7VjR-y_otuly9OVeU0zpF8YOGNkmfi4b6Anj4YKBuCThKvzIAOhR4nHJ8QdhXOABysaQGiVXpza3HeWqhU2nbo0rlt1BvIJ9D99Vw9-9JJtPEO2FCGeaWMv8Ecu0NMutEsQqzAYk3FT5Ssp3xyBWbvNxqKBcMWbF1IkBb1VO_fDR3hyC2huEELqbR2DPEjk2wrw1csdjlUqHpjBeKHTbmwRPvaOqlCw3x2NnExPLOFGvkbFJRZlG-DbMcUV_aIJTcn6RFsDiC-RhbNdcv4pvyyzgOnYkAgX4t1NXrzE.qZ31MH_IrrRTpA5duCiN7u-nNZOwtN9Y_0C42EtDch4&dib_tag=se&keywords=bags&qid=1763313097&sr=8-114,Bags,2025-11-16 17:11:38
B07QXHTJCQ,"MAY TREE Clear Bag for Stadium Events 12×6×12 Clear Tote Lunch Bag with Reinforced Strap for Work, Concert and Sports, Black",Tote Bag,N/A,N/A,Black,Unisex,15.,$19.99,N/A,4.6 out of 5 stars,0,No,4.6,N/A,N/A,https://www.amazon.com/Approved-Reinforced-Shoulder-Transparent-Festival/dp/B07QXHTJCQ/ref=sr_1_115?dib=eyJ2IjoiMSJ9.2IPQ7VjR-y_otuly9OVeU0zpF8YOGNkmfi4b6Anj4YKBuCThKvzIAOhR4nHJ8QdhXOABysaQGiVXpza3HeWqhU2nbo0rlt1BvIJ9D99Vw9-9JJtPEO2FCGeaWMv8Ecu0NMutEsQqzAYk3FT5Ssp3xyBWbvNxqKBcMWbF1IkBb1VO_fDR3hyC2huEELqbR2DPEjk2wrw1csdjlUqHpjBeKHTbmwRPvaOqlCw3x2NnExPLOFGvkbFJRZlG-DbMcUV_aIJTcn6RFsDiC-RhbNdcv4pvyyzgOnYkAgX4t1NXrzE.qZ31MH_IrrRTpA5duCiN7u-nNZOwtN9Y_0C42EtDch4&dib_tag=se&keywords=bags&qid=1763313097&sr=8-115,Bags,2025-11-16 17:11:38
B09W2G325H,"ETRONIK Gym Bag for Women, Personal Item Travel Bag with Shoes Compartment, Weekender Overnight Duffel Bag with Wet Pocket & USB Charging Port, Carry On Bag for Women, Travel, Gym, Weekend (Beige)",Travel Bag,N/A,N/A,Beige,Women,19.,$36.99,N/A,4.6 out of 5 stars,0,No,4.6,N/A,Ends in 14:48:21,https://www.amazon.com/Sports-Charging-Weekender-Overnight-Compartment/dp/B09W2G325H/ref=sr_1_116?dib=eyJ2IjoiMSJ9.2IPQ7VjR-y_otuly9OVeU0zpF8YOGNkmfi4b6Anj4YKBuCThKvzIAOhR4nHJ8QdhXOABysaQGiVXpza3HeWqhU2nbo0rlt1BvIJ9D99Vw9-9JJtPEO2FCGeaWMv8Ecu0NMutEsQqzAYk3FT5Ssp3xyBWbvNxqKBcMWbF1IkBb1VO_fDR3hyC2huEELqbR2DPEjk2wrw1csdjlUqHpjBeKHTbmwRPvaOqlCw3x2NnExPLOFGvkbFJRZlG-DbMcUV_aIJTcn6RFsDiC-RhbNdcv4pvyyzgOnYkAgX4t1NXrzE.qZ31MH_IrrRTpA5duCiN7u-nNZOwtN9Y_0C42EtDch4&dib_tag=se&keywords=bags&qid=1763313097&sr=8-116,Bags,2025-11-16 17:11:38
B086MLWGZW,"Extra Large Duffle Bag Lightweight, 96L Travel Duffle Bag Foldable for Men Women, Black",Travel Bag,N/A,N/A,Black,Women,13.,13.,N/A,4.1 out of 5 stars,0,No,4.1,N/A,N/A,https://www.amazon.com/REDSEASONS-Duffle-Lightweight-Travel-Foldable/dp/B086MLWGZW/ref=sr_1_117?dib=eyJ2IjoiMSJ9.2IPQ7VjR-y_otuly9OVeU0zpF8YOGNkmfi4b6Anj4YKBuCThKvzIAOhR4nHJ8QdhXOABysaQGiVXpza3HeWqhU2nbo0rlt1BvIJ9D99Vw9-9JJtPEO2FCGeaWMv8Ecu0NMutEsQqzAYk3FT5Ssp3xyBWbvNxqKBcMWbF1IkBb1VO_fDR3hyC2huEELqbR2DPEjk2wrw1csdjlUqHpjBeKHTbmwRPvaOqlCw3x2NnExPLOFGvkbFJRZlG-DbMcUV_aIJTcn6RFsDiC-RhbNdcv4pvyyzgOnYkAgX4t1NXrzE.qZ31MH_IrrRTpA5duCiN7u-nNZOwtN9Y_0C42EtDch4&dib_tag=se&keywords=bags&qid=1763313097&sr=8-117,Bags,2025-11-16 17:11:38
B0CMZRBH7Z,MAQIHAN Clear PVC Gift Bags with Handles - 10PCS Mini Party Favor Bags Transparent Party Favour Plastic Gift Bag 5.9X6.29 Inches Tote Goodie Bag Bulk Pvc Plastic Bags with Handles for Gifts,Tote Bag,N/A,N/A,N/A,Unisex,8.,$0.83,N/A,4.6 out of 5 stars,0,No,10pcs Clear,N/A,N/A,https://www.amazon.com/MAQIHAN-Handles-Transparent-Plastic-5-9X6-29/dp/B0CMZRBH7Z/ref=sr_1_118?dib=eyJ2IjoiMSJ9.2IPQ7VjR-y_otuly9OVeU0zpF8YOGNkmfi4b6Anj4YKBuCThKvzIAOhR4nHJ8QdhXOABysaQGiVXpza3HeWqhU2nbo0rlt1BvIJ9D99Vw9-9JJtPEO2FCGeaWMv8Ecu0NMutEsQqzAYk3FT5Ssp3xyBWbvNxqKBcMWbF1IkBb1VO_fDR3hyC2huEELqbR2DPEjk2wrw1csdjlUqHpjBeKHTbmwRPvaOqlCw3x2NnExPLOFGvkbFJRZlG-DbMcUV_aIJTcn6RFsDiC-RhbNdcv4pvyyzgOnYkAgX4t1NXrzE.qZ31MH_IrrRTpA5duCiN7u-nNZOwtN9Y_0C42EtDch4&dib_tag=se&keywords=bags&qid=1763313097&sr=8-118,Bags,2025-11-16 17:11:38
B09NX7BGKT,"Lyellfe 45 Pieces Brown Gift Bags, Heavy Duty Kraft Paper Bags with Handle Bulk, Assorted Recycled Shopping Retail Merchandise Bags for Valentines Day, Birthday, Wedding",Other Bag,N/A,N/A,Brown,Unisex,25.,$0.57,N/A,4.3 out of 5 stars,0,No,Brown,N/A,N/A,https://www.amazon.com/Lyellfe-Assoorted-Recycled-Merchandise-Graduation/dp/B09NX7BGKT/ref=sr_1_119?dib=eyJ2IjoiMSJ9.2IPQ7VjR-y_otuly9OVeU0zpF8YOGNkmfi4b6Anj4YKBuCThKvzIAOhR4nHJ8QdhXOABysaQGiVXpza3HeWqhU2nbo0rlt1BvIJ9D99Vw9-9JJtPEO2FCGeaWMv8Ecu0NMutEsQqzAYk3FT5Ssp3xyBWbvNxqKBcMWbF1IkBb1VO_fDR3hyC2huEELqbR2DPEjk2wrw1csdjlUqHpjBeKHTbmwRPvaOqlCw3x2NnExPLOFGvkbFJRZlG-DbMcUV_aIJTcn6RFsDiC-RhbNdcv4pvyyzgOnYkAgX4t1NXrzE.qZ31MH_IrrRTpA5duCiN7u-nNZOwtN9Y_0C42EtDch4&dib_tag=se&keywords=bags&qid=1763313097&sr=8-119,Bags,2025-11-16 17:11:38
B092ZDHJMN,"Fab totes Storage Bags,Clothes Blanket Storage Bins Foldable Closet Organizers with Reinforced Handle for Home Dorm Storage and Organization,Fabric Bags for Organizing Bed Sheets,Clothing,Comforters",Tote Bag,N/A,N/A,N/A,Unisex,16.,$2.76,N/A,4.3 out of 5 stars,0,No,4.3,N/A,N/A,https://www.amazon.com/Fab-totes-Containers-Organizing-Organization/dp/B092ZDHJMN/ref=sr_1_120?dib=eyJ2IjoiMSJ9.2IPQ7VjR-y_otuly9OVeU0zpF8YOGNkmfi4b6Anj4YKBuCThKvzIAOhR4nHJ8QdhXOABysaQGiVXpza3HeWqhU2nbo0rlt1BvIJ9D99Vw9-9JJtPEO2FCGeaWMv8Ecu0NMutEsQqzAYk3FT5Ssp3xyBWbvNxqKBcMWbF1IkBb1VO_fDR3hyC2huEELqbR2DPEjk2wrw1csdjlUqHpjBeKHTbmwRPvaOqlCw3x2NnExPLOFGvkbFJRZlG-DbMcUV_aIJTcn6RFsDiC-RhbNdcv4pvyyzgOnYkAgX4t1NXrzE.qZ31MH_IrrRTpA5duCiN7u-nNZOwtN9Y_0C42EtDch4&dib_tag=se&keywords=bags&qid=1763313097&sr=8-120,Bags,2025-11-16 17:11:38
B09P4V72F8,KALIDI Women Corduroy Tote Bag Zipper Casual Tote's Handbag Big Capacity Shoulder Bag with Pockets,Handbag,N/A,N/A,N/A,Women,9.,9.,N/A,4.6 out of 5 stars,0,No,4.6,N/A,N/A,https://www.amazon.com/KALIDI-Corduroy-Handbag-Capacity-Shoulder/dp/B09P4V72F8/ref=sr_1_121?dib=eyJ2IjoiMSJ9.2IPQ7VjR-y_otuly9OVeU0zpF8YOGNkmfi4b6Anj4YKBuCThKvzIAOhR4nHJ8QdhXOABysaQGiVXpza3HeWqhU2nbo0rlt1BvIJ9D99Vw9-9JJtPEO2FCGeaWMv8Ecu0NMutEsQqzAYk3FT5Ssp3xyBWbvNxqKBcMWbF1IkBb1VO_fDR3hyC2huEELqbR2DPEjk2wrw1csdjlUqHpjBeKHTbmwRPvaOqlCw3x2NnExPLOFGvkbFJRZlG-DbMcUV_aIJTcn6RFsDiC-RhbNdcv4pvyyzgOnYkAgX4t1NXrzE.qZ31MH_IrrRTpA5duCiN7u-nNZOwtN9Y_0C42EtDch4&dib_tag=se&keywords=bags&qid=1763313097&sr=8-121,Bags,2025-11-16 17:11:38
B07V9XQ7JB,"Lightweight Canvas Duffle Bags for Men & Women For Traveling, the Gym, and as Sports Equipment Bag/Organizer",Travel Bag,N/A,Canvas,N/A,Women,15.,15.,N/A,4.0 out of 5 stars,0,No,4.0,N/A,N/A,https://www.amazon.com/Lightweight-Canvas-Traveling-Equipment-Organizer/dp/B07V9XQ7JB/ref=sr_1_122?dib=eyJ2IjoiMSJ9.2IPQ7VjR-y_otuly9OVeU0zpF8YOGNkmfi4b6Anj4YKBuCThKvzIAOhR4nHJ8QdhXOABysaQGiVXpza3HeWqhU2nbo0rlt1BvIJ9D99Vw9-9JJtPEO2FCGeaWMv8Ecu0NMutEsQqzAYk3FT5Ssp3xyBWbvNxqKBcMWbF1IkBb1VO_fDR3hyC2huEELqbR2DPEjk2wrw1csdjlUqHpjBeKHTbmwRPvaOqlCw3x2NnExPLOFGvkbFJRZlG-DbMcUV_aIJTcn6RFsDiC-RhbNdcv4pvyyzgOnYkAgX4t1NXrzE.qZ31MH_IrrRTpA5duCiN7u-nNZOwtN9Y_0C42EtDch4&dib_tag=se&keywords=bags&qid=1763313097&sr=8-122,Bags,2025-11-16 17:11:38
B0C1BB3PH3,"Syntus Vacuum Sealer Bags, 150 Gallon 11"" x 16"" and Quart 8"" x 12"" and Pint 6"" x 10"" Commercial Grade PreCut Bag, BPA Free Food Vac Bags for Storage, Meal Prep or Sous Vide",Other Bag,N/A,N/A,N/A,Unisex,19.,$0.13,N/A,4.7 out of 5 stars,0,No,4.7,N/A,Limited time deal,https://www.amazon.com/Syntus-Vacuum-Sealer-Commercial-Storage/dp/B0C1BB3PH3/ref=sr_1_123?dib=eyJ2IjoiMSJ9.2IPQ7VjR-y_otuly9OVeU0zpF8YOGNkmfi4b6Anj4YKBuCThKvzIAOhR4nHJ8QdhXOABysaQGiVXpza3HeWqhU2nbo0rlt1BvIJ9D99Vw9-9JJtPEO2FCGeaWMv8Ecu0NMutEsQqzAYk3FT5Ssp3xyBWbvNxqKBcMWbF1IkBb1VO_fDR3hyC2huEELqbR2DPEjk2wrw1csdjlUqHpjBeKHTbmwRPvaOqlCw3x2NnExPLOFGvkbFJRZlG-DbMcUV_aIJTcn6RFsDiC-RhbNdcv4pvyyzgOnYkAgX4t1NXrzE.qZ31MH_IrrRTpA5duCiN7u-nNZOwtN9Y_0C42EtDch4&dib_tag=se&keywords=bags&qid=1763313097&sr=8-123,Bags,2025-11-16 17:11:38
B0CP7ZYPQ8,"Canvas Tote Bag for Women,Women's Bags Crossbody Bags Work Laptop Tote Bag Large Handbags Purse for Travel Nurse Teacher",Handbag,N/A,Canvas,N/A,Women,19.,$24.99,N/A,4.4 out of 5 stars,0,No,4.4,N/A,N/A,https://www.amazon.com/ZHMO-Crossbody-Everything-Shoulder-Handbags/dp/B0CP7ZYPQ8/ref=sr_1_124?dib=eyJ2IjoiMSJ9.2IPQ7VjR-y_otuly9OVeU0zpF8YOGNkmfi4b6Anj4YKBuCThKvzIAOhR4nHJ8QdhXOABysaQGiVXpza3HeWqhU2nbo0rlt1BvIJ9D99Vw9-9JJtPEO2FCGeaWMv8Ecu0NMutEsQqzAYk3FT5Ssp3xyBWbvNxqKBcMWbF1IkBb1VO_fDR3hyC2huEELqbR2DPEjk2wrw1csdjlUqHpjBeKHTbmwRPvaOqlCw3x2NnExPLOFGvkbFJRZlG-DbMcUV_aIJTcn6RFsDiC-RhbNdcv4pvyyzgOnYkAgX4t1NXrzE.qZ31MH_IrrRTpA5duCiN7u-nNZOwtN9Y_0C42EtDch4&dib_tag=se&keywords=bags&qid=1763313097&sr=8-124,Bags,2025-11-16 17:11:38
B0B8Y754PS,"YANGTE 20 Pack Christmas Gift Bags Assorted Sizes, Reusable Tote Bags with Handle, Includes 4 Large 8 Medium 8 Small Non-Woven Christmas Bags for Xmas Party Favors",Tote Bag,N/A,N/A,N/A,Unisex,21.,$1.09,N/A,4.8 out of 5 stars,0,No,20-Pack Assorted Sizes,N/A,N/A,https://www.amazon.com/YANGTE-Christmas-Assorted-Reusable-Non-Woven/dp/B0B8Y754PS/ref=sr_1_125?dib=eyJ2IjoiMSJ9.2IPQ7VjR-y_otuly9OVeU0zpF8YOGNkmfi4b6Anj4YKBuCThKvzIAOhR4nHJ8QdhXOABysaQGiVXpza3HeWqhU2nbo0rlt1BvIJ9D99Vw9-9JJtPEO2FCGeaWMv8Ecu0NMutEsQqzAYk3FT5Ssp3xyBWbvNxqKBcMWbF1IkBb1VO_fDR3hyC2huEELqbR2DPEjk2wrw1csdjlUqHpjBeKHTbmwRPvaOqlCw3x2NnExPLOFGvkbFJRZlG-DbMcUV_aIJTcn6RFsDiC-RhbNdcv4pvyyzgOnYkAgX4t1NXrzE.qZ31MH_IrrRTpA5duCiN7u-nNZOwtN9Y_0C42EtDch4&dib_tag=se&keywords=bags&qid=1763313097&sr=8-125,Bags,2025-11-16 17:11:38
B098YPZPXV,Nike Unisex Adult Heritage Crossbody Bag,Crossbody Bag,N/A,N/A,N/A,Unisex,20.,$27.00,N/A,4.6 out of 5 stars,0,No,4.6,N/A,N/A,https://www.amazon.com/NIKE-Sport-Black-White/dp/B098YPZPXV/ref=sr_1_126?dib=eyJ2IjoiMSJ9.2IPQ7VjR-y_otuly9OVeU0zpF8YOGNkmfi4b6Anj4YKBuCThKvzIAOhR4nHJ8QdhXOABysaQGiVXpza3HeWqhU2nbo0rlt1BvIJ9D99Vw9-9JJtPEO2FCGeaWMv8Ecu0NMutEsQqzAYk3FT5Ssp3xyBWbvNxqKBcMWbF1IkBb1VO_fDR3hyC2huEELqbR2DPEjk2wrw1csdjlUqHpjBeKHTbmwRPvaOqlCw3x2NnExPLOFGvkbFJRZlG-DbMcUV_aIJTcn6RFsDiC-RhbNdcv4pvyyzgOnYkAgX4t1NXrzE.qZ31MH_IrrRTpA5duCiN7u-nNZOwtN9Y_0C42EtDch4&dib_tag=se&keywords=bags&qid=1763313097&sr=8-126,Bags,2025-11-16 17:11:38
B0C61LQB6D,"YANGTE 8 Pack Christmas Gift Bags with Handles, Large Non-Woven Tote Bags for Wrapping Xmas Party Favors, 12.8""x9.8""x6.7",Tote Bag,N/A,N/A,N/A,Unisex,9.,9.,N/A,4.7 out of 5 stars,0,No,8-Pack,N/A,N/A,https://www.amazon.com/YANGTE-Christmas-Handles-Non-Woven-Wrapping/dp/B0C61LQB6D/ref=sr_1_127?dib=eyJ2IjoiMSJ9.2IPQ7VjR-y_otuly9OVeU0zpF8YOGNkmfi4b6Anj4YKBuCThKvzIAOhR4nHJ8QdhXOABysaQGiVXpza3HeWqhU2nbo0rlt1BvIJ9D99Vw9-9JJtPEO2FCGeaWMv8Ecu0NMutEsQqzAYk3FT5Ssp3xyBWbvNxqKBcMWbF1IkBb1VO_fDR3hyC2huEELqbR2DPEjk2wrw1csdjlUqHpjBeKHTbmwRPvaOqlCw3x2NnExPLOFGvkbFJRZlG-DbMcUV_aIJTcn6RFsDiC-RhbNdcv4pvyyzgOnYkAgX4t1NXrzE.qZ31MH_IrrRTpA5duCiN7u-nNZOwtN9Y_0C42EtDch4&dib_tag=se&keywords=bags&qid=1763313097&sr=8-127,Bags,2025-11-16 17:11:38
B0BC1GY2N9,"Iioscre Corduroy Tote Bag for Women,Hobo HandBags with Zipper,Large Capacity Casual Shoulder Handbags with Inner Pockets",Handbag,N/A,N/A,N/A,Women,12.,12.,N/A,4.6 out of 5 stars,0,No,4.6,N/A,N/A,https://www.amazon.com/Corduroy-Tote-Capacity-Shoulder-Pockets/dp/B0BC1GY2N9/ref=sr_1_128?dib=eyJ2IjoiMSJ9.2IPQ7VjR-y_otuly9OVeU0zpF8YOGNkmfi4b6Anj4YKBuCThKvzIAOhR4nHJ8QdhXOABysaQGiVXpza3HeWqhU2nbo0rlt1BvIJ9D99Vw9-9JJtPEO2FCGeaWMv8Ecu0NMutEsQqzAYk3FT5Ssp3xyBWbvNxqKBcMWbF1IkBb1VO_fDR3hyC2huEELqbR2DPEjk2wrw1csdjlUqHpjBeKHTbmwRPvaOqlCw3x2NnExPLOFGvkbFJRZlG-DbMcUV_aIJTcn6RFsDiC-RhbNdcv4pvyyzgOnYkAgX4t1NXrzE.qZ31MH_IrrRTpA5duCiN7u-nNZOwtN9Y_0C42EtDch4&dib_tag=se&keywords=bags&qid=1763313097&sr=8-128,Bags,2025-11-16 17:11:38
B0986X2YBX,"Vomgomfom 65L/85L/115L Foldable Travel Duffle Bag, Lightweight Checked Luggage with Shoe Compartment, Water-Resistant Weekender Overnight Bag for Men & Women",Travel Bag,N/A,N/A,N/A,Women,19.,19.,N/A,4.3 out of 5 stars,0,No,4.3,N/A,N/A,https://www.amazon.com/Vomgomfom-Bag-Weekender-Compartment-Overnight-Waterproof/dp/B0986X2YBX/ref=sr_1_129?dib=eyJ2IjoiMSJ9.2IPQ7VjR-y_otuly9OVeU0zpF8YOGNkmfi4b6Anj4YKBuCThKvzIAOhR4nHJ8QdhXOABysaQGiVXpza3HeWqhU2nbo0rlt1BvIJ9D99Vw9-9JJtPEO2FCGeaWMv8Ecu0NMutEsQqzAYk3FT5Ssp3xyBWbvNxqKBcMWbF1IkBb1VO_fDR3hyC2huEELqbR2DPEjk2wrw1csdjlUqHpjBeKHTbmwRPvaOqlCw3x2NnExPLOFGvkbFJRZlG-DbMcUV_aIJTcn6RFsDiC-RhbNdcv4pvyyzgOnYkAgX4t1NXrzE.qZ31MH_IrrRTpA5duCiN7u-nNZOwtN9Y_0C42EtDch4&dib_tag=se&keywords=bags&qid=1763313097&sr=8-129,Bags,2025-11-16 17:11:38
B0D86HKM9L,"ETRONIK Gym Bag for Men Women, Carry on Luggage 22x14x9 Airline Approved, Tactical Travel Duffle Bag with Toiletry Bag and Shoe Compartment, Weekender Overnight with Wet Pocket for Workout, Black",Travel Bag,N/A,N/A,Black,Women,29.,$39.99,,4.7 out of 5 stars,0,No,4.7,N/A,Ends in 14:48:21,https://www.amazon.com/ETRONIK-Tactical-Weekender-Compartment-Overnight/dp/B0D86HKM9L/ref=sr_1_130?dib=eyJ2IjoiMSJ9.2IPQ7VjR-y_otuly9OVeU0zpF8YOGNkmfi4b6Anj4YKBuCThKvzIAOhR4nHJ8QdhXOABysaQGiVXpza3HeWqhU2nbo0rlt1BvIJ9D99Vw9-9JJtPEO2FCGeaWMv8Ecu0NMutEsQqzAYk3FT5Ssp3xyBWbvNxqKBcMWbF1IkBb1VO_fDR3hyC2huEELqbR2DPEjk2wrw1csdjlUqHpjBeKHTbmwRPvaOqlCw3x2NnExPLOFGvkbFJRZlG-DbMcUV_aIJTcn6RFsDiC-RhbNdcv4pvyyzgOnYkAgX4t1NXrzE.qZ31MH_IrrRTpA5duCiN7u-nNZOwtN9Y_0C42EtDch4&dib_tag=se&keywords=bags&qid=1763313097&sr=8-130,Bags,2025-11-16 17:11:38
B0F9TG6QSJ,"Personalized Canvas Tote Bag for Women - Makeup Pouch, Initial Beach Bag for Travel, Birthday, Teacher, Mom, Brides",Tote Bag,N/A,Canvas,N/A,Women,8.,8.,N/A,4.8 out of 5 stars,0,No,4.8,N/A,N/A,https://www.amazon.com/GENGBIN-Personalized-Canvas-Monogrammed-Zipper/dp/B0F9TG6QSJ/ref=sr_1_131?dib=eyJ2IjoiMSJ9.2IPQ7VjR-y_otuly9OVeU0zpF8YOGNkmfi4b6Anj4YKBuCThKvzIAOhR4nHJ8QdhXOABysaQGiVXpza3HeWqhU2nbo0rlt1BvIJ9D99Vw9-9JJtPEO2FCGeaWMv8Ecu0NMutEsQqzAYk3FT5Ssp3xyBWbvNxqKBcMWbF1IkBb1VO_fDR3hyC2huEELqbR2DPEjk2wrw1csdjlUqHpjBeKHTbmwRPvaOqlCw3x2NnExPLOFGvkbFJRZlG-DbMcUV_aIJTcn6RFsDiC-RhbNdcv4pvyyzgOnYkAgX4t1NXrzE.qZ31MH_IrrRTpA5duCiN7u-nNZOwtN9Y_0C42EtDch4&dib_tag=se&keywords=bags&qid=1763313097&sr=8-131,Bags,2025-11-16 17:11:38
B0B6VPR75Y,"BAGSMART Tote Bag for Women, Foldable Tote Bag With Zipper Travel Large Shoulder Bag Handbag for Work-16.5''l X 6''wx 14''h",Handbag,N/A,N/A,N/A,Women,24.,24.,N/A,4.5 out of 5 stars,0,No,4.5,N/A,N/A,https://www.amazon.com/BAGSMART-Foldable-Shoulder-Handbag-Shopping/dp/B0B6VPR75Y/ref=sr_1_132?dib=eyJ2IjoiMSJ9.2IPQ7VjR-y_otuly9OVeU0zpF8YOGNkmfi4b6Anj4YKBuCThKvzIAOhR4nHJ8QdhXOABysaQGiVXpza3HeWqhU2nbo0rlt1BvIJ9D99Vw9-9JJtPEO2FCGeaWMv8Ecu0NMutEsQqzAYk3FT5Ssp3xyBWbvNxqKBcMWbF1IkBb1VO_fDR3hyC2huEELqbR2DPEjk2wrw1csdjlUqHpjBeKHTbmwRPvaOqlCw3x2NnExPLOFGvkbFJRZlG-DbMcUV_aIJTcn6RFsDiC-RhbNdcv4pvyyzgOnYkAgX4t1NXrzE.qZ31MH_IrrRTpA5duCiN7u-nNZOwtN9Y_0C42EtDch4&dib_tag=se&keywords=bags&qid=1763313097&sr=8-132,Bags,2025-11-16 17:11:38
B0C58Q4FM1,"LOVEVOOK Travel Duffle Bag,Weekender Bags for Women with Shoe Compartment，Carry on Overnight Bag with Toiletry Bag,Gym Duffel Bag with Wet Pocket, Hospital Bags for Labor and Delivery",Travel Bag,N/A,N/A,N/A,Women,28.,$36.99,N/A,4.7 out of 5 stars,0,No,4.7,N/A,N/A,https://www.amazon.com/LOVEVOOK-Weekender-Compartment-Toiletry-Hospital/dp/B0C58Q4FM1/ref=sr_1_133?dib=eyJ2IjoiMSJ9.2IPQ7VjR-y_otuly9OVeU0zpF8YOGNkmfi4b6Anj4YKBuCThKvzIAOhR4nHJ8QdhXOABysaQGiVXpza3HeWqhU2nbo0rlt1BvIJ9D99Vw9-9JJtPEO2FCGeaWMv8Ecu0NMutEsQqzAYk3FT5Ssp3xyBWbvNxqKBcMWbF1IkBb1VO_fDR3hyC2huEELqbR2DPEjk2wrw1csdjlUqHpjBeKHTbmwRPvaOqlCw3x2NnExPLOFGvkbFJRZlG-DbMcUV_aIJTcn6RFsDiC-RhbNdcv4pvyyzgOnYkAgX4t1NXrzE.qZ31MH_IrrRTpA5duCiN7u-nNZOwtN9Y_0C42EtDch4&dib_tag=se&keywords=bags&qid=1763313097&sr=8-133,Bags,2025-11-16 17:11:38
B0B9KRR97K,"Lenovo Laptop Bag T210, Messenger Shoulder Bag for Laptop or Tablet, Sleek, Durable & Water-Repellent Fabric",Shoulder Bag,N/A,N/A,N/A,Unisex,19.,19.,N/A,4.6 out of 5 stars,0,No,4.6,N/A,N/A,https://www.amazon.com/Lenovo-Shoulder-17-inch-Water-Repellent-GX41K07198/dp/B0B9KRR97K/ref=sr_1_134?dib=eyJ2IjoiMSJ9.2IPQ7VjR-y_otuly9OVeU0zpF8YOGNkmfi4b6Anj4YKBuCThKvzIAOhR4nHJ8QdhXOABysaQGiVXpza3HeWqhU2nbo0rlt1BvIJ9D99Vw9-9JJtPEO2FCGeaWMv8Ecu0NMutEsQqzAYk3FT5Ssp3xyBWbvNxqKBcMWbF1IkBb1VO_fDR3hyC2huEELqbR2DPEjk2wrw1csdjlUqHpjBeKHTbmwRPvaOqlCw3x2NnExPLOFGvkbFJRZlG-DbMcUV_aIJTcn6RFsDiC-RhbNdcv4pvyyzgOnYkAgX4t1NXrzE.qZ31MH_IrrRTpA5duCiN7u-nNZOwtN9Y_0C42EtDch4&dib_tag=se&keywords=bags&qid=1763313097&sr=8-134,Bags,2025-11-16 17:11:38
