asin,product_name,toy_category,brand,age_range,gender_target,material,color,educational,current_price,original_price,discount,rating,review_count,prime_eligible,availability,delivery_info,bestseller_badge,product_url,category,scraped_at
B0CP42LHNQ,"Mr. Potato Head Mr. Potato Head Set with 13 Parts and Pieces, Toddler and Preschool Toys for 2 Year Old Boys and Girls and Up",Arts & Crafts,N/A,1-3 years,Girls,N/A,N/A,No,7.,7.,N/A,4.7 out of 5 stars,0,No,4.7,N/A,N/A,https://www.amazon.com/Potato-Parts-Pieces-Toddler-Preschool/dp/B0CP42LHNQ/ref=sr_1_1?dib=eyJ2IjoiMSJ9.OSu2m1xyE9HZZ0dFTzt_4LI112_C-OE9z_P3wevz-6Vh4kzwYA-CNukaS210kGAbUPqaGfNDZaURkC-Y2uen9ruGK40_Mxap9l4GHPOdDpKv28eK-Ev7rvcP7k2cmHpHUJZEWErzrw0kPfss2DKNac7AhPYG2xwv8xoyz3PsF3KDC2xiK5RijuHgufj2TuP0dmE33-HTT1WQ0-lbvx_wAc46CRBZtkVpVlR0WD7hEuwGVwEb6cgKsNcqvKwyutFi1Axl8Ctjt-BHmfC-YrJQDfZheV7bQTs1PVKpnH7TScw.CX8ttt3iXfcBu_e-GVpj6XiVo7TcKVoRfvvCNRHrEsM&dib_tag=se&keywords=toys&qid=1763313856&sr=8-1,Toys,2025-11-16 17:24:17
B0C3528VHM,"Play Doh Swirlin' Smoothies Toy Blender Playset, Play Kitchen Appliances, Kids Arts and Crafts Toys for 3 Year Old Girls and Boys and Up",Arts & Crafts,Amazon's Choice: Overall Pick,N/A,Girls,N/A,N/A,No,7.,$9.99,,4.6 out of 5 stars,0,No,Amazon's Choice: Overall Pick,N/A,Overall Pick,https://www.amazon.com/Play-Doh-Swirlin-Smoothies-Blender-Appliances/dp/B0C3528VHM/ref=sr_1_2?dib=eyJ2IjoiMSJ9.OSu2m1xyE9HZZ0dFTzt_4LI112_C-OE9z_P3wevz-6Vh4kzwYA-CNukaS210kGAbUPqaGfNDZaURkC-Y2uen9ruGK40_Mxap9l4GHPOdDpKv28eK-Ev7rvcP7k2cmHpHUJZEWErzrw0kPfss2DKNac7AhPYG2xwv8xoyz3PsF3KDC2xiK5RijuHgufj2TuP0dmE33-HTT1WQ0-lbvx_wAc46CRBZtkVpVlR0WD7hEuwGVwEb6cgKsNcqvKwyutFi1Axl8Ctjt-BHmfC-YrJQDfZheV7bQTs1PVKpnH7TScw.CX8ttt3iXfcBu_e-GVpj6XiVo7TcKVoRfvvCNRHrEsM&dib_tag=se&keywords=toys&qid=1763313856&sr=8-2,Toys,2025-11-16 17:24:17
B0CPN7F49B,Fisher-Price Little People Toddler Toy Fire Truck Musical Push-Along Vehicle with 2 Figures for Pretend Play Ages 1+ Years,Vehicles,N/A,1-3 years,Unisex,N/A,N/A,No,10.,$16.19,N/A,4.9 out of 5 stars,0,No,4.9,N/A,N/A,https://www.amazon.com/Fisher-Price-Toddler-Musical-Push-Along-Vehicle/dp/B0CPN7F49B/ref=sr_1_3?dib=eyJ2IjoiMSJ9.OSu2m1xyE9HZZ0dFTzt_4LI112_C-OE9z_P3wevz-6Vh4kzwYA-CNukaS210kGAbUPqaGfNDZaURkC-Y2uen9ruGK40_Mxap9l4GHPOdDpKv28eK-Ev7rvcP7k2cmHpHUJZEWErzrw0kPfss2DKNac7AhPYG2xwv8xoyz3PsF3KDC2xiK5RijuHgufj2TuP0dmE33-HTT1WQ0-lbvx_wAc46CRBZtkVpVlR0WD7hEuwGVwEb6cgKsNcqvKwyutFi1Axl8Ctjt-BHmfC-YrJQDfZheV7bQTs1PVKpnH7TScw.CX8ttt3iXfcBu_e-GVpj6XiVo7TcKVoRfvvCNRHrEsM&dib_tag=se&keywords=toys&qid=1763313856&sr=8-3,Toys,2025-11-16 17:24:17
B0DMWKY1HH,"Barbie Mermaid Toy Dolls with Surprise Magic Blooming Flowers Feature, Ombre Tails, Pearl Headband Accessory & Long Blonde Hair with Pink Highlights",Dolls & Accessories,N/A,N/A,Girls,N/A,Pink,No,13.,$21.59,N/A,4.8 out of 5 stars,0,No,4.8,N/A,N/A,https://www.amazon.com/Barbie-Surprise-Blooming-Accessory-Highlights/dp/B0DMWKY1HH/ref=sr_1_4?dib=eyJ2IjoiMSJ9.OSu2m1xyE9HZZ0dFTzt_4LI112_C-OE9z_P3wevz-6Vh4kzwYA-CNukaS210kGAbUPqaGfNDZaURkC-Y2uen9ruGK40_Mxap9l4GHPOdDpKv28eK-Ev7rvcP7k2cmHpHUJZEWErzrw0kPfss2DKNac7AhPYG2xwv8xoyz3PsF3KDC2xiK5RijuHgufj2TuP0dmE33-HTT1WQ0-lbvx_wAc46CRBZtkVpVlR0WD7hEuwGVwEb6cgKsNcqvKwyutFi1Axl8Ctjt-BHmfC-YrJQDfZheV7bQTs1PVKpnH7TScw.CX8ttt3iXfcBu_e-GVpj6XiVo7TcKVoRfvvCNRHrEsM&dib_tag=se&keywords=toys&qid=1763313856&sr=8-4,Toys,2025-11-16 17:24:17
B00P2SNIO0,"Transformers Playskool Heroes Rescue Bots Energize Chase The Police-Bot Action Figure, Ages 3-7 (Amazon Exclusive)",Action Figures,N/A,N/A,Unisex,N/A,N/A,No,8.,$16.99,N/A,4.7 out of 5 stars,0,No,4.7,N/A,Limited time deal,https://www.amazon.com/Playskool-Transformers-Energize-Police-Bot-Exclusive/dp/B00P2SNIO0/ref=sr_1_5?dib=eyJ2IjoiMSJ9.OSu2m1xyE9HZZ0dFTzt_4LI112_C-OE9z_P3wevz-6Vh4kzwYA-CNukaS210kGAbUPqaGfNDZaURkC-Y2uen9ruGK40_Mxap9l4GHPOdDpKv28eK-Ev7rvcP7k2cmHpHUJZEWErzrw0kPfss2DKNac7AhPYG2xwv8xoyz3PsF3KDC2xiK5RijuHgufj2TuP0dmE33-HTT1WQ0-lbvx_wAc46CRBZtkVpVlR0WD7hEuwGVwEb6cgKsNcqvKwyutFi1Axl8Ctjt-BHmfC-YrJQDfZheV7bQTs1PVKpnH7TScw.CX8ttt3iXfcBu_e-GVpj6XiVo7TcKVoRfvvCNRHrEsM&dib_tag=se&keywords=toys&qid=1763313856&sr=8-5,Toys,2025-11-16 17:24:17
B074L8RV1F,"Melissa & Doug Examine and Treat Pet Vet Play Set, 24-Piece Animal Doctor Playset with Dog & Cat Plushies, Pet Doctor Kit & Accessories, Preschool Toys for Girls & Boys Ages 3+",Plush & Stuffed Animals,N/A,3-5 years,Girls,Plush/Fabric,N/A,No,21.,$41.99,N/A,4.8 out of 5 stars,0,No,4.8,N/A,Limited time deal,https://www.amazon.com/Melissa-Doug-Examine-Children-Develop/dp/B074L8RV1F/ref=sr_1_6?dib=eyJ2IjoiMSJ9.OSu2m1xyE9HZZ0dFTzt_4LI112_C-OE9z_P3wevz-6Vh4kzwYA-CNukaS210kGAbUPqaGfNDZaURkC-Y2uen9ruGK40_Mxap9l4GHPOdDpKv28eK-Ev7rvcP7k2cmHpHUJZEWErzrw0kPfss2DKNac7AhPYG2xwv8xoyz3PsF3KDC2xiK5RijuHgufj2TuP0dmE33-HTT1WQ0-lbvx_wAc46CRBZtkVpVlR0WD7hEuwGVwEb6cgKsNcqvKwyutFi1Axl8Ctjt-BHmfC-YrJQDfZheV7bQTs1PVKpnH7TScw.CX8ttt3iXfcBu_e-GVpj6XiVo7TcKVoRfvvCNRHrEsM&dib_tag=se&keywords=toys&qid=1763313856&sr=8-6,Toys,2025-11-16 17:24:17
B0FPM3L14N,"GobiDex 100PCS Magnetic Blocks Prtend Play Playset, Build Magwonder Farm World with STEM Building Toys, Preschool Sensory Gift for Birthday",Building & Construction,N/A,3-5 years,Unisex,N/A,N/A,Yes,19.,19.,N/A,N/A,0,No,Available,N/A,N/A,https://www.amazon.com/GobiDex-Magnetic-Magwonder-Building-Preschool/dp/B0FPM3L14N/ref=sr_1_7?dib=eyJ2IjoiMSJ9.OSu2m1xyE9HZZ0dFTzt_4LI112_C-OE9z_P3wevz-6Vh4kzwYA-CNukaS210kGAbUPqaGfNDZaURkC-Y2uen9ruGK40_Mxap9l4GHPOdDpKv28eK-Ev7rvcP7k2cmHpHUJZEWErzrw0kPfss2DKNac7AhPYG2xwv8xoyz3PsF3KDC2xiK5RijuHgufj2TuP0dmE33-HTT1WQ0-lbvx_wAc46CRBZtkVpVlR0WD7hEuwGVwEb6cgKsNcqvKwyutFi1Axl8Ctjt-BHmfC-YrJQDfZheV7bQTs1PVKpnH7TScw.CX8ttt3iXfcBu_e-GVpj6XiVo7TcKVoRfvvCNRHrEsM&dib_tag=se&keywords=toys&qid=1763313856&sr=8-7,Toys,2025-11-16 17:24:17
B00000IZKX,"The Original Slinky Walking Spring Toy, 2.75-inch Diameter Metal Slinky, Fidget Toys",Other Toys,N/A,N/A,Unisex,Metal,N/A,No,3.,3.,N/A,4.5 out of 5 stars,0,No,4.5,N/A,N/A,https://www.amazon.com/Original-2-75-inch-Diameter-Just-Play/dp/B00000IZKX/ref=sr_1_8?dib=eyJ2IjoiMSJ9.OSu2m1xyE9HZZ0dFTzt_4LI112_C-OE9z_P3wevz-6Vh4kzwYA-CNukaS210kGAbUPqaGfNDZaURkC-Y2uen9ruGK40_Mxap9l4GHPOdDpKv28eK-Ev7rvcP7k2cmHpHUJZEWErzrw0kPfss2DKNac7AhPYG2xwv8xoyz3PsF3KDC2xiK5RijuHgufj2TuP0dmE33-HTT1WQ0-lbvx_wAc46CRBZtkVpVlR0WD7hEuwGVwEb6cgKsNcqvKwyutFi1Axl8Ctjt-BHmfC-YrJQDfZheV7bQTs1PVKpnH7TScw.CX8ttt3iXfcBu_e-GVpj6XiVo7TcKVoRfvvCNRHrEsM&dib_tag=se&keywords=toys&qid=1763313856&sr=8-8,Toys,2025-11-16 17:24:17
B00D8STBHY,"Hasbro Gaming Connect 4 Classic Grid,4 in a Row Game,Strategy Board Games for Kids,2 Player .for Family and Kids,Ages 6 and Up",Games & Board Games,N/A,N/A,Unisex,N/A,N/A,No,8.,$9.99,N/A,4.8 out of 5 stars,0,No,4.8,N/A,N/A,https://www.amazon.com/Hasbro-A5640-Connect-4-Game/dp/B00D8STBHY/ref=sr_1_9?dib=eyJ2IjoiMSJ9.OSu2m1xyE9HZZ0dFTzt_4LI112_C-OE9z_P3wevz-6Vh4kzwYA-CNukaS210kGAbUPqaGfNDZaURkC-Y2uen9ruGK40_Mxap9l4GHPOdDpKv28eK-Ev7rvcP7k2cmHpHUJZEWErzrw0kPfss2DKNac7AhPYG2xwv8xoyz3PsF3KDC2xiK5RijuHgufj2TuP0dmE33-HTT1WQ0-lbvx_wAc46CRBZtkVpVlR0WD7hEuwGVwEb6cgKsNcqvKwyutFi1Axl8Ctjt-BHmfC-YrJQDfZheV7bQTs1PVKpnH7TScw.CX8ttt3iXfcBu_e-GVpj6XiVo7TcKVoRfvvCNRHrEsM&dib_tag=se&keywords=toys&qid=1763313856&sr=8-9,Toys,2025-11-16 17:24:17
B07KBQJV5H,"Melissa & Doug Take-Along Railroad Tabletop Playset with Wooden Train Toys, Animals & Scenery Play Pieces, Preschool Learning Toys for Girls & Boys 3+ - FSC Certified",Educational Toys,N/A,3-5 years,Girls,Wood,N/A,Yes,24.,$48.99,N/A,4.8 out of 5 stars,0,No,4.8,N/A,Limited time deal,https://www.amazon.com/Melissa-Doug-Take-Along-Tabletop-Multicolor/dp/B07KBQJV5H/ref=sr_1_10?dib=eyJ2IjoiMSJ9.OSu2m1xyE9HZZ0dFTzt_4LI112_C-OE9z_P3wevz-6Vh4kzwYA-CNukaS210kGAbUPqaGfNDZaURkC-Y2uen9ruGK40_Mxap9l4GHPOdDpKv28eK-Ev7rvcP7k2cmHpHUJZEWErzrw0kPfss2DKNac7AhPYG2xwv8xoyz3PsF3KDC2xiK5RijuHgufj2TuP0dmE33-HTT1WQ0-lbvx_wAc46CRBZtkVpVlR0WD7hEuwGVwEb6cgKsNcqvKwyutFi1Axl8Ctjt-BHmfC-YrJQDfZheV7bQTs1PVKpnH7TScw.CX8ttt3iXfcBu_e-GVpj6XiVo7TcKVoRfvvCNRHrEsM&dib_tag=se&keywords=toys&qid=1763313856&sr=8-10,Toys,2025-11-16 17:24:17
B083QZLSXS,"NERF Elite 2.0 Commander RD-6 Dart Blaster, 12 Darts, 6-Dart Rotating Drum, Outdoor Toys, Ages 8 and Up",Outdoor & Sports Toys,N/A,N/A,Unisex,N/A,N/A,No,8.,$9.99,N/A,4.7 out of 5 stars,0,No,4.7,N/A,Limited time deal,https://www.amazon.com/NERF-Commander-Official-Rotating-Attachment/dp/B083QZLSXS/ref=sr_1_11?dib=eyJ2IjoiMSJ9.OSu2m1xyE9HZZ0dFTzt_4LI112_C-OE9z_P3wevz-6Vh4kzwYA-CNukaS210kGAbUPqaGfNDZaURkC-Y2uen9ruGK40_Mxap9l4GHPOdDpKv28eK-Ev7rvcP7k2cmHpHUJZEWErzrw0kPfss2DKNac7AhPYG2xwv8xoyz3PsF3KDC2xiK5RijuHgufj2TuP0dmE33-HTT1WQ0-lbvx_wAc46CRBZtkVpVlR0WD7hEuwGVwEb6cgKsNcqvKwyutFi1Axl8Ctjt-BHmfC-YrJQDfZheV7bQTs1PVKpnH7TScw.CX8ttt3iXfcBu_e-GVpj6XiVo7TcKVoRfvvCNRHrEsM&dib_tag=se&keywords=toys&qid=1763313856&sr=8-11,Toys,2025-11-16 17:24:17
B00004YO0Y,"Let's Go Fishin' Game by Pressman - The Original Fast-Action Fishing Game!, 1-4 players",Games & Board Games,N/A,N/A,Unisex,N/A,N/A,No,9.,$14.99,N/A,4.5 out of 5 stars,0,No,4.5,N/A,N/A,https://www.amazon.com/Pressman-Toys-0055J-Lets-Fishin/dp/B00004YO0Y/ref=sr_1_12?dib=eyJ2IjoiMSJ9.OSu2m1xyE9HZZ0dFTzt_4LI112_C-OE9z_P3wevz-6Vh4kzwYA-CNukaS210kGAbUPqaGfNDZaURkC-Y2uen9ruGK40_Mxap9l4GHPOdDpKv28eK-Ev7rvcP7k2cmHpHUJZEWErzrw0kPfss2DKNac7AhPYG2xwv8xoyz3PsF3KDC2xiK5RijuHgufj2TuP0dmE33-HTT1WQ0-lbvx_wAc46CRBZtkVpVlR0WD7hEuwGVwEb6cgKsNcqvKwyutFi1Axl8Ctjt-BHmfC-YrJQDfZheV7bQTs1PVKpnH7TScw.CX8ttt3iXfcBu_e-GVpj6XiVo7TcKVoRfvvCNRHrEsM&dib_tag=se&keywords=toys&qid=1763313856&sr=8-12,Toys,2025-11-16 17:24:17
B09SP4184B,"5 Pack Butter Slime Kit,Birthday Gifts for Kids,Party Favor for Girls & Boys,Non Sticky,Super Soft Sludge Toy",Arts & Crafts,N/A,N/A,Girls,Plush/Fabric,N/A,No,6.,$9.98,N/A,4.3 out of 5 stars,0,No,4.3,N/A,Limited time deal,https://www.amazon.com/Butter-Slime-Birthday-Sticky-Sludge/dp/B09SP4184B/ref=sr_1_13?dib=eyJ2IjoiMSJ9.OSu2m1xyE9HZZ0dFTzt_4LI112_C-OE9z_P3wevz-6Vh4kzwYA-CNukaS210kGAbUPqaGfNDZaURkC-Y2uen9ruGK40_Mxap9l4GHPOdDpKv28eK-Ev7rvcP7k2cmHpHUJZEWErzrw0kPfss2DKNac7AhPYG2xwv8xoyz3PsF3KDC2xiK5RijuHgufj2TuP0dmE33-HTT1WQ0-lbvx_wAc46CRBZtkVpVlR0WD7hEuwGVwEb6cgKsNcqvKwyutFi1Axl8Ctjt-BHmfC-YrJQDfZheV7bQTs1PVKpnH7TScw.CX8ttt3iXfcBu_e-GVpj6XiVo7TcKVoRfvvCNRHrEsM&dib_tag=se&keywords=toys&qid=1763313856&sr=8-13,Toys,2025-11-16 17:24:17
B01NCUSC7V,Fisher-Price Stacking Toy Baby's First Blocks Set of 10 Shapes for Sorting Play for Infants Ages 6+ Months,Building & Construction,N/A,0-1 years,Unisex,N/A,N/A,No,9.,$10.99,N/A,4.8 out of 5 stars,0,No,4.8,N/A,N/A,https://www.amazon.com/Fisher-Price-FFC84-Babys-First-Blocks/dp/B01NCUSC7V/ref=sr_1_14?dib=eyJ2IjoiMSJ9.OSu2m1xyE9HZZ0dFTzt_4LI112_C-OE9z_P3wevz-6Vh4kzwYA-CNukaS210kGAbUPqaGfNDZaURkC-Y2uen9ruGK40_Mxap9l4GHPOdDpKv28eK-Ev7rvcP7k2cmHpHUJZEWErzrw0kPfss2DKNac7AhPYG2xwv8xoyz3PsF3KDC2xiK5RijuHgufj2TuP0dmE33-HTT1WQ0-lbvx_wAc46CRBZtkVpVlR0WD7hEuwGVwEb6cgKsNcqvKwyutFi1Axl8Ctjt-BHmfC-YrJQDfZheV7bQTs1PVKpnH7TScw.CX8ttt3iXfcBu_e-GVpj6XiVo7TcKVoRfvvCNRHrEsM&dib_tag=se&keywords=toys&qid=1763313856&sr=8-14,Toys,2025-11-16 17:24:17
B076HK9H7Z,Sorry! Board Game for Kids Ages 6 and Up; Classic Hasbro Board Game; Each Player Gets 4 Pawns; Family Game,Games & Board Games,N/A,N/A,Unisex,N/A,N/A,No,6.,$9.99,N/A,4.8 out of 5 stars,0,No,4.8,N/A,N/A,https://www.amazon.com/Hasbro-Gaming-A5065-Sorry-Game/dp/B076HK9H7Z/ref=sr_1_15?dib=eyJ2IjoiMSJ9.OSu2m1xyE9HZZ0dFTzt_4LI112_C-OE9z_P3wevz-6Vh4kzwYA-CNukaS210kGAbUPqaGfNDZaURkC-Y2uen9ruGK40_Mxap9l4GHPOdDpKv28eK-Ev7rvcP7k2cmHpHUJZEWErzrw0kPfss2DKNac7AhPYG2xwv8xoyz3PsF3KDC2xiK5RijuHgufj2TuP0dmE33-HTT1WQ0-lbvx_wAc46CRBZtkVpVlR0WD7hEuwGVwEb6cgKsNcqvKwyutFi1Axl8Ctjt-BHmfC-YrJQDfZheV7bQTs1PVKpnH7TScw.CX8ttt3iXfcBu_e-GVpj6XiVo7TcKVoRfvvCNRHrEsM&dib_tag=se&keywords=toys&qid=1763313856&sr=8-15,Toys,2025-11-16 17:24:17
B0CQKQBB8R,"Potato Head Express Yourspud Playset with 1 Potato Body and 32 Accessories, Creative Toddler and Preschool Toys for Boys and Girls 2 Years and Up (Amazon Exclusive)",Baby & Toddler Toys,N/A,1-3 years,Girls,N/A,N/A,No,12.,$14.99,,4.7 out of 5 stars,0,No,4.7,N/A,Limited time deal,https://www.amazon.com/Potato-Head-MPH-Express-YOURSPUD/dp/B0CQKQBB8R/ref=sr_1_16?dib=eyJ2IjoiMSJ9.OSu2m1xyE9HZZ0dFTzt_4LI112_C-OE9z_P3wevz-6Vh4kzwYA-CNukaS210kGAbUPqaGfNDZaURkC-Y2uen9ruGK40_Mxap9l4GHPOdDpKv28eK-Ev7rvcP7k2cmHpHUJZEWErzrw0kPfss2DKNac7AhPYG2xwv8xoyz3PsF3KDC2xiK5RijuHgufj2TuP0dmE33-HTT1WQ0-lbvx_wAc46CRBZtkVpVlR0WD7hEuwGVwEb6cgKsNcqvKwyutFi1Axl8Ctjt-BHmfC-YrJQDfZheV7bQTs1PVKpnH7TScw.CX8ttt3iXfcBu_e-GVpj6XiVo7TcKVoRfvvCNRHrEsM&dib_tag=se&keywords=toys&qid=1763313856&sr=8-16,Toys,2025-11-16 17:24:17
B07BF2XW1H,"Crayola Ultimate Light Board - White, Kids Drawing Tablet, Holiday & Christmas Gifts, LED Drawing Board, Sketching Art Projector, Toys for Boys & Girls, 6+",Arts & Crafts,N/A,N/A,Girls,N/A,White,No,19.,$34.99,,4.4 out of 5 stars,0,No,4.4,N/A,N/A,https://www.amazon.com/Crayola-Ultimate-Light-Drawing-Tablet/dp/B07BF2XW1H/ref=sr_1_17?dib=eyJ2IjoiMSJ9.OSu2m1xyE9HZZ0dFTzt_4LI112_C-OE9z_P3wevz-6Vh4kzwYA-CNukaS210kGAbUPqaGfNDZaURkC-Y2uen9ruGK40_Mxap9l4GHPOdDpKv28eK-Ev7rvcP7k2cmHpHUJZEWErzrw0kPfss2DKNac7AhPYG2xwv8xoyz3PsF3KDC2xiK5RijuHgufj2TuP0dmE33-HTT1WQ0-lbvx_wAc46CRBZtkVpVlR0WD7hEuwGVwEb6cgKsNcqvKwyutFi1Axl8Ctjt-BHmfC-YrJQDfZheV7bQTs1PVKpnH7TScw.CX8ttt3iXfcBu_e-GVpj6XiVo7TcKVoRfvvCNRHrEsM&dib_tag=se&keywords=toys&qid=1763313856&sr=8-17,Toys,2025-11-16 17:24:17
B0BLMF98S8,"Colorful Lighting Baby Balance Bike Toys for 1 Year Old Girl Gifts, 10-36 Month Toddler Balance Bike, No Pedal 4 Silence Wheels & Soft Seat Pre-School First Riding on Toys, 1st Birthday Gifts.",Baby & Toddler Toys,N/A,0-1 years,Unisex,Plush/Fabric,N/A,No,33.,$45.99,N/A,4.8 out of 5 stars,0,No,4.8,N/A,With Prime,https://www.amazon.com/Colorful-Lighting-Balance-Pre-School-Birthday/dp/B0BLMF98S8/ref=sr_1_18?dib=eyJ2IjoiMSJ9.OSu2m1xyE9HZZ0dFTzt_4LI112_C-OE9z_P3wevz-6Vh4kzwYA-CNukaS210kGAbUPqaGfNDZaURkC-Y2uen9ruGK40_Mxap9l4GHPOdDpKv28eK-Ev7rvcP7k2cmHpHUJZEWErzrw0kPfss2DKNac7AhPYG2xwv8xoyz3PsF3KDC2xiK5RijuHgufj2TuP0dmE33-HTT1WQ0-lbvx_wAc46CRBZtkVpVlR0WD7hEuwGVwEb6cgKsNcqvKwyutFi1Axl8Ctjt-BHmfC-YrJQDfZheV7bQTs1PVKpnH7TScw.CX8ttt3iXfcBu_e-GVpj6XiVo7TcKVoRfvvCNRHrEsM&dib_tag=se&keywords=toys&qid=1763313856&sr=8-18,Toys,2025-11-16 17:24:17
B00P2SL9YG,"Melissa & Doug Disney Minnie Mouse Dress-Up Puzzle, 18 Pieces Mix and Match Outfits, Sorting & Matching Toy with Storage Case, Educational Puzzle for Toddlers Ages 3+",Puzzles,N/A,1-3 years,Unisex,N/A,N/A,Yes,11.,$13.99,N/A,4.7 out of 5 stars,0,No,4.7,N/A,N/A,https://www.amazon.com/Melissa-Doug-Magnetic-Dress-Up-Pretend/dp/B00P2SL9YG/ref=sr_1_19?dib=eyJ2IjoiMSJ9.OSu2m1xyE9HZZ0dFTzt_4LI112_C-OE9z_P3wevz-6Vh4kzwYA-CNukaS210kGAbUPqaGfNDZaURkC-Y2uen9ruGK40_Mxap9l4GHPOdDpKv28eK-Ev7rvcP7k2cmHpHUJZEWErzrw0kPfss2DKNac7AhPYG2xwv8xoyz3PsF3KDC2xiK5RijuHgufj2TuP0dmE33-HTT1WQ0-lbvx_wAc46CRBZtkVpVlR0WD7hEuwGVwEb6cgKsNcqvKwyutFi1Axl8Ctjt-BHmfC-YrJQDfZheV7bQTs1PVKpnH7TScw.CX8ttt3iXfcBu_e-GVpj6XiVo7TcKVoRfvvCNRHrEsM&dib_tag=se&keywords=toys&qid=1763313856&sr=8-19,Toys,2025-11-16 17:24:17
B0DBLXXPFN,"DC Comics, Superman, Superman Vs. Kaiju Slime Battle, Action Figure with GiantKids Playset, Super Heroes Toys for Boys and Girls Ages 4 and Up",Action Figures,N/A,N/A,Girls,N/A,N/A,No,12.,$32.99,N/A,4.8 out of 5 stars,0,No,4.8,N/A,Limited time deal,https://www.amazon.com/DC-Comics-Figure-Monster-Battle/dp/B0DBLXXPFN/ref=sr_1_20?dib=eyJ2IjoiMSJ9.OSu2m1xyE9HZZ0dFTzt_4LI112_C-OE9z_P3wevz-6Vh4kzwYA-CNukaS210kGAbUPqaGfNDZaURkC-Y2uen9ruGK40_Mxap9l4GHPOdDpKv28eK-Ev7rvcP7k2cmHpHUJZEWErzrw0kPfss2DKNac7AhPYG2xwv8xoyz3PsF3KDC2xiK5RijuHgufj2TuP0dmE33-HTT1WQ0-lbvx_wAc46CRBZtkVpVlR0WD7hEuwGVwEb6cgKsNcqvKwyutFi1Axl8Ctjt-BHmfC-YrJQDfZheV7bQTs1PVKpnH7TScw.CX8ttt3iXfcBu_e-GVpj6XiVo7TcKVoRfvvCNRHrEsM&dib_tag=se&keywords=toys&qid=1763313856&sr=8-20,Toys,2025-11-16 17:24:17
B00IUAAK2A,ThinkFun Gravity Maze - Falling Marble Logic Game - Challenging STEM Toy for Kids 8-12 - Gravity Marble Maze - Brain-Building Fun - Educational Gift - Boosts Critical Thinking & Problem Solving,Building & Construction,N/A,N/A,Unisex,N/A,N/A,Yes,18.,$29.99,,4.6 out of 5 stars,0,No,4.6,N/A,Limited time deal,https://www.amazon.com/ThinkFun-Gravity-Marble-Logic-Girls/dp/B00IUAAK2A/ref=sr_1_21?dib=eyJ2IjoiMSJ9.OSu2m1xyE9HZZ0dFTzt_4LI112_C-OE9z_P3wevz-6Vh4kzwYA-CNukaS210kGAbUPqaGfNDZaURkC-Y2uen9ruGK40_Mxap9l4GHPOdDpKv28eK-Ev7rvcP7k2cmHpHUJZEWErzrw0kPfss2DKNac7AhPYG2xwv8xoyz3PsF3KDC2xiK5RijuHgufj2TuP0dmE33-HTT1WQ0-lbvx_wAc46CRBZtkVpVlR0WD7hEuwGVwEb6cgKsNcqvKwyutFi1Axl8Ctjt-BHmfC-YrJQDfZheV7bQTs1PVKpnH7TScw.CX8ttt3iXfcBu_e-GVpj6XiVo7TcKVoRfvvCNRHrEsM&dib_tag=se&keywords=toys&qid=1763313856&sr=8-21,Toys,2025-11-16 17:24:17
B072PY2WZG,"Melissa & Doug Star Diner Restaurant 41-Piece Play Set with Toy Food, Cookware & Play Kitchen Accessories, Preschool Learning Toys for Girls & Boys 3+",Educational Toys,N/A,3-5 years,Girls,N/A,N/A,Yes,19.,$41.99,N/A,4.8 out of 5 stars,0,No,4.8,N/A,Limited time deal,https://www.amazon.com/Melissa-Doug-Diner-Restaurant-House/dp/B072PY2WZG/ref=sr_1_22?dib=eyJ2IjoiMSJ9.OSu2m1xyE9HZZ0dFTzt_4LI112_C-OE9z_P3wevz-6Vh4kzwYA-CNukaS210kGAbUPqaGfNDZaURkC-Y2uen9ruGK40_Mxap9l4GHPOdDpKv28eK-Ev7rvcP7k2cmHpHUJZEWErzrw0kPfss2DKNac7AhPYG2xwv8xoyz3PsF3KDC2xiK5RijuHgufj2TuP0dmE33-HTT1WQ0-lbvx_wAc46CRBZtkVpVlR0WD7hEuwGVwEb6cgKsNcqvKwyutFi1Axl8Ctjt-BHmfC-YrJQDfZheV7bQTs1PVKpnH7TScw.CX8ttt3iXfcBu_e-GVpj6XiVo7TcKVoRfvvCNRHrEsM&dib_tag=se&keywords=toys&qid=1763313856&sr=8-22,Toys,2025-11-16 17:24:17
B094DPVDQJ,"Transformers Toys Heroes and Villains Bumblebee and Starscream 2-Pack Action Figures - for Kids Ages 6 and Up, 7-inch (Amazon Exclusive)",Action Figures,N/A,N/A,Unisex,N/A,N/A,No,18.,$29.99,,4.6 out of 5 stars,0,No,4.6,N/A,Limited time deal,https://www.amazon.com/Transformers-Villains-Bumblebee-Starscream-Figures/dp/B094DPVDQJ/ref=sr_1_23?dib=eyJ2IjoiMSJ9.OSu2m1xyE9HZZ0dFTzt_4LI112_C-OE9z_P3wevz-6Vh4kzwYA-CNukaS210kGAbUPqaGfNDZaURkC-Y2uen9ruGK40_Mxap9l4GHPOdDpKv28eK-Ev7rvcP7k2cmHpHUJZEWErzrw0kPfss2DKNac7AhPYG2xwv8xoyz3PsF3KDC2xiK5RijuHgufj2TuP0dmE33-HTT1WQ0-lbvx_wAc46CRBZtkVpVlR0WD7hEuwGVwEb6cgKsNcqvKwyutFi1Axl8Ctjt-BHmfC-YrJQDfZheV7bQTs1PVKpnH7TScw.CX8ttt3iXfcBu_e-GVpj6XiVo7TcKVoRfvvCNRHrEsM&dib_tag=se&keywords=toys&qid=1763313856&sr=8-23,Toys,2025-11-16 17:24:17
B08VBK3M2W,Fisher-Price Imaginext Preschool Toy Shark Bite Pirate Ship Playset with Figure & Accessories for Pretend Play Kids Ages 3+ Years (Amazon Exclusive),Action Figures,N/A,3-5 years,Unisex,N/A,N/A,No,42.,$72.35,,4.8 out of 5 stars,0,No,4.8,N/A,Limited time deal,https://www.amazon.com/Fisher-Price-Imaginext-Preschool-Accessories-Exclusive/dp/B08VBK3M2W/ref=sr_1_24?dib=eyJ2IjoiMSJ9.OSu2m1xyE9HZZ0dFTzt_4LI112_C-OE9z_P3wevz-6Vh4kzwYA-CNukaS210kGAbUPqaGfNDZaURkC-Y2uen9ruGK40_Mxap9l4GHPOdDpKv28eK-Ev7rvcP7k2cmHpHUJZEWErzrw0kPfss2DKNac7AhPYG2xwv8xoyz3PsF3KDC2xiK5RijuHgufj2TuP0dmE33-HTT1WQ0-lbvx_wAc46CRBZtkVpVlR0WD7hEuwGVwEb6cgKsNcqvKwyutFi1Axl8Ctjt-BHmfC-YrJQDfZheV7bQTs1PVKpnH7TScw.CX8ttt3iXfcBu_e-GVpj6XiVo7TcKVoRfvvCNRHrEsM&dib_tag=se&keywords=toys&qid=1763313856&sr=8-24,Toys,2025-11-16 17:24:17
B08WTWXJDB,"PJ Masks Catboy Deluxe Vehicle Preschool Toy, Cat-Car Toy with Spinning Super Cat Stripes and Catboy Action Figure for Kids Ages 3 and Up",Vehicles,N/A,3-5 years,Unisex,N/A,N/A,No,8.,$14.95,N/A,4.7 out of 5 stars,0,No,4.7,N/A,N/A,https://www.amazon.com/PJ-Masks-Vehicle-Preschool-Spinning/dp/B08WTWXJDB/ref=sr_1_25?dib=eyJ2IjoiMSJ9.OSu2m1xyE9HZZ0dFTzt_4LI112_C-OE9z_P3wevz-6Vh4kzwYA-CNukaS210kGAbUPqaGfNDZaURkC-Y2uen9ruGK40_Mxap9l4GHPOdDpKv28eK-Ev7rvcP7k2cmHpHUJZEWErzrw0kPfss2DKNac7AhPYG2xwv8xoyz3PsF3KDC2xiK5RijuHgufj2TuP0dmE33-HTT1WQ0-lbvx_wAc46CRBZtkVpVlR0WD7hEuwGVwEb6cgKsNcqvKwyutFi1Axl8Ctjt-BHmfC-YrJQDfZheV7bQTs1PVKpnH7TScw.CX8ttt3iXfcBu_e-GVpj6XiVo7TcKVoRfvvCNRHrEsM&dib_tag=se&keywords=toys&qid=1763313856&sr=8-25,Toys,2025-11-16 17:24:17
B0D17NZ6B6,"Doctor Kit for Kids Girls, 34 Pcs Kids Doctor Kit for Toddlers 3-5 with Medical Storage Bag & Real Stethoscope, Pretend Play Set for Boys Girls Fun Role Playing Game",Games & Board Games,N/A,1-3 years,Girls,N/A,N/A,No,26.,$29.99,N/A,4.7 out of 5 stars,0,No,4.7,N/A,N/A,https://www.amazon.com/Toddlers-Medical-Storage-Stethoscope-Pretend/dp/B0D17NZ6B6/ref=sr_1_26?dib=eyJ2IjoiMSJ9.OSu2m1xyE9HZZ0dFTzt_4LI112_C-OE9z_P3wevz-6Vh4kzwYA-CNukaS210kGAbUPqaGfNDZaURkC-Y2uen9ruGK40_Mxap9l4GHPOdDpKv28eK-Ev7rvcP7k2cmHpHUJZEWErzrw0kPfss2DKNac7AhPYG2xwv8xoyz3PsF3KDC2xiK5RijuHgufj2TuP0dmE33-HTT1WQ0-lbvx_wAc46CRBZtkVpVlR0WD7hEuwGVwEb6cgKsNcqvKwyutFi1Axl8Ctjt-BHmfC-YrJQDfZheV7bQTs1PVKpnH7TScw.CX8ttt3iXfcBu_e-GVpj6XiVo7TcKVoRfvvCNRHrEsM&dib_tag=se&keywords=toys&qid=1763313856&sr=8-26,Toys,2025-11-16 17:24:17
B0CJBS6QBD,"Claw Machine for Kids, Mini Vending Machine Girls Unicorn Toys, Candy Grabber Prize Dispenser with Sound & 20 Mini Plush Toys, Electronic Arcade Game Indoor Toy for Home Party Birthday Gifts",Plush & Stuffed Animals,N/A,N/A,Girls,Plush/Fabric,N/A,No,39.,$49.99,N/A,4.1 out of 5 stars,0,No,4.1,N/A,N/A,https://www.amazon.com/Machine-Vending-Dispenser-Electronic-Birthday/dp/B0CJBS6QBD/ref=sr_1_27?dib=eyJ2IjoiMSJ9.OSu2m1xyE9HZZ0dFTzt_4LI112_C-OE9z_P3wevz-6Vh4kzwYA-CNukaS210kGAbUPqaGfNDZaURkC-Y2uen9ruGK40_Mxap9l4GHPOdDpKv28eK-Ev7rvcP7k2cmHpHUJZEWErzrw0kPfss2DKNac7AhPYG2xwv8xoyz3PsF3KDC2xiK5RijuHgufj2TuP0dmE33-HTT1WQ0-lbvx_wAc46CRBZtkVpVlR0WD7hEuwGVwEb6cgKsNcqvKwyutFi1Axl8Ctjt-BHmfC-YrJQDfZheV7bQTs1PVKpnH7TScw.CX8ttt3iXfcBu_e-GVpj6XiVo7TcKVoRfvvCNRHrEsM&dib_tag=se&keywords=toys&qid=1763313856&sr=8-27,Toys,2025-11-16 17:24:17
B0CYT6D2ZS,"6 Pack Slimes, Pink Slime Kids, Cloud Slime kit for Girls Ages 8-12, Toys for Girls and Boys, for Kids Slime Set Party kit Goodie Bag Stuffers, 4 5 6 7 8 9 10 Year Old Girl Birthday Gift Cute Stuff",Arts & Crafts,N/A,N/A,Girls,N/A,Pink,No,13.,$15.99,N/A,4.6 out of 5 stars,0,No,4.6,N/A,N/A,https://www.amazon.com/Packs-Gradient-Pink-Slime-Kit/dp/B0CYT6D2ZS/ref=sr_1_28?dib=eyJ2IjoiMSJ9.OSu2m1xyE9HZZ0dFTzt_4LI112_C-OE9z_P3wevz-6Vh4kzwYA-CNukaS210kGAbUPqaGfNDZaURkC-Y2uen9ruGK40_Mxap9l4GHPOdDpKv28eK-Ev7rvcP7k2cmHpHUJZEWErzrw0kPfss2DKNac7AhPYG2xwv8xoyz3PsF3KDC2xiK5RijuHgufj2TuP0dmE33-HTT1WQ0-lbvx_wAc46CRBZtkVpVlR0WD7hEuwGVwEb6cgKsNcqvKwyutFi1Axl8Ctjt-BHmfC-YrJQDfZheV7bQTs1PVKpnH7TScw.CX8ttt3iXfcBu_e-GVpj6XiVo7TcKVoRfvvCNRHrEsM&dib_tag=se&keywords=toys&qid=1763313856&sr=8-28,Toys,2025-11-16 17:24:17
B0DQ6C171P,"Bluey Game Hide and Seek Electronic Figure, Articulated, Musical Kids Figurines with Dance Mode, Interactive Play Toddler Figurine Toys for Ages 3+",Action Figures,N/A,1-3 years,Unisex,Electronic,Blue,No,13.,$14.99,N/A,4.8 out of 5 stars,0,No,4.8,N/A,N/A,https://www.amazon.com/Electronic-Articulated-Figurines-Interactive-Figurine/dp/B0DQ6C171P/ref=sr_1_29?dib=eyJ2IjoiMSJ9.OSu2m1xyE9HZZ0dFTzt_4LI112_C-OE9z_P3wevz-6Vh4kzwYA-CNukaS210kGAbUPqaGfNDZaURkC-Y2uen9ruGK40_Mxap9l4GHPOdDpKv28eK-Ev7rvcP7k2cmHpHUJZEWErzrw0kPfss2DKNac7AhPYG2xwv8xoyz3PsF3KDC2xiK5RijuHgufj2TuP0dmE33-HTT1WQ0-lbvx_wAc46CRBZtkVpVlR0WD7hEuwGVwEb6cgKsNcqvKwyutFi1Axl8Ctjt-BHmfC-YrJQDfZheV7bQTs1PVKpnH7TScw.CX8ttt3iXfcBu_e-GVpj6XiVo7TcKVoRfvvCNRHrEsM&dib_tag=se&keywords=toys&qid=1763313856&sr=8-29,Toys,2025-11-16 17:24:17
B0D7VT3JX9,Thomas & Friends Motorized Toy Train Set Diesel’s Lift & Load Construction with Track & Cargo for Preschool Kids Ages 3+ Years,Vehicles,N/A,3-5 years,Unisex,N/A,N/A,No,15.,$24.97,N/A,4.8 out of 5 stars,0,No,4.8,N/A,Limited time deal,https://www.amazon.com/Friends-Motorized-Diesels-Construction-Preschool/dp/B0D7VT3JX9/ref=sr_1_30?dib=eyJ2IjoiMSJ9.OSu2m1xyE9HZZ0dFTzt_4LI112_C-OE9z_P3wevz-6Vh4kzwYA-CNukaS210kGAbUPqaGfNDZaURkC-Y2uen9ruGK40_Mxap9l4GHPOdDpKv28eK-Ev7rvcP7k2cmHpHUJZEWErzrw0kPfss2DKNac7AhPYG2xwv8xoyz3PsF3KDC2xiK5RijuHgufj2TuP0dmE33-HTT1WQ0-lbvx_wAc46CRBZtkVpVlR0WD7hEuwGVwEb6cgKsNcqvKwyutFi1Axl8Ctjt-BHmfC-YrJQDfZheV7bQTs1PVKpnH7TScw.CX8ttt3iXfcBu_e-GVpj6XiVo7TcKVoRfvvCNRHrEsM&dib_tag=se&keywords=toys&qid=1763313856&sr=8-30,Toys,2025-11-16 17:24:17
B0DJ19L2ZW,"LEGO City Yellow Construction Wheel Loader Building Sensory Toy - Construction Vehicle Toy for Toddlers, Boys and Girls, Ages 4+ - Educational, Learning Gift Idea for Preschoolers - 60450",Building & Construction,N/A,1-3 years,Girls,N/A,Yellow,Yes,10.,$14.99,N/A,4.9 out of 5 stars,0,No,4.9,N/A,Ends in 14:35:41,https://www.amazon.com/LEGO-Yellow-Construction-Building-Sensory/dp/B0DJ19L2ZW/ref=sr_1_31?dib=eyJ2IjoiMSJ9.OSu2m1xyE9HZZ0dFTzt_4LI112_C-OE9z_P3wevz-6Vh4kzwYA-CNukaS210kGAbUPqaGfNDZaURkC-Y2uen9ruGK40_Mxap9l4GHPOdDpKv28eK-Ev7rvcP7k2cmHpHUJZEWErzrw0kPfss2DKNac7AhPYG2xwv8xoyz3PsF3KDC2xiK5RijuHgufj2TuP0dmE33-HTT1WQ0-lbvx_wAc46CRBZtkVpVlR0WD7hEuwGVwEb6cgKsNcqvKwyutFi1Axl8Ctjt-BHmfC-YrJQDfZheV7bQTs1PVKpnH7TScw.CX8ttt3iXfcBu_e-GVpj6XiVo7TcKVoRfvvCNRHrEsM&dib_tag=se&keywords=toys&qid=1763313856&sr=8-31,Toys,2025-11-16 17:24:17
B09PDPYC2T,"Dancing Mimicking Talking Cactus Toy,Funny Gift for Toddler 1 2 3 Year Old Boy Girl,Singing Record Repeat What You Say Light Up Baby Infant Toys 6-12 12-18 Months (Volume Adjustment)",Baby & Toddler Toys,N/A,0-1 years,Unisex,N/A,N/A,No,16.,$29.99,N/A,4.5 out of 5 stars,0,No,4.5,N/A,Limited time deal,https://www.amazon.com/Hunfur-Dancing-Adjustment-Talking-Cactus-Gift/dp/B09PDPYC2T/ref=sr_1_32?dib=eyJ2IjoiMSJ9.OSu2m1xyE9HZZ0dFTzt_4LI112_C-OE9z_P3wevz-6Vh4kzwYA-CNukaS210kGAbUPqaGfNDZaURkC-Y2uen9ruGK40_Mxap9l4GHPOdDpKv28eK-Ev7rvcP7k2cmHpHUJZEWErzrw0kPfss2DKNac7AhPYG2xwv8xoyz3PsF3KDC2xiK5RijuHgufj2TuP0dmE33-HTT1WQ0-lbvx_wAc46CRBZtkVpVlR0WD7hEuwGVwEb6cgKsNcqvKwyutFi1Axl8Ctjt-BHmfC-YrJQDfZheV7bQTs1PVKpnH7TScw.CX8ttt3iXfcBu_e-GVpj6XiVo7TcKVoRfvvCNRHrEsM&dib_tag=se&keywords=toys&qid=1763313856&sr=8-32,Toys,2025-11-16 17:24:17
B0CC1RZ2BJ,"Crenova Mini Magnetic Tiles Toddler Toys, Travel Set Magnetic Building Blocks for Kids Ages 3+, Educational Toy for Boys Girls for Sensory Play Preschool Learning Classroom Must Haves Decor",Building & Construction,N/A,1-3 years,Girls,N/A,N/A,Yes,9.,$14.99,N/A,4.7 out of 5 stars,0,No,4.7,N/A,N/A,https://www.amazon.com/Crenova-Magnetic-Construction-Preschool-Educational/dp/B0CC1RZ2BJ/ref=sr_1_33?dib=eyJ2IjoiMSJ9.OSu2m1xyE9HZZ0dFTzt_4LI112_C-OE9z_P3wevz-6Vh4kzwYA-CNukaS210kGAbUPqaGfNDZaURkC-Y2uen9ruGK40_Mxap9l4GHPOdDpKv28eK-Ev7rvcP7k2cmHpHUJZEWErzrw0kPfss2DKNac7AhPYG2xwv8xoyz3PsF3KDC2xiK5RijuHgufj2TuP0dmE33-HTT1WQ0-lbvx_wAc46CRBZtkVpVlR0WD7hEuwGVwEb6cgKsNcqvKwyutFi1Axl8Ctjt-BHmfC-YrJQDfZheV7bQTs1PVKpnH7TScw.CX8ttt3iXfcBu_e-GVpj6XiVo7TcKVoRfvvCNRHrEsM&dib_tag=se&keywords=toys&qid=1763313856&sr=8-33,Toys,2025-11-16 17:24:17
B07QGKGTK7,"Cat Construction 7"" Dump Truck, Loader & Excavator toys Combo Pack",Vehicles,N/A,N/A,Unisex,N/A,N/A,No,14.,$19.99,,4.6 out of 5 stars,0,No,4.6,N/A,Limited time deal,https://www.amazon.com/Caterpillar-Loader-Excavator-Construction-3-Pack/dp/B07QGKGTK7/ref=sr_1_34?dib=eyJ2IjoiMSJ9.OSu2m1xyE9HZZ0dFTzt_4LI112_C-OE9z_P3wevz-6Vh4kzwYA-CNukaS210kGAbUPqaGfNDZaURkC-Y2uen9ruGK40_Mxap9l4GHPOdDpKv28eK-Ev7rvcP7k2cmHpHUJZEWErzrw0kPfss2DKNac7AhPYG2xwv8xoyz3PsF3KDC2xiK5RijuHgufj2TuP0dmE33-HTT1WQ0-lbvx_wAc46CRBZtkVpVlR0WD7hEuwGVwEb6cgKsNcqvKwyutFi1Axl8Ctjt-BHmfC-YrJQDfZheV7bQTs1PVKpnH7TScw.CX8ttt3iXfcBu_e-GVpj6XiVo7TcKVoRfvvCNRHrEsM&dib_tag=se&keywords=toys&qid=1763313856&sr=8-34,Toys,2025-11-16 17:24:17
B01BHMJKAA,Spirograph Jr. — Jumbo Sized Gears Classic Retro Toy For Spiral Drawing Art Design Toy Kit for Smaller Hands — For Kids Ages 3 and Up,Arts & Crafts,N/A,N/A,Unisex,N/A,N/A,No,17.,$24.99,,4.7 out of 5 stars,0,No,4.7,N/A,Limited time deal,https://www.amazon.com/Spirograph-01023-Junior/dp/B01BHMJKAA/ref=sr_1_35?dib=eyJ2IjoiMSJ9.OSu2m1xyE9HZZ0dFTzt_4LI112_C-OE9z_P3wevz-6Vh4kzwYA-CNukaS210kGAbUPqaGfNDZaURkC-Y2uen9ruGK40_Mxap9l4GHPOdDpKv28eK-Ev7rvcP7k2cmHpHUJZEWErzrw0kPfss2DKNac7AhPYG2xwv8xoyz3PsF3KDC2xiK5RijuHgufj2TuP0dmE33-HTT1WQ0-lbvx_wAc46CRBZtkVpVlR0WD7hEuwGVwEb6cgKsNcqvKwyutFi1Axl8Ctjt-BHmfC-YrJQDfZheV7bQTs1PVKpnH7TScw.CX8ttt3iXfcBu_e-GVpj6XiVo7TcKVoRfvvCNRHrEsM&dib_tag=se&keywords=toys&qid=1763313856&sr=8-35,Toys,2025-11-16 17:24:17
B09C1KNLDH,Thomas & Friends Motorized Toy Train Thomas Battery-Powered Engine with Cargo for Pretend Play Preschool Kids Ages 3+ Years​,Vehicles,N/A,3-5 years,Unisex,Electronic,Red,No,7.,$10.79,N/A,4.8 out of 5 stars,0,No,4.8,N/A,Limited time deal,https://www.amazon.com/Thomas-Friends-Motorized-Engine-Preschool/dp/B09C1KNLDH/ref=sr_1_36?dib=eyJ2IjoiMSJ9.OSu2m1xyE9HZZ0dFTzt_4LI112_C-OE9z_P3wevz-6Vh4kzwYA-CNukaS210kGAbUPqaGfNDZaURkC-Y2uen9ruGK40_Mxap9l4GHPOdDpKv28eK-Ev7rvcP7k2cmHpHUJZEWErzrw0kPfss2DKNac7AhPYG2xwv8xoyz3PsF3KDC2xiK5RijuHgufj2TuP0dmE33-HTT1WQ0-lbvx_wAc46CRBZtkVpVlR0WD7hEuwGVwEb6cgKsNcqvKwyutFi1Axl8Ctjt-BHmfC-YrJQDfZheV7bQTs1PVKpnH7TScw.CX8ttt3iXfcBu_e-GVpj6XiVo7TcKVoRfvvCNRHrEsM&dib_tag=se&keywords=toys&qid=1763313856&sr=8-36,Toys,2025-11-16 17:24:17
B0CX21DBHB,"Ms. Rachel Official Sensory Learning Farm, Foldable Soft Baby Book with Plush Cow, Infant Educational Toys for Babies Ages 3 Months to 18 Months",Plush & Stuffed Animals,N/A,0-1 years,Unisex,Plush/Fabric,N/A,Yes,8.,8.,N/A,4.6 out of 5 stars,0,No,4.6,N/A,N/A,https://www.amazon.com/Ms-Rachel-Sensory-Learning-Farm/dp/B0CX21DBHB/ref=sr_1_37?dib=eyJ2IjoiMSJ9.OSu2m1xyE9HZZ0dFTzt_4LI112_C-OE9z_P3wevz-6Vh4kzwYA-CNukaS210kGAbUPqaGfNDZaURkC-Y2uen9ruGK40_Mxap9l4GHPOdDpKv28eK-Ev7rvcP7k2cmHpHUJZEWErzrw0kPfss2DKNac7AhPYG2xwv8xoyz3PsF3KDC2xiK5RijuHgufj2TuP0dmE33-HTT1WQ0-lbvx_wAc46CRBZtkVpVlR0WD7hEuwGVwEb6cgKsNcqvKwyutFi1Axl8Ctjt-BHmfC-YrJQDfZheV7bQTs1PVKpnH7TScw.CX8ttt3iXfcBu_e-GVpj6XiVo7TcKVoRfvvCNRHrEsM&dib_tag=se&keywords=toys&qid=1763313856&sr=8-37,Toys,2025-11-16 17:24:17
B00000DMF5,"Hasbro Gaming Candy Land Kingdom of Sweet Adventures Board Game for Kids, Ages 3 & Up (Amazon Exclusive)",Games & Board Games,N/A,N/A,Unisex,N/A,N/A,No,8.,$12.99,N/A,4.8 out of 5 stars,0,No,4.8,N/A,Limited time deal,https://www.amazon.com/Hasbro-Gaming-Kingdom-Adventures-Exclusive/dp/B00000DMF5/ref=sr_1_38?dib=eyJ2IjoiMSJ9.OSu2m1xyE9HZZ0dFTzt_4LI112_C-OE9z_P3wevz-6Vh4kzwYA-CNukaS210kGAbUPqaGfNDZaURkC-Y2uen9ruGK40_Mxap9l4GHPOdDpKv28eK-Ev7rvcP7k2cmHpHUJZEWErzrw0kPfss2DKNac7AhPYG2xwv8xoyz3PsF3KDC2xiK5RijuHgufj2TuP0dmE33-HTT1WQ0-lbvx_wAc46CRBZtkVpVlR0WD7hEuwGVwEb6cgKsNcqvKwyutFi1Axl8Ctjt-BHmfC-YrJQDfZheV7bQTs1PVKpnH7TScw.CX8ttt3iXfcBu_e-GVpj6XiVo7TcKVoRfvvCNRHrEsM&dib_tag=se&keywords=toys&qid=1763313856&sr=8-38,Toys,2025-11-16 17:24:17
B0DSCKKJKN,"Thames & Kosmos Space Gummy Candy Lab | Tasty Labs STEM Experiment Kit, Make Space-Themed Gummy Pops & Candies, Explore Chemistry in Cooking, Safe to Eat, Made in USA, Food Ingredients Included",Educational Toys,N/A,N/A,Unisex,N/A,Red,Yes,11.,$19.95,N/A,4.2 out of 5 stars,0,No,4.2,N/A,Limited time deal,https://www.amazon.com/Thames-Kosmos-Experiment-Space-Themed-Ingredients/dp/B0DSCKKJKN/ref=sr_1_39?dib=eyJ2IjoiMSJ9.OSu2m1xyE9HZZ0dFTzt_4LI112_C-OE9z_P3wevz-6Vh4kzwYA-CNukaS210kGAbUPqaGfNDZaURkC-Y2uen9ruGK40_Mxap9l4GHPOdDpKv28eK-Ev7rvcP7k2cmHpHUJZEWErzrw0kPfss2DKNac7AhPYG2xwv8xoyz3PsF3KDC2xiK5RijuHgufj2TuP0dmE33-HTT1WQ0-lbvx_wAc46CRBZtkVpVlR0WD7hEuwGVwEb6cgKsNcqvKwyutFi1Axl8Ctjt-BHmfC-YrJQDfZheV7bQTs1PVKpnH7TScw.CX8ttt3iXfcBu_e-GVpj6XiVo7TcKVoRfvvCNRHrEsM&dib_tag=se&keywords=toys&qid=1763313856&sr=8-39,Toys,2025-11-16 17:24:17
B0DRLH1ZMB,"Handheld Memory Games for Kids Ages 4-8, Light Up Electronic Toys, Car Travel Board Games for Kids,Birthday Gifts for 3-12 Year Old Boys",Vehicles,N/A,N/A,Boys,Electronic,N/A,No,7.,7.,N/A,4.4 out of 5 stars,0,No,4.4,N/A,N/A,https://www.amazon.com/Gelabur-Memory-4-8%EF%BC%8CHandheld-Adults%EF%BC%8CElectronic-Classroom%EF%BC%8CRoad/dp/B0DRLH1ZMB/ref=sr_1_40?dib=eyJ2IjoiMSJ9.OSu2m1xyE9HZZ0dFTzt_4LI112_C-OE9z_P3wevz-6Vh4kzwYA-CNukaS210kGAbUPqaGfNDZaURkC-Y2uen9ruGK40_Mxap9l4GHPOdDpKv28eK-Ev7rvcP7k2cmHpHUJZEWErzrw0kPfss2DKNac7AhPYG2xwv8xoyz3PsF3KDC2xiK5RijuHgufj2TuP0dmE33-HTT1WQ0-lbvx_wAc46CRBZtkVpVlR0WD7hEuwGVwEb6cgKsNcqvKwyutFi1Axl8Ctjt-BHmfC-YrJQDfZheV7bQTs1PVKpnH7TScw.CX8ttt3iXfcBu_e-GVpj6XiVo7TcKVoRfvvCNRHrEsM&dib_tag=se&keywords=toys&qid=1763313856&sr=8-40,Toys,2025-11-16 17:24:17
B0CQKQDDYY,"Furby Furblets Par-Tay Mini Friend, 45+ Sounds, Disco Music, Speaks Only Furbish, Electronic Plush Toys for Girls & Boys, Interactive Pets, Multicolor, 6+",Plush & Stuffed Animals,N/A,N/A,Girls,Plush/Fabric,Multicolor,No,6.,$9.99,N/A,4.6 out of 5 stars,0,No,4.6,N/A,N/A,https://www.amazon.com/Furby-Furblets-Par-Tay-Electronic-Multicolor/dp/B0CQKQDDYY/ref=sr_1_41?dib=eyJ2IjoiMSJ9.OSu2m1xyE9HZZ0dFTzt_4LI112_C-OE9z_P3wevz-6Vh4kzwYA-CNukaS210kGAbUPqaGfNDZaURkC-Y2uen9ruGK40_Mxap9l4GHPOdDpKv28eK-Ev7rvcP7k2cmHpHUJZEWErzrw0kPfss2DKNac7AhPYG2xwv8xoyz3PsF3KDC2xiK5RijuHgufj2TuP0dmE33-HTT1WQ0-lbvx_wAc46CRBZtkVpVlR0WD7hEuwGVwEb6cgKsNcqvKwyutFi1Axl8Ctjt-BHmfC-YrJQDfZheV7bQTs1PVKpnH7TScw.CX8ttt3iXfcBu_e-GVpj6XiVo7TcKVoRfvvCNRHrEsM&dib_tag=se&keywords=toys&qid=1763313856&sr=8-41,Toys,2025-11-16 17:24:17
B0B1KY1967,"JOYIN 34 PCS Kitchen Toy Set, BBQ Play Grill, Cooking Toy Set, Little Chef Play, Kids Grill Playset Interactive BBQ for Kids with Light & Sound, Christmas Birthday Gift for Boys Girls",Pretend Play,N/A,N/A,Girls,N/A,N/A,No,39.,$59.99,N/A,4.4 out of 5 stars,0,No,4.4,N/A,N/A,https://www.amazon.com/JOYIN-Playset-Pretend-Cooking-Interactive/dp/B0B1KY1967/ref=sr_1_42?dib=eyJ2IjoiMSJ9.OSu2m1xyE9HZZ0dFTzt_4LI112_C-OE9z_P3wevz-6Vh4kzwYA-CNukaS210kGAbUPqaGfNDZaURkC-Y2uen9ruGK40_Mxap9l4GHPOdDpKv28eK-Ev7rvcP7k2cmHpHUJZEWErzrw0kPfss2DKNac7AhPYG2xwv8xoyz3PsF3KDC2xiK5RijuHgufj2TuP0dmE33-HTT1WQ0-lbvx_wAc46CRBZtkVpVlR0WD7hEuwGVwEb6cgKsNcqvKwyutFi1Axl8Ctjt-BHmfC-YrJQDfZheV7bQTs1PVKpnH7TScw.CX8ttt3iXfcBu_e-GVpj6XiVo7TcKVoRfvvCNRHrEsM&dib_tag=se&keywords=toys&qid=1763313856&sr=8-42,Toys,2025-11-16 17:24:17
B0DSCKRQWV,"Paw Patrol Fire Rescue: Marshall Rescue Fire Engine with Action Figure & Projectile Launcher & Toy Truck, Kids Toys for Boys & Girls Ages 3 and Up",Vehicles,N/A,N/A,Girls,N/A,N/A,No,11.,$15.99,N/A,4.7 out of 5 stars,0,No,4.7,N/A,Limited time deal,https://www.amazon.com/PAW-Patrol-Fire-Rescue-Projectile/dp/B0DSCKRQWV/ref=sr_1_43?dib=eyJ2IjoiMSJ9.OSu2m1xyE9HZZ0dFTzt_4LI112_C-OE9z_P3wevz-6Vh4kzwYA-CNukaS210kGAbUPqaGfNDZaURkC-Y2uen9ruGK40_Mxap9l4GHPOdDpKv28eK-Ev7rvcP7k2cmHpHUJZEWErzrw0kPfss2DKNac7AhPYG2xwv8xoyz3PsF3KDC2xiK5RijuHgufj2TuP0dmE33-HTT1WQ0-lbvx_wAc46CRBZtkVpVlR0WD7hEuwGVwEb6cgKsNcqvKwyutFi1Axl8Ctjt-BHmfC-YrJQDfZheV7bQTs1PVKpnH7TScw.CX8ttt3iXfcBu_e-GVpj6XiVo7TcKVoRfvvCNRHrEsM&dib_tag=se&keywords=toys&qid=1763313856&sr=8-43,Toys,2025-11-16 17:24:17
B0D19HPGY5,"Hasbro Gaming Candy Land Bluey Edition Board Game | Ages 3 and Up | 2-6 Players | Play as Dad, Mum, Bluey, Bingo, Muffin, or Socks | Preschool Games | Kids Gifts (Amazon Exclusive)",Games & Board Games,N/A,3-5 years,Unisex,N/A,Blue,No,10.,$14.99,,4.8 out of 5 stars,0,No,4.8,N/A,Limited time deal,https://www.amazon.com/Hasbro-Gaming-Players-Preschool-Exclusive/dp/B0D19HPGY5/ref=sr_1_44?dib=eyJ2IjoiMSJ9.OSu2m1xyE9HZZ0dFTzt_4LI112_C-OE9z_P3wevz-6Vh4kzwYA-CNukaS210kGAbUPqaGfNDZaURkC-Y2uen9ruGK40_Mxap9l4GHPOdDpKv28eK-Ev7rvcP7k2cmHpHUJZEWErzrw0kPfss2DKNac7AhPYG2xwv8xoyz3PsF3KDC2xiK5RijuHgufj2TuP0dmE33-HTT1WQ0-lbvx_wAc46CRBZtkVpVlR0WD7hEuwGVwEb6cgKsNcqvKwyutFi1Axl8Ctjt-BHmfC-YrJQDfZheV7bQTs1PVKpnH7TScw.CX8ttt3iXfcBu_e-GVpj6XiVo7TcKVoRfvvCNRHrEsM&dib_tag=se&keywords=toys&qid=1763313856&sr=8-44,Toys,2025-11-16 17:24:17
B000U4CUHC,Melissa & Doug Toolbox Fill and Spill Toddler Toy with Vibrating Drill (9 pcs),Baby & Toddler Toys,N/A,1-3 years,Unisex,N/A,N/A,No,18.,$35.99,N/A,4.6 out of 5 stars,0,No,4.6,N/A,Limited time deal,https://www.amazon.com/Melissa-Doug-Toolbox-Toddler-Vibrating/dp/B000U4CUHC/ref=sr_1_45?dib=eyJ2IjoiMSJ9.OSu2m1xyE9HZZ0dFTzt_4LI112_C-OE9z_P3wevz-6Vh4kzwYA-CNukaS210kGAbUPqaGfNDZaURkC-Y2uen9ruGK40_Mxap9l4GHPOdDpKv28eK-Ev7rvcP7k2cmHpHUJZEWErzrw0kPfss2DKNac7AhPYG2xwv8xoyz3PsF3KDC2xiK5RijuHgufj2TuP0dmE33-HTT1WQ0-lbvx_wAc46CRBZtkVpVlR0WD7hEuwGVwEb6cgKsNcqvKwyutFi1Axl8Ctjt-BHmfC-YrJQDfZheV7bQTs1PVKpnH7TScw.CX8ttt3iXfcBu_e-GVpj6XiVo7TcKVoRfvvCNRHrEsM&dib_tag=se&keywords=toys&qid=1763313856&sr=8-45,Toys,2025-11-16 17:24:17
B0CQCY93WV,"Marvel Avengers Epic Hero Series Team-Up Gift Pack, 4-Inch-Scale (10cm) Captain America, Thor, Iron Man Action Figures, Toys for Kids Ages 4 and Up (Amazon Exclusive)",Action Figures,N/A,N/A,Unisex,N/A,N/A,No,13.,$21.99,N/A,4.6 out of 5 stars,0,No,4.6,N/A,Limited time deal,https://www.amazon.com/Marvel-Avengers-Team-Up-4-Inch-Scale-Captain/dp/B0CQCY93WV/ref=sr_1_46?dib=eyJ2IjoiMSJ9.OSu2m1xyE9HZZ0dFTzt_4LI112_C-OE9z_P3wevz-6Vh4kzwYA-CNukaS210kGAbUPqaGfNDZaURkC-Y2uen9ruGK40_Mxap9l4GHPOdDpKv28eK-Ev7rvcP7k2cmHpHUJZEWErzrw0kPfss2DKNac7AhPYG2xwv8xoyz3PsF3KDC2xiK5RijuHgufj2TuP0dmE33-HTT1WQ0-lbvx_wAc46CRBZtkVpVlR0WD7hEuwGVwEb6cgKsNcqvKwyutFi1Axl8Ctjt-BHmfC-YrJQDfZheV7bQTs1PVKpnH7TScw.CX8ttt3iXfcBu_e-GVpj6XiVo7TcKVoRfvvCNRHrEsM&dib_tag=se&keywords=toys&qid=1763313856&sr=8-46,Toys,2025-11-16 17:24:17
B07HKP81ZY,"Crayola Peppa Pig Color Wonder Activity Set, Mess Free Peppa Pig Coloring Pages for Toddlers, Peppa Pig Toys, Toddler Gifts",Baby & Toddler Toys,N/A,1-3 years,Unisex,N/A,N/A,No,5.,5.,N/A,4.8 out of 5 stars,0,No,#1 Top Rated,N/A,N/A,https://www.amazon.com/Crayola-Color-Wonder-Peppa-Coloring/dp/B07HKP81ZY/ref=sr_1_47?dib=eyJ2IjoiMSJ9.OSu2m1xyE9HZZ0dFTzt_4LI112_C-OE9z_P3wevz-6Vh4kzwYA-CNukaS210kGAbUPqaGfNDZaURkC-Y2uen9ruGK40_Mxap9l4GHPOdDpKv28eK-Ev7rvcP7k2cmHpHUJZEWErzrw0kPfss2DKNac7AhPYG2xwv8xoyz3PsF3KDC2xiK5RijuHgufj2TuP0dmE33-HTT1WQ0-lbvx_wAc46CRBZtkVpVlR0WD7hEuwGVwEb6cgKsNcqvKwyutFi1Axl8Ctjt-BHmfC-YrJQDfZheV7bQTs1PVKpnH7TScw.CX8ttt3iXfcBu_e-GVpj6XiVo7TcKVoRfvvCNRHrEsM&dib_tag=se&keywords=toys&qid=1763313856&sr=8-47,Toys,2025-11-16 17:24:17
B0C3M7N76R,"Transform Remote Control Car Toy for Kids 4 5 6 7 8, Remote Control Car for Boys 4-7, Transform Cars for Boys 4-6, Toy Car 5 Year Old Boy, Toys for 3 4 5 6 7 8 9 10 11 12 Years Old Boy",Vehicles,N/A,N/A,Boys,N/A,N/A,No,17.,$19.99,N/A,4.4 out of 5 stars,0,No,4.4,N/A,N/A,https://www.amazon.com/Britik-Transform-Remote-Control-Car/dp/B0C3M7N76R/ref=sr_1_48?dib=eyJ2IjoiMSJ9.OSu2m1xyE9HZZ0dFTzt_4LI112_C-OE9z_P3wevz-6Vh4kzwYA-CNukaS210kGAbUPqaGfNDZaURkC-Y2uen9ruGK40_Mxap9l4GHPOdDpKv28eK-Ev7rvcP7k2cmHpHUJZEWErzrw0kPfss2DKNac7AhPYG2xwv8xoyz3PsF3KDC2xiK5RijuHgufj2TuP0dmE33-HTT1WQ0-lbvx_wAc46CRBZtkVpVlR0WD7hEuwGVwEb6cgKsNcqvKwyutFi1Axl8Ctjt-BHmfC-YrJQDfZheV7bQTs1PVKpnH7TScw.CX8ttt3iXfcBu_e-GVpj6XiVo7TcKVoRfvvCNRHrEsM&dib_tag=se&keywords=toys&qid=1763313856&sr=8-48,Toys,2025-11-16 17:24:17
B0D17NZ6B6,"Doctor Kit for Kids Girls, 34 Pcs Kids Doctor Kit for Toddlers 3-5 with Medical Storage Bag & Real Stethoscope, Pretend Play Set for Boys Girls Fun Role Playing Game",Games & Board Games,N/A,1-3 years,Girls,N/A,N/A,No,26.,$29.99,N/A,4.7 out of 5 stars,0,No,4.7,N/A,N/A,https://www.amazon.com/Toddlers-Medical-Storage-Stethoscope-Pretend/dp/B0D17NZ6B6/ref=sr_1_49?dib=eyJ2IjoiMSJ9.J6Geq5ThWNB2UvDhanD6oeu_o201VsZaiN9y0vckhYlWQyMqGGowrUnjLgCAsE92Fjk75jcICAyruzyvTRXMSGicOiiGw5Yf15pGjJdoEZ54dDq2t165ABkz8zZu4NFtoOqmXFjG0fy5882uOroO2YVdNupEfVAYWHqqz1pataXH6MhqN1dbiCFMmNb68e7DO9WMrAOyxt8gropxNtbeuIr65fJSD4D4mgmMUSxyvJwP1M-Uf5QT2JqXOtQLQ8uzAHu9M2LGRd17Fc48iKVr37RCO2c4tcWnR75HlESs5DM.l5vJhz-6hHexcszBdeetv2i9VJm99O73q2mh-bZdmF4&dib_tag=se&keywords=toys&qid=1763313862&sr=8-49,Toys,2025-11-16 17:24:24
B0CGY4J7QT,"LEGO Creator 3 in 1 Flatbed Truck with Helicopter Toy, Transforms from Flatbed Truck Toy to Propeller Plane to Hot Rod and SUV Car Toys, Gift Idea for Boys and Girls Ages 7 Years Old and Up, 31146",Building & Construction,N/A,N/A,Girls,N/A,N/A,No,19.,19.,,4.8 out of 5 stars,0,No,4.8,N/A,N/A,https://www.amazon.com/LEGO-Creator-Helicopter-Transforms-Propeller/dp/B0CGY4J7QT/ref=sr_1_50?dib=eyJ2IjoiMSJ9.J6Geq5ThWNB2UvDhanD6oeu_o201VsZaiN9y0vckhYlWQyMqGGowrUnjLgCAsE92Fjk75jcICAyruzyvTRXMSGicOiiGw5Yf15pGjJdoEZ54dDq2t165ABkz8zZu4NFtoOqmXFjG0fy5882uOroO2YVdNupEfVAYWHqqz1pataXH6MhqN1dbiCFMmNb68e7DO9WMrAOyxt8gropxNtbeuIr65fJSD4D4mgmMUSxyvJwP1M-Uf5QT2JqXOtQLQ8uzAHu9M2LGRd17Fc48iKVr37RCO2c4tcWnR75HlESs5DM.l5vJhz-6hHexcszBdeetv2i9VJm99O73q2mh-bZdmF4&dib_tag=se&keywords=toys&qid=1763313862&sr=8-50,Toys,2025-11-16 17:24:24
B084Y3DLFJ,"Crayola Color Wonder Magic Light Brush, Mess Free Painting Station for Kids, Toddler Toys & Activities, Holiday & Christmas Gifts for Kids, Ages 3+",Baby & Toddler Toys,N/A,1-3 years,Unisex,N/A,N/A,No,23.,$29.99,N/A,4.5 out of 5 stars,0,No,4.5,N/A,N/A,https://www.amazon.com/Crayola-Color-Wonder-Magic-Painting/dp/B084Y3DLFJ/ref=sr_1_51?dib=eyJ2IjoiMSJ9.J6Geq5ThWNB2UvDhanD6oeu_o201VsZaiN9y0vckhYlWQyMqGGowrUnjLgCAsE92Fjk75jcICAyruzyvTRXMSGicOiiGw5Yf15pGjJdoEZ54dDq2t165ABkz8zZu4NFtoOqmXFjG0fy5882uOroO2YVdNupEfVAYWHqqz1pataXH6MhqN1dbiCFMmNb68e7DO9WMrAOyxt8gropxNtbeuIr65fJSD4D4mgmMUSxyvJwP1M-Uf5QT2JqXOtQLQ8uzAHu9M2LGRd17Fc48iKVr37RCO2c4tcWnR75HlESs5DM.l5vJhz-6hHexcszBdeetv2i9VJm99O73q2mh-bZdmF4&dib_tag=se&keywords=toys&qid=1763313862&sr=8-51,Toys,2025-11-16 17:24:24
B0DJ19R8H7,"LEGO Minecraft The Nether Lava Battle Toy and Playset - Building Minecraft Toy for Kids, Ages 6+ - Alex, Wither Skeleton, Blaze and Strider Figures for Pretend Play - Gift Idea for Birthdays - 21266",Building & Construction,N/A,N/A,Unisex,N/A,N/A,No,7.,$9.99,N/A,4.9 out of 5 stars,0,No,4.9,N/A,N/A,https://www.amazon.com/LEGO-Minecraft-Nether-Battle-Playset/dp/B0DJ19R8H7/ref=sr_1_52?dib=eyJ2IjoiMSJ9.J6Geq5ThWNB2UvDhanD6oeu_o201VsZaiN9y0vckhYlWQyMqGGowrUnjLgCAsE92Fjk75jcICAyruzyvTRXMSGicOiiGw5Yf15pGjJdoEZ54dDq2t165ABkz8zZu4NFtoOqmXFjG0fy5882uOroO2YVdNupEfVAYWHqqz1pataXH6MhqN1dbiCFMmNb68e7DO9WMrAOyxt8gropxNtbeuIr65fJSD4D4mgmMUSxyvJwP1M-Uf5QT2JqXOtQLQ8uzAHu9M2LGRd17Fc48iKVr37RCO2c4tcWnR75HlESs5DM.l5vJhz-6hHexcszBdeetv2i9VJm99O73q2mh-bZdmF4&dib_tag=se&keywords=toys&qid=1763313862&sr=8-52,Toys,2025-11-16 17:24:24
B072PY2WZG,"Melissa & Doug Star Diner Restaurant 41-Piece Play Set with Toy Food, Cookware & Play Kitchen Accessories, Preschool Learning Toys for Girls & Boys 3+",Educational Toys,N/A,3-5 years,Girls,N/A,N/A,Yes,19.,$41.99,N/A,4.8 out of 5 stars,0,No,4.8,N/A,Limited time deal,https://www.amazon.com/Melissa-Doug-Diner-Restaurant-House/dp/B072PY2WZG/ref=sr_1_53?dib=eyJ2IjoiMSJ9.J6Geq5ThWNB2UvDhanD6oeu_o201VsZaiN9y0vckhYlWQyMqGGowrUnjLgCAsE92Fjk75jcICAyruzyvTRXMSGicOiiGw5Yf15pGjJdoEZ54dDq2t165ABkz8zZu4NFtoOqmXFjG0fy5882uOroO2YVdNupEfVAYWHqqz1pataXH6MhqN1dbiCFMmNb68e7DO9WMrAOyxt8gropxNtbeuIr65fJSD4D4mgmMUSxyvJwP1M-Uf5QT2JqXOtQLQ8uzAHu9M2LGRd17Fc48iKVr37RCO2c4tcWnR75HlESs5DM.l5vJhz-6hHexcszBdeetv2i9VJm99O73q2mh-bZdmF4&dib_tag=se&keywords=toys&qid=1763313862&sr=8-53,Toys,2025-11-16 17:24:24
B09HR1Q6DP,"Crayola Bluey Color Wonder Coloring Set, 18 Bluey Coloring Pages, Toddler Stocking Stuffer, Holiday & Christmas Gifts for Kids, Mess Free Coloring for Toddlers, Toys & Games",Games & Board Games,N/A,1-3 years,Unisex,N/A,Blue,No,5.,5.,N/A,4.8 out of 5 stars,0,No,#1 Top Rated,N/A,N/A,https://www.amazon.com/Crayola-Bluey-Wonder-Coloring-Markers/dp/B09HR1Q6DP/ref=sr_1_54?dib=eyJ2IjoiMSJ9.J6Geq5ThWNB2UvDhanD6oeu_o201VsZaiN9y0vckhYlWQyMqGGowrUnjLgCAsE92Fjk75jcICAyruzyvTRXMSGicOiiGw5Yf15pGjJdoEZ54dDq2t165ABkz8zZu4NFtoOqmXFjG0fy5882uOroO2YVdNupEfVAYWHqqz1pataXH6MhqN1dbiCFMmNb68e7DO9WMrAOyxt8gropxNtbeuIr65fJSD4D4mgmMUSxyvJwP1M-Uf5QT2JqXOtQLQ8uzAHu9M2LGRd17Fc48iKVr37RCO2c4tcWnR75HlESs5DM.l5vJhz-6hHexcszBdeetv2i9VJm99O73q2mh-bZdmF4&dib_tag=se&keywords=toys&qid=1763313862&sr=8-54,Toys,2025-11-16 17:24:24
B07TT6664Z,"Scientoy Fidget Toy Set, 35 Pcs Sensory Toy for ADD, OCD, Autistic Children, Adults, Anxiety Autism to Stress Relief and Anti Anxiety with Motion Timer, Perfect for Classroom Reward with Gift Box",Other Toys,N/A,12+ years,Unisex,N/A,N/A,No,16.,$25.99,N/A,4.4 out of 5 stars,0,No,4.4,N/A,Limited time deal,https://www.amazon.com/Scientoy-Blocks/dp/B07TT6664Z/ref=sr_1_55?dib=eyJ2IjoiMSJ9.J6Geq5ThWNB2UvDhanD6oeu_o201VsZaiN9y0vckhYlWQyMqGGowrUnjLgCAsE92Fjk75jcICAyruzyvTRXMSGicOiiGw5Yf15pGjJdoEZ54dDq2t165ABkz8zZu4NFtoOqmXFjG0fy5882uOroO2YVdNupEfVAYWHqqz1pataXH6MhqN1dbiCFMmNb68e7DO9WMrAOyxt8gropxNtbeuIr65fJSD4D4mgmMUSxyvJwP1M-Uf5QT2JqXOtQLQ8uzAHu9M2LGRd17Fc48iKVr37RCO2c4tcWnR75HlESs5DM.l5vJhz-6hHexcszBdeetv2i9VJm99O73q2mh-bZdmF4&dib_tag=se&keywords=toys&qid=1763313862&sr=8-55,Toys,2025-11-16 17:24:24
B0DG2VRFV7,"30 Pack Squishy Toys, Kawaii Squishies Party Favors for Kids 4-8 8-12 Treasure Box Toys for Classroom Birthday Xmas Gifts Goodie Bag Mini Animals Mochi Squishy Stress Relief Sensory Toys Random",Arts & Crafts,N/A,N/A,Unisex,N/A,N/A,No,8.,$9.99,N/A,4.6 out of 5 stars,0,No,4.6,N/A,N/A,https://www.amazon.com/Squishy-Squishies-Treasure-Classroom-Birthday/dp/B0DG2VRFV7/ref=sr_1_56?dib=eyJ2IjoiMSJ9.J6Geq5ThWNB2UvDhanD6oeu_o201VsZaiN9y0vckhYlWQyMqGGowrUnjLgCAsE92Fjk75jcICAyruzyvTRXMSGicOiiGw5Yf15pGjJdoEZ54dDq2t165ABkz8zZu4NFtoOqmXFjG0fy5882uOroO2YVdNupEfVAYWHqqz1pataXH6MhqN1dbiCFMmNb68e7DO9WMrAOyxt8gropxNtbeuIr65fJSD4D4mgmMUSxyvJwP1M-Uf5QT2JqXOtQLQ8uzAHu9M2LGRd17Fc48iKVr37RCO2c4tcWnR75HlESs5DM.l5vJhz-6hHexcszBdeetv2i9VJm99O73q2mh-bZdmF4&dib_tag=se&keywords=toys&qid=1763313862&sr=8-56,Toys,2025-11-16 17:24:24
B0C531Q1XR,"Sundaymot Doctor Kit for Kids, 34 Pcs Pretend Playset for Toddlers, Doctor kit for Toddlers 3-5, with Medical Bag, Stethoscope and Other Accessories, for Boys and Girls Fun Role Playing Game",Games & Board Games,N/A,1-3 years,Girls,N/A,N/A,No,26.,$29.97,N/A,4.6 out of 5 stars,0,No,4.6,N/A,N/A,https://www.amazon.com/Sundaymot-Pretend-Toddlers-Stethoscope-Accessories/dp/B0C531Q1XR/ref=sr_1_57?dib=eyJ2IjoiMSJ9.J6Geq5ThWNB2UvDhanD6oeu_o201VsZaiN9y0vckhYlWQyMqGGowrUnjLgCAsE92Fjk75jcICAyruzyvTRXMSGicOiiGw5Yf15pGjJdoEZ54dDq2t165ABkz8zZu4NFtoOqmXFjG0fy5882uOroO2YVdNupEfVAYWHqqz1pataXH6MhqN1dbiCFMmNb68e7DO9WMrAOyxt8gropxNtbeuIr65fJSD4D4mgmMUSxyvJwP1M-Uf5QT2JqXOtQLQ8uzAHu9M2LGRd17Fc48iKVr37RCO2c4tcWnR75HlESs5DM.l5vJhz-6hHexcszBdeetv2i9VJm99O73q2mh-bZdmF4&dib_tag=se&keywords=toys&qid=1763313862&sr=8-57,Toys,2025-11-16 17:24:24
B0BSVGFS6B,"Amazon Delivery Van Ride On Toy for Kids, Blue Toddler Ride on Toy for Ages 2+, Amazon Exclusive",Baby & Toddler Toys,N/A,1-3 years,Unisex,N/A,Blue,No,41.,$45.99,N/A,4.8 out of 5 stars,0,No,4.8,N/A,N/A,https://www.amazon.com/Radio-Flyer-671Z-Delivery-Van/dp/B0BSVGFS6B/ref=sr_1_58?dib=eyJ2IjoiMSJ9.J6Geq5ThWNB2UvDhanD6oeu_o201VsZaiN9y0vckhYlWQyMqGGowrUnjLgCAsE92Fjk75jcICAyruzyvTRXMSGicOiiGw5Yf15pGjJdoEZ54dDq2t165ABkz8zZu4NFtoOqmXFjG0fy5882uOroO2YVdNupEfVAYWHqqz1pataXH6MhqN1dbiCFMmNb68e7DO9WMrAOyxt8gropxNtbeuIr65fJSD4D4mgmMUSxyvJwP1M-Uf5QT2JqXOtQLQ8uzAHu9M2LGRd17Fc48iKVr37RCO2c4tcWnR75HlESs5DM.l5vJhz-6hHexcszBdeetv2i9VJm99O73q2mh-bZdmF4&dib_tag=se&keywords=toys&qid=1763313862&sr=8-58,Toys,2025-11-16 17:24:24
B0CX2451MG,"Ms. Rachel Official Herbie Cuddle & Comfort Friend Doll, 11” Premium Plush Baby Toy, Toddler Toys for Girls & Boys for Ages 6 Months to 3+",Dolls & Accessories,N/A,0-1 years,Girls,Plush/Fabric,N/A,No,5.,$14.99,N/A,4.6 out of 5 stars,0,No,4.6,N/A,N/A,https://www.amazon.com/Ms-Rachel-MSR-Plush-ECMX/dp/B0CX2451MG/ref=sr_1_59?dib=eyJ2IjoiMSJ9.J6Geq5ThWNB2UvDhanD6oeu_o201VsZaiN9y0vckhYlWQyMqGGowrUnjLgCAsE92Fjk75jcICAyruzyvTRXMSGicOiiGw5Yf15pGjJdoEZ54dDq2t165ABkz8zZu4NFtoOqmXFjG0fy5882uOroO2YVdNupEfVAYWHqqz1pataXH6MhqN1dbiCFMmNb68e7DO9WMrAOyxt8gropxNtbeuIr65fJSD4D4mgmMUSxyvJwP1M-Uf5QT2JqXOtQLQ8uzAHu9M2LGRd17Fc48iKVr37RCO2c4tcWnR75HlESs5DM.l5vJhz-6hHexcszBdeetv2i9VJm99O73q2mh-bZdmF4&dib_tag=se&keywords=toys&qid=1763313862&sr=8-59,Toys,2025-11-16 17:24:24
B0DDT6D6CC,"SpringFlower Toy Truck, Large Excavator Truck Toy for 3 4 5 6 Year Old Boys,Truck Toy with Sound and Light,Kids Toddlers Christmas Birthday Gifts for Boys & Girls",Vehicles,N/A,1-3 years,Girls,N/A,N/A,No,25.,$39.99,N/A,4.5 out of 5 stars,0,No,4.5,N/A,Ends in 14:35:35,https://www.amazon.com/SpringFlower-Excavator-Toddlers-Christmas-Birthday/dp/B0DDT6D6CC/ref=sr_1_60?dib=eyJ2IjoiMSJ9.J6Geq5ThWNB2UvDhanD6oeu_o201VsZaiN9y0vckhYlWQyMqGGowrUnjLgCAsE92Fjk75jcICAyruzyvTRXMSGicOiiGw5Yf15pGjJdoEZ54dDq2t165ABkz8zZu4NFtoOqmXFjG0fy5882uOroO2YVdNupEfVAYWHqqz1pataXH6MhqN1dbiCFMmNb68e7DO9WMrAOyxt8gropxNtbeuIr65fJSD4D4mgmMUSxyvJwP1M-Uf5QT2JqXOtQLQ8uzAHu9M2LGRd17Fc48iKVr37RCO2c4tcWnR75HlESs5DM.l5vJhz-6hHexcszBdeetv2i9VJm99O73q2mh-bZdmF4&dib_tag=se&keywords=toys&qid=1763313862&sr=8-60,Toys,2025-11-16 17:24:24
B0D35YPC3H,"CRA-Z-Slimy Stitch Slime Toy- Glossy, Stretchy, Super Soft, Smooth Blue Stitch Slime with Stitch Shaped Confetti Mix-Ins for Boys and Girls, Lilo and Stitch Kids Toy Gift",Other Toys,N/A,N/A,Girls,Plush/Fabric,Blue,No,3.,$5.99,N/A,4.5 out of 5 stars,0,No,4.5,N/A,N/A,https://www.amazon.com/CRA-Z-Slimy-Stitch-Stretchy-Confetti-Mix-Ins/dp/B0D35YPC3H/ref=sr_1_61?dib=eyJ2IjoiMSJ9.J6Geq5ThWNB2UvDhanD6oeu_o201VsZaiN9y0vckhYlWQyMqGGowrUnjLgCAsE92Fjk75jcICAyruzyvTRXMSGicOiiGw5Yf15pGjJdoEZ54dDq2t165ABkz8zZu4NFtoOqmXFjG0fy5882uOroO2YVdNupEfVAYWHqqz1pataXH6MhqN1dbiCFMmNb68e7DO9WMrAOyxt8gropxNtbeuIr65fJSD4D4mgmMUSxyvJwP1M-Uf5QT2JqXOtQLQ8uzAHu9M2LGRd17Fc48iKVr37RCO2c4tcWnR75HlESs5DM.l5vJhz-6hHexcszBdeetv2i9VJm99O73q2mh-bZdmF4&dib_tag=se&keywords=toys&qid=1763313862&sr=8-61,Toys,2025-11-16 17:24:24
B0CS7LHLZT,"Hasbro Gaming Hypershot Electronic Tabletop Hockey Game | 5 Games in 1 | Music, Lights, and Sounds | Ages 8 and Up | for 1 to 2 Players | Kids Board Games",Games & Board Games,N/A,N/A,Unisex,Electronic,N/A,No,10.,$0.20,N/A,4.6 out of 5 stars,0,No,4.6,N/A,N/A,https://www.amazon.com/Hypershot-Electronic-Tabletop-Hockey-Players/dp/B0CS7LHLZT/ref=sr_1_62?dib=eyJ2IjoiMSJ9.J6Geq5ThWNB2UvDhanD6oeu_o201VsZaiN9y0vckhYlWQyMqGGowrUnjLgCAsE92Fjk75jcICAyruzyvTRXMSGicOiiGw5Yf15pGjJdoEZ54dDq2t165ABkz8zZu4NFtoOqmXFjG0fy5882uOroO2YVdNupEfVAYWHqqz1pataXH6MhqN1dbiCFMmNb68e7DO9WMrAOyxt8gropxNtbeuIr65fJSD4D4mgmMUSxyvJwP1M-Uf5QT2JqXOtQLQ8uzAHu9M2LGRd17Fc48iKVr37RCO2c4tcWnR75HlESs5DM.l5vJhz-6hHexcszBdeetv2i9VJm99O73q2mh-bZdmF4&dib_tag=se&keywords=toys&qid=1763313862&sr=8-62,Toys,2025-11-16 17:24:24
B0DDLZV8YM,Dan&Darci Aqua Fairy Water Gel Kit for Kids - Magic Elf Toy Kits - Waters Pets - DIY Squishy Maker Set - Craft for Kids - Make Your Own Squishies Toys Crafts for Boys & Girls,Electronic & RC Toys,N/A,N/A,Girls,N/A,N/A,No,24.,24.,N/A,4.5 out of 5 stars,0,No,4.5,N/A,N/A,https://www.amazon.com/Dan-Darci-Aqua-Fairy-Water/dp/B0DDLZV8YM/ref=sr_1_63?dib=eyJ2IjoiMSJ9.J6Geq5ThWNB2UvDhanD6oeu_o201VsZaiN9y0vckhYlWQyMqGGowrUnjLgCAsE92Fjk75jcICAyruzyvTRXMSGicOiiGw5Yf15pGjJdoEZ54dDq2t165ABkz8zZu4NFtoOqmXFjG0fy5882uOroO2YVdNupEfVAYWHqqz1pataXH6MhqN1dbiCFMmNb68e7DO9WMrAOyxt8gropxNtbeuIr65fJSD4D4mgmMUSxyvJwP1M-Uf5QT2JqXOtQLQ8uzAHu9M2LGRd17Fc48iKVr37RCO2c4tcWnR75HlESs5DM.l5vJhz-6hHexcszBdeetv2i9VJm99O73q2mh-bZdmF4&dib_tag=se&keywords=toys&qid=1763313862&sr=8-63,Toys,2025-11-16 17:24:24
B09T2CWRQ8,Dinosaur Toys for Kids 3-5: Wooden Stacking Montessori Toys for 3 4 5 6 7 8 Year Old Boys Girls Christmas Birthday Gifts for Kid Ages 4-8 Balance Competition Game for Family Stocking Stuffers,Games & Board Games,N/A,N/A,Girls,Wood,N/A,No,12.,12.,N/A,4.6 out of 5 stars,0,No,4.6,N/A,N/A,https://www.amazon.com/Dinosaur-Toys-Kids-3-5-Competition/dp/B09T2CWRQ8/ref=sr_1_64?dib=eyJ2IjoiMSJ9.J6Geq5ThWNB2UvDhanD6oeu_o201VsZaiN9y0vckhYlWQyMqGGowrUnjLgCAsE92Fjk75jcICAyruzyvTRXMSGicOiiGw5Yf15pGjJdoEZ54dDq2t165ABkz8zZu4NFtoOqmXFjG0fy5882uOroO2YVdNupEfVAYWHqqz1pataXH6MhqN1dbiCFMmNb68e7DO9WMrAOyxt8gropxNtbeuIr65fJSD4D4mgmMUSxyvJwP1M-Uf5QT2JqXOtQLQ8uzAHu9M2LGRd17Fc48iKVr37RCO2c4tcWnR75HlESs5DM.l5vJhz-6hHexcszBdeetv2i9VJm99O73q2mh-bZdmF4&dib_tag=se&keywords=toys&qid=1763313862&sr=8-64,Toys,2025-11-16 17:24:24
B07T14FKRR,Cat Construction Little Machines 5 Pack - Great Cake Toppers,Other Toys,N/A,N/A,Unisex,N/A,N/A,No,4.,4.,N/A,4.7 out of 5 stars,0,No,4.7,N/A,N/A,https://www.amazon.com/Cat-Construction-Little-Machines-Pack/dp/B07T14FKRR/ref=sr_1_65?dib=eyJ2IjoiMSJ9.J6Geq5ThWNB2UvDhanD6oeu_o201VsZaiN9y0vckhYlWQyMqGGowrUnjLgCAsE92Fjk75jcICAyruzyvTRXMSGicOiiGw5Yf15pGjJdoEZ54dDq2t165ABkz8zZu4NFtoOqmXFjG0fy5882uOroO2YVdNupEfVAYWHqqz1pataXH6MhqN1dbiCFMmNb68e7DO9WMrAOyxt8gropxNtbeuIr65fJSD4D4mgmMUSxyvJwP1M-Uf5QT2JqXOtQLQ8uzAHu9M2LGRd17Fc48iKVr37RCO2c4tcWnR75HlESs5DM.l5vJhz-6hHexcszBdeetv2i9VJm99O73q2mh-bZdmF4&dib_tag=se&keywords=toys&qid=1763313862&sr=8-65,Toys,2025-11-16 17:24:24
B01COSEDKS,VTech Drill and Learn Toolbox,Other Toys,N/A,N/A,Unisex,N/A,N/A,No,21.,$29.99,,4.7 out of 5 stars,0,No,4.7,N/A,Limited time deal,https://www.amazon.com/VTech-80-178200-Drill-Learn-Toolbox/dp/B01COSEDKS/ref=sr_1_66?dib=eyJ2IjoiMSJ9.J6Geq5ThWNB2UvDhanD6oeu_o201VsZaiN9y0vckhYlWQyMqGGowrUnjLgCAsE92Fjk75jcICAyruzyvTRXMSGicOiiGw5Yf15pGjJdoEZ54dDq2t165ABkz8zZu4NFtoOqmXFjG0fy5882uOroO2YVdNupEfVAYWHqqz1pataXH6MhqN1dbiCFMmNb68e7DO9WMrAOyxt8gropxNtbeuIr65fJSD4D4mgmMUSxyvJwP1M-Uf5QT2JqXOtQLQ8uzAHu9M2LGRd17Fc48iKVr37RCO2c4tcWnR75HlESs5DM.l5vJhz-6hHexcszBdeetv2i9VJm99O73q2mh-bZdmF4&dib_tag=se&keywords=toys&qid=1763313862&sr=8-66,Toys,2025-11-16 17:24:24
B0CNQ84PX4,Light Up Memory Game Handheld Electronic Toys Color Memorizing Classic Board Games Quiz Game with Lights and Sounds (907) (907),Games & Board Games,N/A,N/A,Unisex,Electronic,N/A,No,7.,7.,N/A,4.0 out of 5 stars,0,No,4.0,N/A,N/A,https://www.amazon.com/tingbowie-Handheld-Electronic-Memorizing-Classic/dp/B0CNQ84PX4/ref=sr_1_67?dib=eyJ2IjoiMSJ9.J6Geq5ThWNB2UvDhanD6oeu_o201VsZaiN9y0vckhYlWQyMqGGowrUnjLgCAsE92Fjk75jcICAyruzyvTRXMSGicOiiGw5Yf15pGjJdoEZ54dDq2t165ABkz8zZu4NFtoOqmXFjG0fy5882uOroO2YVdNupEfVAYWHqqz1pataXH6MhqN1dbiCFMmNb68e7DO9WMrAOyxt8gropxNtbeuIr65fJSD4D4mgmMUSxyvJwP1M-Uf5QT2JqXOtQLQ8uzAHu9M2LGRd17Fc48iKVr37RCO2c4tcWnR75HlESs5DM.l5vJhz-6hHexcszBdeetv2i9VJm99O73q2mh-bZdmF4&dib_tag=se&keywords=toys&qid=1763313862&sr=8-67,Toys,2025-11-16 17:24:24
B0CJBS6QBD,"Claw Machine for Kids, Mini Vending Machine Girls Unicorn Toys, Candy Grabber Prize Dispenser with Sound & 20 Mini Plush Toys, Electronic Arcade Game Indoor Toy for Home Party Birthday Gifts",Plush & Stuffed Animals,N/A,N/A,Girls,Plush/Fabric,N/A,No,39.,$49.99,N/A,4.1 out of 5 stars,0,No,4.1,N/A,N/A,https://www.amazon.com/Machine-Vending-Dispenser-Electronic-Birthday/dp/B0CJBS6QBD/ref=sr_1_68?dib=eyJ2IjoiMSJ9.J6Geq5ThWNB2UvDhanD6oeu_o201VsZaiN9y0vckhYlWQyMqGGowrUnjLgCAsE92Fjk75jcICAyruzyvTRXMSGicOiiGw5Yf15pGjJdoEZ54dDq2t165ABkz8zZu4NFtoOqmXFjG0fy5882uOroO2YVdNupEfVAYWHqqz1pataXH6MhqN1dbiCFMmNb68e7DO9WMrAOyxt8gropxNtbeuIr65fJSD4D4mgmMUSxyvJwP1M-Uf5QT2JqXOtQLQ8uzAHu9M2LGRd17Fc48iKVr37RCO2c4tcWnR75HlESs5DM.l5vJhz-6hHexcszBdeetv2i9VJm99O73q2mh-bZdmF4&dib_tag=se&keywords=toys&qid=1763313862&sr=8-68,Toys,2025-11-16 17:24:24
B00005RF5D,Melissa & Doug Take-Along Tool Kit Wooden Construction Toy (24 pcs),Other Toys,N/A,N/A,Unisex,Wood,N/A,No,9.,$16.29,N/A,4.7 out of 5 stars,0,No,4.7,N/A,N/A,https://www.amazon.com/Melissa-Doug-Take-Along-Wooden-Construction/dp/B00005RF5D/ref=sr_1_69?dib=eyJ2IjoiMSJ9.J6Geq5ThWNB2UvDhanD6oeu_o201VsZaiN9y0vckhYlWQyMqGGowrUnjLgCAsE92Fjk75jcICAyruzyvTRXMSGicOiiGw5Yf15pGjJdoEZ54dDq2t165ABkz8zZu4NFtoOqmXFjG0fy5882uOroO2YVdNupEfVAYWHqqz1pataXH6MhqN1dbiCFMmNb68e7DO9WMrAOyxt8gropxNtbeuIr65fJSD4D4mgmMUSxyvJwP1M-Uf5QT2JqXOtQLQ8uzAHu9M2LGRd17Fc48iKVr37RCO2c4tcWnR75HlESs5DM.l5vJhz-6hHexcszBdeetv2i9VJm99O73q2mh-bZdmF4&dib_tag=se&keywords=toys&qid=1763313862&sr=8-69,Toys,2025-11-16 17:24:24
B0CX24138S,"Ms. Rachel Official Speak & Sing Doll, 16” Tall Interactive Toy with 4 Songs & 16+ Phrases, Toddler Toys for Girls & Boys Ages 6 Months to 3+ Years.",Dolls & Accessories,N/A,1-3 years,Girls,N/A,N/A,No,21.,21.,N/A,4.8 out of 5 stars,0,No,4.8,N/A,N/A,https://www.amazon.com/Ms-Rachel-6072297-Doll/dp/B0CX24138S/ref=sr_1_70?dib=eyJ2IjoiMSJ9.J6Geq5ThWNB2UvDhanD6oeu_o201VsZaiN9y0vckhYlWQyMqGGowrUnjLgCAsE92Fjk75jcICAyruzyvTRXMSGicOiiGw5Yf15pGjJdoEZ54dDq2t165ABkz8zZu4NFtoOqmXFjG0fy5882uOroO2YVdNupEfVAYWHqqz1pataXH6MhqN1dbiCFMmNb68e7DO9WMrAOyxt8gropxNtbeuIr65fJSD4D4mgmMUSxyvJwP1M-Uf5QT2JqXOtQLQ8uzAHu9M2LGRd17Fc48iKVr37RCO2c4tcWnR75HlESs5DM.l5vJhz-6hHexcszBdeetv2i9VJm99O73q2mh-bZdmF4&dib_tag=se&keywords=toys&qid=1763313862&sr=8-70,Toys,2025-11-16 17:24:24
B0D2ZWXRT7,"Morf Fidget Worm Toy - Flexible 3D Sensory Slug Figgy Toy for Kids, Teens, and Adults – Stretchy, Quiet, Stress and Anxiety Relief, Focus - For Play, School, Work Gifts, Great For Classroom and Office",Other Toys,N/A,12+ years,Unisex,N/A,N/A,No,12.,$13.99,N/A,4.3 out of 5 stars,0,No,4.3,N/A,N/A,https://www.amazon.com/Morf-Fidget-Worm-Toy-Interactive/dp/B0D2ZWXRT7/ref=sr_1_71?dib=eyJ2IjoiMSJ9.J6Geq5ThWNB2UvDhanD6oeu_o201VsZaiN9y0vckhYlWQyMqGGowrUnjLgCAsE92Fjk75jcICAyruzyvTRXMSGicOiiGw5Yf15pGjJdoEZ54dDq2t165ABkz8zZu4NFtoOqmXFjG0fy5882uOroO2YVdNupEfVAYWHqqz1pataXH6MhqN1dbiCFMmNb68e7DO9WMrAOyxt8gropxNtbeuIr65fJSD4D4mgmMUSxyvJwP1M-Uf5QT2JqXOtQLQ8uzAHu9M2LGRd17Fc48iKVr37RCO2c4tcWnR75HlESs5DM.l5vJhz-6hHexcszBdeetv2i9VJm99O73q2mh-bZdmF4&dib_tag=se&keywords=toys&qid=1763313862&sr=8-71,Toys,2025-11-16 17:24:24
B06XNQDR8J,"LeapFrog 2-in-1 LeapTop Touch, Green",Other Toys,N/A,N/A,Unisex,N/A,Green,No,24.,$29.99,,4.7 out of 5 stars,0,No,4.7,N/A,N/A,https://www.amazon.com/LeapFrog-80-600900-2-in-1-LeapTop-Touch/dp/B06XNQDR8J/ref=sr_1_72?dib=eyJ2IjoiMSJ9.J6Geq5ThWNB2UvDhanD6oeu_o201VsZaiN9y0vckhYlWQyMqGGowrUnjLgCAsE92Fjk75jcICAyruzyvTRXMSGicOiiGw5Yf15pGjJdoEZ54dDq2t165ABkz8zZu4NFtoOqmXFjG0fy5882uOroO2YVdNupEfVAYWHqqz1pataXH6MhqN1dbiCFMmNb68e7DO9WMrAOyxt8gropxNtbeuIr65fJSD4D4mgmMUSxyvJwP1M-Uf5QT2JqXOtQLQ8uzAHu9M2LGRd17Fc48iKVr37RCO2c4tcWnR75HlESs5DM.l5vJhz-6hHexcszBdeetv2i9VJm99O73q2mh-bZdmF4&dib_tag=se&keywords=toys&qid=1763313862&sr=8-72,Toys,2025-11-16 17:24:24
B09LMBLYF1,Transformable Fidget Spinners Toys 4 Pcs for Kids and Adults Stress Relief Sensory Toys for Boys and Girls Fingertip Gyros for Party Favors Chrismas Stocking Stuffers Bulk for Teens,Arts & Crafts,N/A,12+ years,Girls,N/A,N/A,No,9.,$12.98,N/A,4.6 out of 5 stars,0,No,4.6,N/A,N/A,https://www.amazon.com/Transformable-Spinners-Sensory-Fingertip-Valentines/dp/B09LMBLYF1/ref=sr_1_73?dib=eyJ2IjoiMSJ9.J6Geq5ThWNB2UvDhanD6oeu_o201VsZaiN9y0vckhYlWQyMqGGowrUnjLgCAsE92Fjk75jcICAyruzyvTRXMSGicOiiGw5Yf15pGjJdoEZ54dDq2t165ABkz8zZu4NFtoOqmXFjG0fy5882uOroO2YVdNupEfVAYWHqqz1pataXH6MhqN1dbiCFMmNb68e7DO9WMrAOyxt8gropxNtbeuIr65fJSD4D4mgmMUSxyvJwP1M-Uf5QT2JqXOtQLQ8uzAHu9M2LGRd17Fc48iKVr37RCO2c4tcWnR75HlESs5DM.l5vJhz-6hHexcszBdeetv2i9VJm99O73q2mh-bZdmF4&dib_tag=se&keywords=toys&qid=1763313862&sr=8-73,Toys,2025-11-16 17:24:24
B07DGYX438,The Original The Floor is Lava! Game by Endless Games - Interactive Game For Kids And Adults - Promotes Physical Activity - Indoor And Outdoor Safe,Games & Board Games,N/A,12+ years,Unisex,N/A,N/A,No,16.,16.,,4.6 out of 5 stars,0,No,4.6,N/A,N/A,https://www.amazon.com/Original-Floor-Lava-Endless-Games/dp/B07DGYX438/ref=sr_1_74?dib=eyJ2IjoiMSJ9.J6Geq5ThWNB2UvDhanD6oeu_o201VsZaiN9y0vckhYlWQyMqGGowrUnjLgCAsE92Fjk75jcICAyruzyvTRXMSGicOiiGw5Yf15pGjJdoEZ54dDq2t165ABkz8zZu4NFtoOqmXFjG0fy5882uOroO2YVdNupEfVAYWHqqz1pataXH6MhqN1dbiCFMmNb68e7DO9WMrAOyxt8gropxNtbeuIr65fJSD4D4mgmMUSxyvJwP1M-Uf5QT2JqXOtQLQ8uzAHu9M2LGRd17Fc48iKVr37RCO2c4tcWnR75HlESs5DM.l5vJhz-6hHexcszBdeetv2i9VJm99O73q2mh-bZdmF4&dib_tag=se&keywords=toys&qid=1763313862&sr=8-74,Toys,2025-11-16 17:24:24
B07QGKGTK7,"Cat Construction 7"" Dump Truck, Loader & Excavator toys Combo Pack",Vehicles,N/A,N/A,Unisex,N/A,N/A,No,14.,$19.99,,4.6 out of 5 stars,0,No,4.6,N/A,Limited time deal,https://www.amazon.com/Caterpillar-Loader-Excavator-Construction-3-Pack/dp/B07QGKGTK7/ref=sr_1_75?dib=eyJ2IjoiMSJ9.J6Geq5ThWNB2UvDhanD6oeu_o201VsZaiN9y0vckhYlWQyMqGGowrUnjLgCAsE92Fjk75jcICAyruzyvTRXMSGicOiiGw5Yf15pGjJdoEZ54dDq2t165ABkz8zZu4NFtoOqmXFjG0fy5882uOroO2YVdNupEfVAYWHqqz1pataXH6MhqN1dbiCFMmNb68e7DO9WMrAOyxt8gropxNtbeuIr65fJSD4D4mgmMUSxyvJwP1M-Uf5QT2JqXOtQLQ8uzAHu9M2LGRd17Fc48iKVr37RCO2c4tcWnR75HlESs5DM.l5vJhz-6hHexcszBdeetv2i9VJm99O73q2mh-bZdmF4&dib_tag=se&keywords=toys&qid=1763313862&sr=8-75,Toys,2025-11-16 17:24:24
B0CHX4W2HH,"Mini Explorer Voice Changer for Kids for Kids - Voice Changing Device for Boys & Girls Ages 3-8+ Olds Birthday Gifts for 3, 4, 5, 7, 8 Year Old Boy - Toys Gift Ideas for Kid, Toddler",Baby & Toddler Toys,N/A,1-3 years,Girls,N/A,N/A,No,19.,$24.99,N/A,4.4 out of 5 stars,0,No,4.4,N/A,N/A,https://www.amazon.com/Mini-Explorer-Voice-Changer-Kids/dp/B0CHX4W2HH/ref=sr_1_76?dib=eyJ2IjoiMSJ9.J6Geq5ThWNB2UvDhanD6oeu_o201VsZaiN9y0vckhYlWQyMqGGowrUnjLgCAsE92Fjk75jcICAyruzyvTRXMSGicOiiGw5Yf15pGjJdoEZ54dDq2t165ABkz8zZu4NFtoOqmXFjG0fy5882uOroO2YVdNupEfVAYWHqqz1pataXH6MhqN1dbiCFMmNb68e7DO9WMrAOyxt8gropxNtbeuIr65fJSD4D4mgmMUSxyvJwP1M-Uf5QT2JqXOtQLQ8uzAHu9M2LGRd17Fc48iKVr37RCO2c4tcWnR75HlESs5DM.l5vJhz-6hHexcszBdeetv2i9VJm99O73q2mh-bZdmF4&dib_tag=se&keywords=toys&qid=1763313862&sr=8-76,Toys,2025-11-16 17:24:24
B008J1QP7Y,"Bright Starts Oball Shaker Rattle Toy, Ages Newborn Plus",Outdoor & Sports Toys,N/A,N/A,Unisex,N/A,N/A,No,3.,3.,N/A,4.8 out of 5 stars,0,No,1 Count (Pack of 1),N/A,N/A,https://www.amazon.com/Oball-81107-Kids-Shaker-Toy/dp/B008J1QP7Y/ref=sr_1_77?dib=eyJ2IjoiMSJ9.J6Geq5ThWNB2UvDhanD6oeu_o201VsZaiN9y0vckhYlWQyMqGGowrUnjLgCAsE92Fjk75jcICAyruzyvTRXMSGicOiiGw5Yf15pGjJdoEZ54dDq2t165ABkz8zZu4NFtoOqmXFjG0fy5882uOroO2YVdNupEfVAYWHqqz1pataXH6MhqN1dbiCFMmNb68e7DO9WMrAOyxt8gropxNtbeuIr65fJSD4D4mgmMUSxyvJwP1M-Uf5QT2JqXOtQLQ8uzAHu9M2LGRd17Fc48iKVr37RCO2c4tcWnR75HlESs5DM.l5vJhz-6hHexcszBdeetv2i9VJm99O73q2mh-bZdmF4&dib_tag=se&keywords=toys&qid=1763313862&sr=8-77,Toys,2025-11-16 17:24:24
B0CQKQDDYY,"Furby Furblets Par-Tay Mini Friend, 45+ Sounds, Disco Music, Speaks Only Furbish, Electronic Plush Toys for Girls & Boys, Interactive Pets, Multicolor, 6+",Plush & Stuffed Animals,N/A,N/A,Girls,Plush/Fabric,Multicolor,No,6.,$9.99,N/A,4.6 out of 5 stars,0,No,4.6,N/A,N/A,https://www.amazon.com/Furby-Furblets-Par-Tay-Electronic-Multicolor/dp/B0CQKQDDYY/ref=sr_1_78?dib=eyJ2IjoiMSJ9.J6Geq5ThWNB2UvDhanD6oeu_o201VsZaiN9y0vckhYlWQyMqGGowrUnjLgCAsE92Fjk75jcICAyruzyvTRXMSGicOiiGw5Yf15pGjJdoEZ54dDq2t165ABkz8zZu4NFtoOqmXFjG0fy5882uOroO2YVdNupEfVAYWHqqz1pataXH6MhqN1dbiCFMmNb68e7DO9WMrAOyxt8gropxNtbeuIr65fJSD4D4mgmMUSxyvJwP1M-Uf5QT2JqXOtQLQ8uzAHu9M2LGRd17Fc48iKVr37RCO2c4tcWnR75HlESs5DM.l5vJhz-6hHexcszBdeetv2i9VJm99O73q2mh-bZdmF4&dib_tag=se&keywords=toys&qid=1763313862&sr=8-78,Toys,2025-11-16 17:24:24
B0BBZP9442,"JOYIN Kids Bow and Arrow Set, LED Light Up Archery Toy Set with 9 Suction Cup Arrows, Target & Arrow Case, Indoor and Outdoor Hunting Play Gift Toys for Kids, Boys & Girls Ages 6-12",Electronic & RC Toys,N/A,N/A,Girls,N/A,N/A,No,19.,$32.99,N/A,4.3 out of 5 stars,0,No,4.3,N/A,N/A,https://www.amazon.com/JOYIN-Archery-Suction-Outdoor-Hunting/dp/B0BBZP9442/ref=sr_1_79?dib=eyJ2IjoiMSJ9.J6Geq5ThWNB2UvDhanD6oeu_o201VsZaiN9y0vckhYlWQyMqGGowrUnjLgCAsE92Fjk75jcICAyruzyvTRXMSGicOiiGw5Yf15pGjJdoEZ54dDq2t165ABkz8zZu4NFtoOqmXFjG0fy5882uOroO2YVdNupEfVAYWHqqz1pataXH6MhqN1dbiCFMmNb68e7DO9WMrAOyxt8gropxNtbeuIr65fJSD4D4mgmMUSxyvJwP1M-Uf5QT2JqXOtQLQ8uzAHu9M2LGRd17Fc48iKVr37RCO2c4tcWnR75HlESs5DM.l5vJhz-6hHexcszBdeetv2i9VJm99O73q2mh-bZdmF4&dib_tag=se&keywords=toys&qid=1763313862&sr=8-79,Toys,2025-11-16 17:24:24
B0CCCZSR4W,JOYIN 3 Pack Monster Truck Toy - Motion Activated Light Up Cars for Toddlers - Monster Glow Rover LED Wheels - Baby Boy Toys - Press and Go Dinosaur Trucks for Kids Boys Birthday Gifts for Christmas,Vehicles,N/A,0-1 years,Boys,N/A,N/A,No,17.,$29.99,N/A,4.6 out of 5 stars,0,No,4.6,N/A,Ends in 09:05:36,https://www.amazon.com/JOYIN-Pack-Monster-Truck-Toy/dp/B0CCCZSR4W/ref=sr_1_80?dib=eyJ2IjoiMSJ9.J6Geq5ThWNB2UvDhanD6oeu_o201VsZaiN9y0vckhYlWQyMqGGowrUnjLgCAsE92Fjk75jcICAyruzyvTRXMSGicOiiGw5Yf15pGjJdoEZ54dDq2t165ABkz8zZu4NFtoOqmXFjG0fy5882uOroO2YVdNupEfVAYWHqqz1pataXH6MhqN1dbiCFMmNb68e7DO9WMrAOyxt8gropxNtbeuIr65fJSD4D4mgmMUSxyvJwP1M-Uf5QT2JqXOtQLQ8uzAHu9M2LGRd17Fc48iKVr37RCO2c4tcWnR75HlESs5DM.l5vJhz-6hHexcszBdeetv2i9VJm99O73q2mh-bZdmF4&dib_tag=se&keywords=toys&qid=1763313862&sr=8-80,Toys,2025-11-16 17:24:24
B0DJ19L2ZW,"LEGO City Yellow Construction Wheel Loader Building Sensory Toy - Construction Vehicle Toy for Toddlers, Boys and Girls, Ages 4+ - Educational, Learning Gift Idea for Preschoolers - 60450",Building & Construction,N/A,1-3 years,Girls,N/A,Yellow,Yes,10.,$14.99,N/A,4.9 out of 5 stars,0,No,4.9,N/A,Ends in 14:35:35,https://www.amazon.com/LEGO-Yellow-Construction-Building-Sensory/dp/B0DJ19L2ZW/ref=sr_1_81?dib=eyJ2IjoiMSJ9.J6Geq5ThWNB2UvDhanD6oeu_o201VsZaiN9y0vckhYlWQyMqGGowrUnjLgCAsE92Fjk75jcICAyruzyvTRXMSGicOiiGw5Yf15pGjJdoEZ54dDq2t165ABkz8zZu4NFtoOqmXFjG0fy5882uOroO2YVdNupEfVAYWHqqz1pataXH6MhqN1dbiCFMmNb68e7DO9WMrAOyxt8gropxNtbeuIr65fJSD4D4mgmMUSxyvJwP1M-Uf5QT2JqXOtQLQ8uzAHu9M2LGRd17Fc48iKVr37RCO2c4tcWnR75HlESs5DM.l5vJhz-6hHexcszBdeetv2i9VJm99O73q2mh-bZdmF4&dib_tag=se&keywords=toys&qid=1763313862&sr=8-81,Toys,2025-11-16 17:24:24
B0CYT6D2ZS,"6 Pack Slimes, Pink Slime Kids, Cloud Slime kit for Girls Ages 8-12, Toys for Girls and Boys, for Kids Slime Set Party kit Goodie Bag Stuffers, 4 5 6 7 8 9 10 Year Old Girl Birthday Gift Cute Stuff",Arts & Crafts,N/A,N/A,Girls,N/A,Pink,No,13.,$15.99,N/A,4.6 out of 5 stars,0,No,4.6,N/A,N/A,https://www.amazon.com/Packs-Gradient-Pink-Slime-Kit/dp/B0CYT6D2ZS/ref=sr_1_82?dib=eyJ2IjoiMSJ9.J6Geq5ThWNB2UvDhanD6oeu_o201VsZaiN9y0vckhYlWQyMqGGowrUnjLgCAsE92Fjk75jcICAyruzyvTRXMSGicOiiGw5Yf15pGjJdoEZ54dDq2t165ABkz8zZu4NFtoOqmXFjG0fy5882uOroO2YVdNupEfVAYWHqqz1pataXH6MhqN1dbiCFMmNb68e7DO9WMrAOyxt8gropxNtbeuIr65fJSD4D4mgmMUSxyvJwP1M-Uf5QT2JqXOtQLQ8uzAHu9M2LGRd17Fc48iKVr37RCO2c4tcWnR75HlESs5DM.l5vJhz-6hHexcszBdeetv2i9VJm99O73q2mh-bZdmF4&dib_tag=se&keywords=toys&qid=1763313862&sr=8-82,Toys,2025-11-16 17:24:24
B0C3QX5ZSX,"Laser Tag Set of 2, Lazer Tag Game for Kids Indoor & Outdoor Play, Gift Ideas for Kids Teens and Adults, Cool Toys for Teenage Ages 8 9 10 11 12+Year Old Boy & Girls",Games & Board Games,N/A,12+ years,Girls,N/A,N/A,No,32.,32.,N/A,4.5 out of 5 stars,0,No,4.5,N/A,N/A,https://www.amazon.com/Tag-Indoor-Outdoor-Adults-Teenage/dp/B0C3QX5ZSX/ref=sr_1_83?dib=eyJ2IjoiMSJ9.J6Geq5ThWNB2UvDhanD6oeu_o201VsZaiN9y0vckhYlWQyMqGGowrUnjLgCAsE92Fjk75jcICAyruzyvTRXMSGicOiiGw5Yf15pGjJdoEZ54dDq2t165ABkz8zZu4NFtoOqmXFjG0fy5882uOroO2YVdNupEfVAYWHqqz1pataXH6MhqN1dbiCFMmNb68e7DO9WMrAOyxt8gropxNtbeuIr65fJSD4D4mgmMUSxyvJwP1M-Uf5QT2JqXOtQLQ8uzAHu9M2LGRd17Fc48iKVr37RCO2c4tcWnR75HlESs5DM.l5vJhz-6hHexcszBdeetv2i9VJm99O73q2mh-bZdmF4&dib_tag=se&keywords=toys&qid=1763313862&sr=8-83,Toys,2025-11-16 17:24:24
B06XL1B7QN,"LeapFrog 2-in-1 LeapTop Touch, Pink",Other Toys,N/A,N/A,Unisex,N/A,Pink,No,24.,$29.99,,4.7 out of 5 stars,0,No,4.7,N/A,N/A,https://www.amazon.com/LeapFrog-2-in-1-LeapTop-Touch-Pink/dp/B06XL1B7QN/ref=sr_1_84?dib=eyJ2IjoiMSJ9.J6Geq5ThWNB2UvDhanD6oeu_o201VsZaiN9y0vckhYlWQyMqGGowrUnjLgCAsE92Fjk75jcICAyruzyvTRXMSGicOiiGw5Yf15pGjJdoEZ54dDq2t165ABkz8zZu4NFtoOqmXFjG0fy5882uOroO2YVdNupEfVAYWHqqz1pataXH6MhqN1dbiCFMmNb68e7DO9WMrAOyxt8gropxNtbeuIr65fJSD4D4mgmMUSxyvJwP1M-Uf5QT2JqXOtQLQ8uzAHu9M2LGRd17Fc48iKVr37RCO2c4tcWnR75HlESs5DM.l5vJhz-6hHexcszBdeetv2i9VJm99O73q2mh-bZdmF4&dib_tag=se&keywords=toys&qid=1763313862&sr=8-84,Toys,2025-11-16 17:24:24
B0CC1RZ2BJ,"Crenova Mini Magnetic Tiles Toddler Toys, Travel Set Magnetic Building Blocks for Kids Ages 3+, Educational Toy for Boys Girls for Sensory Play Preschool Learning Classroom Must Haves Decor",Building & Construction,N/A,1-3 years,Girls,N/A,N/A,Yes,9.,$14.99,N/A,4.7 out of 5 stars,0,No,4.7,N/A,N/A,https://www.amazon.com/Crenova-Magnetic-Construction-Preschool-Educational/dp/B0CC1RZ2BJ/ref=sr_1_85?dib=eyJ2IjoiMSJ9.J6Geq5ThWNB2UvDhanD6oeu_o201VsZaiN9y0vckhYlWQyMqGGowrUnjLgCAsE92Fjk75jcICAyruzyvTRXMSGicOiiGw5Yf15pGjJdoEZ54dDq2t165ABkz8zZu4NFtoOqmXFjG0fy5882uOroO2YVdNupEfVAYWHqqz1pataXH6MhqN1dbiCFMmNb68e7DO9WMrAOyxt8gropxNtbeuIr65fJSD4D4mgmMUSxyvJwP1M-Uf5QT2JqXOtQLQ8uzAHu9M2LGRd17Fc48iKVr37RCO2c4tcWnR75HlESs5DM.l5vJhz-6hHexcszBdeetv2i9VJm99O73q2mh-bZdmF4&dib_tag=se&keywords=toys&qid=1763313862&sr=8-85,Toys,2025-11-16 17:24:24
B0DJ5RPZY2,"Handheld Game for Kids -Preloaded 220 Retro Video Games, Portable Gaming Player with Rechargeable Battery 3.0"" LCD Screen, Mini Arcade Electronic Toy Gifts for Boys Girls (Blue)",Games & Board Games,N/A,N/A,Girls,Electronic,Blue,No,37.,37.,N/A,4.3 out of 5 stars,0,No,4.3,N/A,N/A,https://www.amazon.com/Handheld-Preloaded-Portable-Rechargeable-Electronic/dp/B0DJ5RPZY2/ref=sr_1_86?dib=eyJ2IjoiMSJ9.J6Geq5ThWNB2UvDhanD6oeu_o201VsZaiN9y0vckhYlWQyMqGGowrUnjLgCAsE92Fjk75jcICAyruzyvTRXMSGicOiiGw5Yf15pGjJdoEZ54dDq2t165ABkz8zZu4NFtoOqmXFjG0fy5882uOroO2YVdNupEfVAYWHqqz1pataXH6MhqN1dbiCFMmNb68e7DO9WMrAOyxt8gropxNtbeuIr65fJSD4D4mgmMUSxyvJwP1M-Uf5QT2JqXOtQLQ8uzAHu9M2LGRd17Fc48iKVr37RCO2c4tcWnR75HlESs5DM.l5vJhz-6hHexcszBdeetv2i9VJm99O73q2mh-bZdmF4&dib_tag=se&keywords=toys&qid=1763313862&sr=8-86,Toys,2025-11-16 17:24:24
B0D7M51TRB,"Toddler Boys Construction Truck Vehicle Toy Set with Play Mat and Die-Cast Toy Car, Transport Carrier Truck for Kids 3-5, Birthday Gifts Toys for 3-8 Year Old Boys",Vehicles,N/A,1-3 years,Boys,N/A,N/A,No,36.,36.,N/A,4.1 out of 5 stars,0,No,4.1,N/A,N/A,https://www.amazon.com/NIPLOOOW-Toddler-Construction-Die-Cast-Birthday/dp/B0D7M51TRB/ref=sr_1_87?dib=eyJ2IjoiMSJ9.J6Geq5ThWNB2UvDhanD6oeu_o201VsZaiN9y0vckhYlWQyMqGGowrUnjLgCAsE92Fjk75jcICAyruzyvTRXMSGicOiiGw5Yf15pGjJdoEZ54dDq2t165ABkz8zZu4NFtoOqmXFjG0fy5882uOroO2YVdNupEfVAYWHqqz1pataXH6MhqN1dbiCFMmNb68e7DO9WMrAOyxt8gropxNtbeuIr65fJSD4D4mgmMUSxyvJwP1M-Uf5QT2JqXOtQLQ8uzAHu9M2LGRd17Fc48iKVr37RCO2c4tcWnR75HlESs5DM.l5vJhz-6hHexcszBdeetv2i9VJm99O73q2mh-bZdmF4&dib_tag=se&keywords=toys&qid=1763313862&sr=8-87,Toys,2025-11-16 17:24:24
B007XVYPS2,VTech Spin and Learn Color Flashlight,Other Toys,N/A,N/A,Unisex,N/A,N/A,No,9.,$17.99,N/A,4.6 out of 5 stars,0,No,4.6,N/A,N/A,https://www.amazon.com/VTech-Learn-Color-Flashlight-Yellow/dp/B007XVYPS2/ref=sr_1_88?dib=eyJ2IjoiMSJ9.J6Geq5ThWNB2UvDhanD6oeu_o201VsZaiN9y0vckhYlWQyMqGGowrUnjLgCAsE92Fjk75jcICAyruzyvTRXMSGicOiiGw5Yf15pGjJdoEZ54dDq2t165ABkz8zZu4NFtoOqmXFjG0fy5882uOroO2YVdNupEfVAYWHqqz1pataXH6MhqN1dbiCFMmNb68e7DO9WMrAOyxt8gropxNtbeuIr65fJSD4D4mgmMUSxyvJwP1M-Uf5QT2JqXOtQLQ8uzAHu9M2LGRd17Fc48iKVr37RCO2c4tcWnR75HlESs5DM.l5vJhz-6hHexcszBdeetv2i9VJm99O73q2mh-bZdmF4&dib_tag=se&keywords=toys&qid=1763313862&sr=8-88,Toys,2025-11-16 17:24:24
B09PGVGCH5,Horizon Group USA Bluey Aqua Art - Reusable Water Reveal Activity Pages With Water Pen for No-Mess Drawing and Coloring,Arts & Crafts,N/A,N/A,Unisex,N/A,Blue,No,4.,4.,N/A,4.7 out of 5 stars,0,No,4.7,N/A,N/A,https://www.amazon.com/Horizon-Group-USA-Bluey-Aqua/dp/B09PGVGCH5/ref=sr_1_89?dib=eyJ2IjoiMSJ9.J6Geq5ThWNB2UvDhanD6oeu_o201VsZaiN9y0vckhYlWQyMqGGowrUnjLgCAsE92Fjk75jcICAyruzyvTRXMSGicOiiGw5Yf15pGjJdoEZ54dDq2t165ABkz8zZu4NFtoOqmXFjG0fy5882uOroO2YVdNupEfVAYWHqqz1pataXH6MhqN1dbiCFMmNb68e7DO9WMrAOyxt8gropxNtbeuIr65fJSD4D4mgmMUSxyvJwP1M-Uf5QT2JqXOtQLQ8uzAHu9M2LGRd17Fc48iKVr37RCO2c4tcWnR75HlESs5DM.l5vJhz-6hHexcszBdeetv2i9VJm99O73q2mh-bZdmF4&dib_tag=se&keywords=toys&qid=1763313862&sr=8-89,Toys,2025-11-16 17:24:24
B08JD776XX,"Kids Real Makeup Kit with Pink Unicorn Purse, Non Toxic Washable Make Up Set - Unicorn Toys for Girls Age 4-6, Gifts for 5 Year Old Girls Birthday Gift Ages 3 4 5 6 7 8 9 10 Years - Toys for Ages 5-7",Other Toys,N/A,N/A,Girls,N/A,Pink,No,12.,$14.99,N/A,4.7 out of 5 stars,0,No,4.7,N/A,Limited time deal,https://www.amazon.com/Sprinkles-Toyz-Makeup-Little-Girls/dp/B08JD776XX/ref=sr_1_90?dib=eyJ2IjoiMSJ9.J6Geq5ThWNB2UvDhanD6oeu_o201VsZaiN9y0vckhYlWQyMqGGowrUnjLgCAsE92Fjk75jcICAyruzyvTRXMSGicOiiGw5Yf15pGjJdoEZ54dDq2t165ABkz8zZu4NFtoOqmXFjG0fy5882uOroO2YVdNupEfVAYWHqqz1pataXH6MhqN1dbiCFMmNb68e7DO9WMrAOyxt8gropxNtbeuIr65fJSD4D4mgmMUSxyvJwP1M-Uf5QT2JqXOtQLQ8uzAHu9M2LGRd17Fc48iKVr37RCO2c4tcWnR75HlESs5DM.l5vJhz-6hHexcszBdeetv2i9VJm99O73q2mh-bZdmF4&dib_tag=se&keywords=toys&qid=1763313862&sr=8-90,Toys,2025-11-16 17:24:24
B08HC44TBP,JOYIN Arcade Basketball Game Set with 4 Balls and Hoop for Kids 3 to 12 Years Old Indoor Outdoor Sport Play - Easy Set Up - Air Pump Included - Ideal for Competition,Games & Board Games,N/A,N/A,Unisex,N/A,N/A,No,42.,$49.99,N/A,4.3 out of 5 stars,0,No,4.3,N/A,N/A,https://www.amazon.com/JOYIN-Arcade-Basketball-Indoor-Sport/dp/B08HC44TBP/ref=sr_1_91?dib=eyJ2IjoiMSJ9.J6Geq5ThWNB2UvDhanD6oeu_o201VsZaiN9y0vckhYlWQyMqGGowrUnjLgCAsE92Fjk75jcICAyruzyvTRXMSGicOiiGw5Yf15pGjJdoEZ54dDq2t165ABkz8zZu4NFtoOqmXFjG0fy5882uOroO2YVdNupEfVAYWHqqz1pataXH6MhqN1dbiCFMmNb68e7DO9WMrAOyxt8gropxNtbeuIr65fJSD4D4mgmMUSxyvJwP1M-Uf5QT2JqXOtQLQ8uzAHu9M2LGRd17Fc48iKVr37RCO2c4tcWnR75HlESs5DM.l5vJhz-6hHexcszBdeetv2i9VJm99O73q2mh-bZdmF4&dib_tag=se&keywords=toys&qid=1763313862&sr=8-91,Toys,2025-11-16 17:24:24
B0CY4X37RD,"BABESIDE Baby Dolls, 17inch Large Realistic Cute Soft Body Baby Doll Real Life Baby Dolls with Accessories for 3+ Year Old Girls Gifts, Pretend Play, Collection",Dolls & Accessories,N/A,0-1 years,Girls,Plush/Fabric,N/A,No,23.,$31.99,,4.6 out of 5 stars,0,No,4.6,N/A,Ends in 14:35:35,https://www.amazon.com/BABESIDE-Realistic-Accessories-Pretend-Collection/dp/B0CY4X37RD/ref=sr_1_92?dib=eyJ2IjoiMSJ9.J6Geq5ThWNB2UvDhanD6oeu_o201VsZaiN9y0vckhYlWQyMqGGowrUnjLgCAsE92Fjk75jcICAyruzyvTRXMSGicOiiGw5Yf15pGjJdoEZ54dDq2t165ABkz8zZu4NFtoOqmXFjG0fy5882uOroO2YVdNupEfVAYWHqqz1pataXH6MhqN1dbiCFMmNb68e7DO9WMrAOyxt8gropxNtbeuIr65fJSD4D4mgmMUSxyvJwP1M-Uf5QT2JqXOtQLQ8uzAHu9M2LGRd17Fc48iKVr37RCO2c4tcWnR75HlESs5DM.l5vJhz-6hHexcszBdeetv2i9VJm99O73q2mh-bZdmF4&dib_tag=se&keywords=toys&qid=1763313862&sr=8-92,Toys,2025-11-16 17:24:24
B09MW3Q54W,VTech Bluey Bluey's Book of Games,Games & Board Games,N/A,N/A,Unisex,N/A,Blue,No,14.,$29.99,N/A,4.8 out of 5 stars,0,No,4.8,N/A,N/A,https://www.amazon.com/VTech-Bluey-Blueys-Book-Games/dp/B09MW3Q54W/ref=sr_1_93?dib=eyJ2IjoiMSJ9.J6Geq5ThWNB2UvDhanD6oeu_o201VsZaiN9y0vckhYlWQyMqGGowrUnjLgCAsE92Fjk75jcICAyruzyvTRXMSGicOiiGw5Yf15pGjJdoEZ54dDq2t165ABkz8zZu4NFtoOqmXFjG0fy5882uOroO2YVdNupEfVAYWHqqz1pataXH6MhqN1dbiCFMmNb68e7DO9WMrAOyxt8gropxNtbeuIr65fJSD4D4mgmMUSxyvJwP1M-Uf5QT2JqXOtQLQ8uzAHu9M2LGRd17Fc48iKVr37RCO2c4tcWnR75HlESs5DM.l5vJhz-6hHexcszBdeetv2i9VJm99O73q2mh-bZdmF4&dib_tag=se&keywords=toys&qid=1763313862&sr=8-93,Toys,2025-11-16 17:24:24
B0F8LLT3JR,"Party Favors for Kids 8-12 4-8, 150-Pack Fidget Toys Bulk, Treasure Box Toys for Classroom, Stocking Stuffers Goodie Bags, Classroom Prizes, Birthday Holiday for Boys Girls",Arts & Crafts,N/A,N/A,Girls,N/A,N/A,No,13.,$0.09,N/A,4.4 out of 5 stars,0,No,4.4,N/A,N/A,https://www.amazon.com/Party-Favors-150-Pack-Treasure-Classroom/dp/B0F8LLT3JR/ref=sr_1_94?dib=eyJ2IjoiMSJ9.J6Geq5ThWNB2UvDhanD6oeu_o201VsZaiN9y0vckhYlWQyMqGGowrUnjLgCAsE92Fjk75jcICAyruzyvTRXMSGicOiiGw5Yf15pGjJdoEZ54dDq2t165ABkz8zZu4NFtoOqmXFjG0fy5882uOroO2YVdNupEfVAYWHqqz1pataXH6MhqN1dbiCFMmNb68e7DO9WMrAOyxt8gropxNtbeuIr65fJSD4D4mgmMUSxyvJwP1M-Uf5QT2JqXOtQLQ8uzAHu9M2LGRd17Fc48iKVr37RCO2c4tcWnR75HlESs5DM.l5vJhz-6hHexcszBdeetv2i9VJm99O73q2mh-bZdmF4&dib_tag=se&keywords=toys&qid=1763313862&sr=8-94,Toys,2025-11-16 17:24:24
B0CX21DBHB,"Ms. Rachel Official Sensory Learning Farm, Foldable Soft Baby Book with Plush Cow, Infant Educational Toys for Babies Ages 3 Months to 18 Months",Plush & Stuffed Animals,N/A,0-1 years,Unisex,Plush/Fabric,N/A,Yes,8.,8.,N/A,4.6 out of 5 stars,0,No,4.6,N/A,N/A,https://www.amazon.com/Ms-Rachel-Sensory-Learning-Farm/dp/B0CX21DBHB/ref=sr_1_95?dib=eyJ2IjoiMSJ9.J6Geq5ThWNB2UvDhanD6oeu_o201VsZaiN9y0vckhYlWQyMqGGowrUnjLgCAsE92Fjk75jcICAyruzyvTRXMSGicOiiGw5Yf15pGjJdoEZ54dDq2t165ABkz8zZu4NFtoOqmXFjG0fy5882uOroO2YVdNupEfVAYWHqqz1pataXH6MhqN1dbiCFMmNb68e7DO9WMrAOyxt8gropxNtbeuIr65fJSD4D4mgmMUSxyvJwP1M-Uf5QT2JqXOtQLQ8uzAHu9M2LGRd17Fc48iKVr37RCO2c4tcWnR75HlESs5DM.l5vJhz-6hHexcszBdeetv2i9VJm99O73q2mh-bZdmF4&dib_tag=se&keywords=toys&qid=1763313862&sr=8-95,Toys,2025-11-16 17:24:24
B0BXF8W8BM,"John Deere Bubble Lawn Mower for Toddlers, Bubble Blowing Machines, Indoor and Outdoor Gardening Toy, Birthday, Party Favor for Preschool Girls and Boys, No Batteries Required, 2+",Outdoor & Sports Toys,N/A,1-3 years,Girls,N/A,Red,No,25.,$29.99,N/A,4.5 out of 5 stars,0,No,4.5,N/A,Limited time deal,https://www.amazon.com/John-Deere-Bubble-N-Go-Mower-Entertainment/dp/B0BXF8W8BM/ref=sr_1_96?dib=eyJ2IjoiMSJ9.J6Geq5ThWNB2UvDhanD6oeu_o201VsZaiN9y0vckhYlWQyMqGGowrUnjLgCAsE92Fjk75jcICAyruzyvTRXMSGicOiiGw5Yf15pGjJdoEZ54dDq2t165ABkz8zZu4NFtoOqmXFjG0fy5882uOroO2YVdNupEfVAYWHqqz1pataXH6MhqN1dbiCFMmNb68e7DO9WMrAOyxt8gropxNtbeuIr65fJSD4D4mgmMUSxyvJwP1M-Uf5QT2JqXOtQLQ8uzAHu9M2LGRd17Fc48iKVr37RCO2c4tcWnR75HlESs5DM.l5vJhz-6hHexcszBdeetv2i9VJm99O73q2mh-bZdmF4&dib_tag=se&keywords=toys&qid=1763313862&sr=8-96,Toys,2025-11-16 17:24:24
B0BRNY9HZB,"Dan&Darci Kids Rock Painting Kit - Glow in The Dark - Christmas Gifts Arts & Crafts for Boys and Girls Ages 6-12 - Craft Activities Kits - Creative Art Toys for 6, 7, 8, 9, 10, 11 & 12 Year Old Kid",Electronic & RC Toys,N/A,N/A,Girls,N/A,N/A,No,14.,14.,,4.7 out of 5 stars,0,No,4.7,N/A,N/A,https://www.amazon.com/Kids-Rock-Painting-Kit-Activities/dp/B0BRNY9HZB/ref=mp_s_a_1_43?dib=eyJ2IjoiMSJ9.8mcdXmqGp0tBK9Pb-7n0gJH8Szhj4uC09NBzUWJEuufBoEsG9mZdSKHz2vrzu6eGqOxhb_AViSrY8FKPpsbFM91BqG_H4jOQlHyau0N_gv9JM5BFXYBPRqWig_qu2qUuzpyNgAwvKMv_is8ZHxHZIBhBI6rkJNhminLVvq5MSnCzIPY5bI3zad8o9t3-3QixQi52aq5dl1XPcEuj5PXL9Q.9Ib5BPJQk7WQhdtflRksOibS6XI7tED2vMYrflNTMpA&dib_tag=se&keywords=toys&qid=1763313873&sr=8-43,Toys,2025-11-16 17:24:35
B00IUAAK2A,ThinkFun Gravity Maze - Falling Marble Logic Game - Challenging STEM Toy for Kids 8-12 - Gravity Marble Maze - Brain-Building Fun - Educational Gift - Boosts Critical Thinking & Problem Solving,Building & Construction,N/A,N/A,Unisex,N/A,N/A,Yes,18.,18.,,4.6 out of 5 stars,0,No,4.6,N/A,Limited time deal,https://www.amazon.com/ThinkFun-Gravity-Marble-Logic-Girls/dp/B00IUAAK2A/ref=mp_s_a_1_44?dib=eyJ2IjoiMSJ9.8mcdXmqGp0tBK9Pb-7n0gJH8Szhj4uC09NBzUWJEuufBoEsG9mZdSKHz2vrzu6eGqOxhb_AViSrY8FKPpsbFM91BqG_H4jOQlHyau0N_gv9JM5BFXYBPRqWig_qu2qUuzpyNgAwvKMv_is8ZHxHZIBhBI6rkJNhminLVvq5MSnCzIPY5bI3zad8o9t3-3QixQi52aq5dl1XPcEuj5PXL9Q.9Ib5BPJQk7WQhdtflRksOibS6XI7tED2vMYrflNTMpA&dib_tag=se&keywords=toys&qid=1763313873&sr=8-44,Toys,2025-11-16 17:24:35
B09T2CWRQ8,Dinosaur Toys for Kids 3-5: Wooden Stacking Montessori Toys for 3 4 5 6 7 8 Year Old Boys Girls Christmas Birthday Gifts for Kid Ages 4-8 Balance Competition Game for Family Stocking Stuffers,Games & Board Games,N/A,N/A,Girls,Wood,N/A,No,12.,12.,N/A,4.6 out of 5 stars,0,No,4.6,N/A,N/A,https://www.amazon.com/Dinosaur-Toys-Kids-3-5-Competition/dp/B09T2CWRQ8/ref=mp_s_a_1_45?dib=eyJ2IjoiMSJ9.8mcdXmqGp0tBK9Pb-7n0gJH8Szhj4uC09NBzUWJEuufBoEsG9mZdSKHz2vrzu6eGqOxhb_AViSrY8FKPpsbFM91BqG_H4jOQlHyau0N_gv9JM5BFXYBPRqWig_qu2qUuzpyNgAwvKMv_is8ZHxHZIBhBI6rkJNhminLVvq5MSnCzIPY5bI3zad8o9t3-3QixQi52aq5dl1XPcEuj5PXL9Q.9Ib5BPJQk7WQhdtflRksOibS6XI7tED2vMYrflNTMpA&dib_tag=se&keywords=toys&qid=1763313873&sr=8-45,Toys,2025-11-16 17:24:35
B01KJEOCDW,"LEGO Creator 3 in 1 Mighty Dinosaur Toy, Transforms from T. rex to Triceratops to Pterodactyl Dinosaur Figures, Great Gift for 7-12 Year Old Boys & Girls, 31058",Building & Construction,N/A,N/A,Girls,N/A,N/A,No,14.,14.,N/A,4.8 out of 5 stars,0,No,4.8,N/A,N/A,https://www.amazon.com/LEGO-Dinosaurs-31058-Pterodactyl-Triceratops/dp/B01KJEOCDW/ref=mp_s_a_1_46?dib=eyJ2IjoiMSJ9.8mcdXmqGp0tBK9Pb-7n0gJH8Szhj4uC09NBzUWJEuufBoEsG9mZdSKHz2vrzu6eGqOxhb_AViSrY8FKPpsbFM91BqG_H4jOQlHyau0N_gv9JM5BFXYBPRqWig_qu2qUuzpyNgAwvKMv_is8ZHxHZIBhBI6rkJNhminLVvq5MSnCzIPY5bI3zad8o9t3-3QixQi52aq5dl1XPcEuj5PXL9Q.9Ib5BPJQk7WQhdtflRksOibS6XI7tED2vMYrflNTMpA&dib_tag=se&keywords=toys&qid=1763313873&sr=8-46,Toys,2025-11-16 17:24:35
