asin,product_name,brand,current_price,original_price,discount,rating,review_count,prime_eligible,availability,product_url,category,scraped_at
B089GFBT1S,TNNZEET,N/A,7.,7.,,4.2 out of 5 stars,0,No,TNNZEET,https://www.amazon.com/TNNZEET-Waisted-Printed-Leggings-Women/dp/B089GFBT1S/ref=mp_s_a_1_1?dib=eyJ2IjoiMSJ9.6aXldb8UnIyFlrTMiRVscVNrg9SysEHARQgYkUSkVlNoRHPqpfA5lXpwOt8JWeuNjJj-fJeJ7HjMt8arCDn3LNi5xszBw6r2LQ0au6EWUBd8t3U27TNmxC7Rqv7P98P4MAjQ3YhXW_AUx5RNAm-8yY5JQPkMbShILB16N-9OryvhqU2w3ZjQ3k-WS14oOAjI-ZLI5vsyjS6xPJJBVYg_k-Qs5eW88U2giTLlWqmQkdCyO6S2xlItJm2llpegvi10y_NYd7VlBqTG5velMmrlCHqH4Dzpj3Ta7vjO7awK5Bw.5IhO_Wrb-UbfAcM9TTlHYCrQMF-FpmEN_EVeDRRsap8&dib_tag=se&keywords=clothing&qid=1763310739&sr=8-1,Clothing,2025-11-16 16:32:21
B0FD2QL8FZ,Alaroo,N/A,8.,8.,,4.4 out of 5 stars,0,No,Amazon's Choice: Overall Pick,https://www.amazon.com/Alaroo-Clothes-Clothing-Fashion-Outfits/dp/B0FD2QL8FZ/ref=mp_s_a_1_2?dib=eyJ2IjoiMSJ9.6aXldb8UnIyFlrTMiRVscVNrg9SysEHARQgYkUSkVlNoRHPqpfA5lXpwOt8JWeuNjJj-fJeJ7HjMt8arCDn3LNi5xszBw6r2LQ0au6EWUBd8t3U27TNmxC7Rqv7P98P4MAjQ3YhXW_AUx5RNAm-8yY5JQPkMbShILB16N-9OryvhqU2w3ZjQ3k-WS14oOAjI-ZLI5vsyjS6xPJJBVYg_k-Qs5eW88U2giTLlWqmQkdCyO6S2xlItJm2llpegvi10y_NYd7VlBqTG5velMmrlCHqH4Dzpj3Ta7vjO7awK5Bw.5IhO_Wrb-UbfAcM9TTlHYCrQMF-FpmEN_EVeDRRsap8&dib_tag=se&keywords=clothing&qid=1763310739&sr=8-2,Clothing,2025-11-16 16:32:21
B09P1GB319,CRZ YOGA,N/A,32.,32.,N/A,4.6 out of 5 stars,0,No,CRZ YOGA,https://www.amazon.com/CRZ-YOGA-Butterluxe-Waisted-Legging/dp/B09P1GB319/ref=mp_s_a_1_3?dib=eyJ2IjoiMSJ9.6aXldb8UnIyFlrTMiRVscVNrg9SysEHARQgYkUSkVlNoRHPqpfA5lXpwOt8JWeuNjJj-fJeJ7HjMt8arCDn3LNi5xszBw6r2LQ0au6EWUBd8t3U27TNmxC7Rqv7P98P4MAjQ3YhXW_AUx5RNAm-8yY5JQPkMbShILB16N-9OryvhqU2w3ZjQ3k-WS14oOAjI-ZLI5vsyjS6xPJJBVYg_k-Qs5eW88U2giTLlWqmQkdCyO6S2xlItJm2llpegvi10y_NYd7VlBqTG5velMmrlCHqH4Dzpj3Ta7vjO7awK5Bw.5IhO_Wrb-UbfAcM9TTlHYCrQMF-FpmEN_EVeDRRsap8&dib_tag=se&keywords=clothing&qid=1763310739&sr=8-3,Clothing,2025-11-16 16:32:21
B0D2PKQGQV,Hanes,N/A,21.,21.,,4.4 out of 5 stars,0,No,Hanes,https://www.amazon.com/Hanes-T-Shirt-Moisture-Wicking-Crewneck-Heather/dp/B0D2PKQGQV/ref=mp_s_a_1_4?dib=eyJ2IjoiMSJ9.6aXldb8UnIyFlrTMiRVscVNrg9SysEHARQgYkUSkVlNoRHPqpfA5lXpwOt8JWeuNjJj-fJeJ7HjMt8arCDn3LNi5xszBw6r2LQ0au6EWUBd8t3U27TNmxC7Rqv7P98P4MAjQ3YhXW_AUx5RNAm-8yY5JQPkMbShILB16N-9OryvhqU2w3ZjQ3k-WS14oOAjI-ZLI5vsyjS6xPJJBVYg_k-Qs5eW88U2giTLlWqmQkdCyO6S2xlItJm2llpegvi10y_NYd7VlBqTG5velMmrlCHqH4Dzpj3Ta7vjO7awK5Bw.5IhO_Wrb-UbfAcM9TTlHYCrQMF-FpmEN_EVeDRRsap8&dib_tag=se&keywords=clothing&qid=1763310739&sr=8-4,Clothing,2025-11-16 16:32:21
B072QRN7HR,Hanes,N/A,8.,8.,,4.5 out of 5 stars,0,No,Hanes,https://www.amazon.com/Hanes-EcoSmart-Fleece-Sweatshirt-Stonewashed/dp/B072QRN7HR/ref=mp_s_a_1_5?dib=eyJ2IjoiMSJ9.6aXldb8UnIyFlrTMiRVscVNrg9SysEHARQgYkUSkVlNoRHPqpfA5lXpwOt8JWeuNjJj-fJeJ7HjMt8arCDn3LNi5xszBw6r2LQ0au6EWUBd8t3U27TNmxC7Rqv7P98P4MAjQ3YhXW_AUx5RNAm-8yY5JQPkMbShILB16N-9OryvhqU2w3ZjQ3k-WS14oOAjI-ZLI5vsyjS6xPJJBVYg_k-Qs5eW88U2giTLlWqmQkdCyO6S2xlItJm2llpegvi10y_NYd7VlBqTG5velMmrlCHqH4Dzpj3Ta7vjO7awK5Bw.5IhO_Wrb-UbfAcM9TTlHYCrQMF-FpmEN_EVeDRRsap8&dib_tag=se&keywords=clothing&qid=1763310739&sr=8-5,Clothing,2025-11-16 16:32:21
B0CW2Q9SKT,Bofell,N/A,14.,14.,,4.4 out of 5 stars,0,No,Bofell,https://www.amazon.com/Sweatshirt-Pollover-Halloween-Sweaters-Trending/dp/B0CW2Q9SKT/ref=mp_s_a_1_6?dib=eyJ2IjoiMSJ9.6aXldb8UnIyFlrTMiRVscVNrg9SysEHARQgYkUSkVlNoRHPqpfA5lXpwOt8JWeuNjJj-fJeJ7HjMt8arCDn3LNi5xszBw6r2LQ0au6EWUBd8t3U27TNmxC7Rqv7P98P4MAjQ3YhXW_AUx5RNAm-8yY5JQPkMbShILB16N-9OryvhqU2w3ZjQ3k-WS14oOAjI-ZLI5vsyjS6xPJJBVYg_k-Qs5eW88U2giTLlWqmQkdCyO6S2xlItJm2llpegvi10y_NYd7VlBqTG5velMmrlCHqH4Dzpj3Ta7vjO7awK5Bw.5IhO_Wrb-UbfAcM9TTlHYCrQMF-FpmEN_EVeDRRsap8&dib_tag=se&keywords=clothing&qid=1763310739&sr=8-6,Clothing,2025-11-16 16:32:21
B0DFPPCPGZ,Trendy Queen,Safer chemicals,9.,9.,,4.3 out of 5 stars,0,No,Trendy Queen,https://www.amazon.com/Trendy-Queen-Oversized-Crewneck-Workout/dp/B0DFPPCPGZ/ref=mp_s_a_1_7?dib=eyJ2IjoiMSJ9.6aXldb8UnIyFlrTMiRVscVNrg9SysEHARQgYkUSkVlNoRHPqpfA5lXpwOt8JWeuNjJj-fJeJ7HjMt8arCDn3LNi5xszBw6r2LQ0au6EWUBd8t3U27TNmxC7Rqv7P98P4MAjQ3YhXW_AUx5RNAm-8yY5JQPkMbShILB16N-9OryvhqU2w3ZjQ3k-WS14oOAjI-ZLI5vsyjS6xPJJBVYg_k-Qs5eW88U2giTLlWqmQkdCyO6S2xlItJm2llpegvi10y_NYd7VlBqTG5velMmrlCHqH4Dzpj3Ta7vjO7awK5Bw.5IhO_Wrb-UbfAcM9TTlHYCrQMF-FpmEN_EVeDRRsap8&dib_tag=se&keywords=clothing&qid=1763310739&sr=8-7,Clothing,2025-11-16 16:32:21
B0DJQKZ8JK,Generic,N/A,0.,0.,,4.4 out of 5 stars,0,No,Generic,https://www.amazon.com/Womens-Casual-Breathable-Floral-Vintage/dp/B0DJQKZ8JK/ref=mp_s_a_1_8_hul_core?dib=eyJ2IjoiMSJ9.6aXldb8UnIyFlrTMiRVscVNrg9SysEHARQgYkUSkVlNoRHPqpfA5lXpwOt8JWeuNjJj-fJeJ7HjMt8arCDn3LNi5xszBw6r2LQ0au6EWUBd8t3U27TNmxC7Rqv7P98P4MAjQ3YhXW_AUx5RNAm-8yY5JQPkMbShILB16N-9OryvhqU2w3ZjQ3k-WS14oOAjI-ZLI5vsyjS6xPJJBVYg_k-Qs5eW88U2giTLlWqmQkdCyO6S2xlItJm2llpegvi10y_NYd7VlBqTG5velMmrlCHqH4Dzpj3Ta7vjO7awK5Bw.5IhO_Wrb-UbfAcM9TTlHYCrQMF-FpmEN_EVeDRRsap8&dib_tag=se&keywords=clothing&qid=1763310739&sr=8-8,Clothing,2025-11-16 16:32:21
B0FDKW1SDT,OQQ,N/A,32.,32.,,4.1 out of 5 stars,0,No,OQQ,https://www.amazon.com/OQQ-Pants-Women-Stretch-Straight/dp/B0FDKW1SDT/ref=mp_s_a_1_9?dib=eyJ2IjoiMSJ9.6aXldb8UnIyFlrTMiRVscVNrg9SysEHARQgYkUSkVlNoRHPqpfA5lXpwOt8JWeuNjJj-fJeJ7HjMt8arCDn3LNi5xszBw6r2LQ0au6EWUBd8t3U27TNmxC7Rqv7P98P4MAjQ3YhXW_AUx5RNAm-8yY5JQPkMbShILB16N-9OryvhqU2w3ZjQ3k-WS14oOAjI-ZLI5vsyjS6xPJJBVYg_k-Qs5eW88U2giTLlWqmQkdCyO6S2xlItJm2llpegvi10y_NYd7VlBqTG5velMmrlCHqH4Dzpj3Ta7vjO7awK5Bw.5IhO_Wrb-UbfAcM9TTlHYCrQMF-FpmEN_EVeDRRsap8&dib_tag=se&keywords=clothing&qid=1763310739&sr=8-9,Clothing,2025-11-16 16:32:21
B0F297WN7L,AUTOMET,Safer chemicals,12.,12.,,4.4 out of 5 stars,0,No,AUTOMET,https://www.amazon.com/AUTOMET-Fashion-Sweater-Clothes-Outfits/dp/B0F297WN7L/ref=mp_s_a_1_10?dib=eyJ2IjoiMSJ9.6aXldb8UnIyFlrTMiRVscVNrg9SysEHARQgYkUSkVlNoRHPqpfA5lXpwOt8JWeuNjJj-fJeJ7HjMt8arCDn3LNi5xszBw6r2LQ0au6EWUBd8t3U27TNmxC7Rqv7P98P4MAjQ3YhXW_AUx5RNAm-8yY5JQPkMbShILB16N-9OryvhqU2w3ZjQ3k-WS14oOAjI-ZLI5vsyjS6xPJJBVYg_k-Qs5eW88U2giTLlWqmQkdCyO6S2xlItJm2llpegvi10y_NYd7VlBqTG5velMmrlCHqH4Dzpj3Ta7vjO7awK5Bw.5IhO_Wrb-UbfAcM9TTlHYCrQMF-FpmEN_EVeDRRsap8&dib_tag=se&keywords=clothing&qid=1763310739&sr=8-10,Clothing,2025-11-16 16:32:21
B07BRGL8JS,Southpole,N/A,16.,16.,N/A,4.4 out of 5 stars,0,No,Southpole,https://www.amazon.com/Southpole-Active-Jogger-Heather-X-Large/dp/B07BRGL8JS/ref=mp_s_a_1_11?dib=eyJ2IjoiMSJ9.6aXldb8UnIyFlrTMiRVscVNrg9SysEHARQgYkUSkVlNoRHPqpfA5lXpwOt8JWeuNjJj-fJeJ7HjMt8arCDn3LNi5xszBw6r2LQ0au6EWUBd8t3U27TNmxC7Rqv7P98P4MAjQ3YhXW_AUx5RNAm-8yY5JQPkMbShILB16N-9OryvhqU2w3ZjQ3k-WS14oOAjI-ZLI5vsyjS6xPJJBVYg_k-Qs5eW88U2giTLlWqmQkdCyO6S2xlItJm2llpegvi10y_NYd7VlBqTG5velMmrlCHqH4Dzpj3Ta7vjO7awK5Bw.5IhO_Wrb-UbfAcM9TTlHYCrQMF-FpmEN_EVeDRRsap8&dib_tag=se&keywords=clothing&qid=1763310739&sr=8-11,Clothing,2025-11-16 16:32:21
B0C61W2MVF,duwqcui,N/A,23.,23.,,4.5 out of 5 stars,0,No,duwqcui,https://www.amazon.com/Oversized-Cotton-T-Shirts-Vintage-Tshirts/dp/B0C61W2MVF/ref=mp_s_a_1_12?dib=eyJ2IjoiMSJ9.6aXldb8UnIyFlrTMiRVscVNrg9SysEHARQgYkUSkVlNoRHPqpfA5lXpwOt8JWeuNjJj-fJeJ7HjMt8arCDn3LNi5xszBw6r2LQ0au6EWUBd8t3U27TNmxC7Rqv7P98P4MAjQ3YhXW_AUx5RNAm-8yY5JQPkMbShILB16N-9OryvhqU2w3ZjQ3k-WS14oOAjI-ZLI5vsyjS6xPJJBVYg_k-Qs5eW88U2giTLlWqmQkdCyO6S2xlItJm2llpegvi10y_NYd7VlBqTG5velMmrlCHqH4Dzpj3Ta7vjO7awK5Bw.5IhO_Wrb-UbfAcM9TTlHYCrQMF-FpmEN_EVeDRRsap8&dib_tag=se&keywords=clothing&qid=1763310739&sr=8-12,Clothing,2025-11-16 16:32:21
B0DN6PG8CR,DLOODA,Safer chemicals,17.,17.,,4.2 out of 5 stars,0,No,DLOODA,https://www.amazon.com/DLOODA-Bootcut-Business-Stretchy-Trousers/dp/B0DN6PG8CR/ref=mp_s_a_1_13?dib=eyJ2IjoiMSJ9.6aXldb8UnIyFlrTMiRVscVNrg9SysEHARQgYkUSkVlNoRHPqpfA5lXpwOt8JWeuNjJj-fJeJ7HjMt8arCDn3LNi5xszBw6r2LQ0au6EWUBd8t3U27TNmxC7Rqv7P98P4MAjQ3YhXW_AUx5RNAm-8yY5JQPkMbShILB16N-9OryvhqU2w3ZjQ3k-WS14oOAjI-ZLI5vsyjS6xPJJBVYg_k-Qs5eW88U2giTLlWqmQkdCyO6S2xlItJm2llpegvi10y_NYd7VlBqTG5velMmrlCHqH4Dzpj3Ta7vjO7awK5Bw.5IhO_Wrb-UbfAcM9TTlHYCrQMF-FpmEN_EVeDRRsap8&dib_tag=se&keywords=clothing&qid=1763310739&sr=8-13,Clothing,2025-11-16 16:32:21
B0F1KB374C,AUTOMET,Safer chemicals,9.,9.,,4.4 out of 5 stars,0,No,AUTOMET,https://www.amazon.com/AUTOMET-Fashion-Crewneck-Sweaters-Clothes/dp/B0F1KB374C/ref=mp_s_a_1_14?dib=eyJ2IjoiMSJ9.6aXldb8UnIyFlrTMiRVscVNrg9SysEHARQgYkUSkVlNoRHPqpfA5lXpwOt8JWeuNjJj-fJeJ7HjMt8arCDn3LNi5xszBw6r2LQ0au6EWUBd8t3U27TNmxC7Rqv7P98P4MAjQ3YhXW_AUx5RNAm-8yY5JQPkMbShILB16N-9OryvhqU2w3ZjQ3k-WS14oOAjI-ZLI5vsyjS6xPJJBVYg_k-Qs5eW88U2giTLlWqmQkdCyO6S2xlItJm2llpegvi10y_NYd7VlBqTG5velMmrlCHqH4Dzpj3Ta7vjO7awK5Bw.5IhO_Wrb-UbfAcM9TTlHYCrQMF-FpmEN_EVeDRRsap8&dib_tag=se&keywords=clothing&qid=1763310739&sr=8-14,Clothing,2025-11-16 16:32:21
B0D56NBGSD,AUTOMET,Safer chemicals,19.,19.,,4.4 out of 5 stars,0,No,AUTOMET,https://www.amazon.com/AUTOMET-Sweatpants-Lightweight-Straight-Oversized/dp/B0D56NBGSD/ref=mp_s_a_1_15?dib=eyJ2IjoiMSJ9.6aXldb8UnIyFlrTMiRVscVNrg9SysEHARQgYkUSkVlNoRHPqpfA5lXpwOt8JWeuNjJj-fJeJ7HjMt8arCDn3LNi5xszBw6r2LQ0au6EWUBd8t3U27TNmxC7Rqv7P98P4MAjQ3YhXW_AUx5RNAm-8yY5JQPkMbShILB16N-9OryvhqU2w3ZjQ3k-WS14oOAjI-ZLI5vsyjS6xPJJBVYg_k-Qs5eW88U2giTLlWqmQkdCyO6S2xlItJm2llpegvi10y_NYd7VlBqTG5velMmrlCHqH4Dzpj3Ta7vjO7awK5Bw.5IhO_Wrb-UbfAcM9TTlHYCrQMF-FpmEN_EVeDRRsap8&dib_tag=se&keywords=clothing&qid=1763310739&sr=8-15,Clothing,2025-11-16 16:32:21
B0CGRCYD7B,Sailwind,N/A,19.,19.,,4.3 out of 5 stars,0,No,Sailwind,https://www.amazon.com/Sailwind-Henley-Sleeve-T-Shirt-Cotton/dp/B0CGRCYD7B/ref=mp_s_a_1_16?dib=eyJ2IjoiMSJ9.6aXldb8UnIyFlrTMiRVscVNrg9SysEHARQgYkUSkVlNoRHPqpfA5lXpwOt8JWeuNjJj-fJeJ7HjMt8arCDn3LNi5xszBw6r2LQ0au6EWUBd8t3U27TNmxC7Rqv7P98P4MAjQ3YhXW_AUx5RNAm-8yY5JQPkMbShILB16N-9OryvhqU2w3ZjQ3k-WS14oOAjI-ZLI5vsyjS6xPJJBVYg_k-Qs5eW88U2giTLlWqmQkdCyO6S2xlItJm2llpegvi10y_NYd7VlBqTG5velMmrlCHqH4Dzpj3Ta7vjO7awK5Bw.5IhO_Wrb-UbfAcM9TTlHYCrQMF-FpmEN_EVeDRRsap8&dib_tag=se&keywords=clothing&qid=1763310739&sr=8-16,Clothing,2025-11-16 16:32:21
B071WBKC1B,Simple Joys by Carter's,Safer chemicals,19.,19.,N/A,4.7 out of 5 stars,0,No,Simple Joys by Carter's,https://www.amazon.com/Simple-Joys-Carters-Toddler-Leggings/dp/B071WBKC1B/ref=mp_s_a_1_17?dib=eyJ2IjoiMSJ9.6aXldb8UnIyFlrTMiRVscVNrg9SysEHARQgYkUSkVlNoRHPqpfA5lXpwOt8JWeuNjJj-fJeJ7HjMt8arCDn3LNi5xszBw6r2LQ0au6EWUBd8t3U27TNmxC7Rqv7P98P4MAjQ3YhXW_AUx5RNAm-8yY5JQPkMbShILB16N-9OryvhqU2w3ZjQ3k-WS14oOAjI-ZLI5vsyjS6xPJJBVYg_k-Qs5eW88U2giTLlWqmQkdCyO6S2xlItJm2llpegvi10y_NYd7VlBqTG5velMmrlCHqH4Dzpj3Ta7vjO7awK5Bw.5IhO_Wrb-UbfAcM9TTlHYCrQMF-FpmEN_EVeDRRsap8&dib_tag=se&keywords=clothing&qid=1763310739&sr=8-17,Clothing,2025-11-16 16:32:21
B0F7HGP7PG,SAMPEEL,N/A,9.,9.,,4.2 out of 5 stars,0,No,SAMPEEL,https://www.amazon.com/Sampeel-Sweaters-Clothes-Christmas-Sweatshirts/dp/B0F7HGP7PG/ref=mp_s_a_1_18?dib=eyJ2IjoiMSJ9.6aXldb8UnIyFlrTMiRVscVNrg9SysEHARQgYkUSkVlNoRHPqpfA5lXpwOt8JWeuNjJj-fJeJ7HjMt8arCDn3LNi5xszBw6r2LQ0au6EWUBd8t3U27TNmxC7Rqv7P98P4MAjQ3YhXW_AUx5RNAm-8yY5JQPkMbShILB16N-9OryvhqU2w3ZjQ3k-WS14oOAjI-ZLI5vsyjS6xPJJBVYg_k-Qs5eW88U2giTLlWqmQkdCyO6S2xlItJm2llpegvi10y_NYd7VlBqTG5velMmrlCHqH4Dzpj3Ta7vjO7awK5Bw.5IhO_Wrb-UbfAcM9TTlHYCrQMF-FpmEN_EVeDRRsap8&dib_tag=se&keywords=clothing&qid=1763310739&sr=8-18,Clothing,2025-11-16 16:32:21
B0F29R87JD,AUTOMET,Safer chemicals,9.,9.,,4.5 out of 5 stars,0,No,AUTOMET,https://www.amazon.com/AUTOMET-Blouses-Clothes-Business-Fashion/dp/B0F29R87JD/ref=mp_s_a_1_19?dib=eyJ2IjoiMSJ9.6aXldb8UnIyFlrTMiRVscVNrg9SysEHARQgYkUSkVlNoRHPqpfA5lXpwOt8JWeuNjJj-fJeJ7HjMt8arCDn3LNi5xszBw6r2LQ0au6EWUBd8t3U27TNmxC7Rqv7P98P4MAjQ3YhXW_AUx5RNAm-8yY5JQPkMbShILB16N-9OryvhqU2w3ZjQ3k-WS14oOAjI-ZLI5vsyjS6xPJJBVYg_k-Qs5eW88U2giTLlWqmQkdCyO6S2xlItJm2llpegvi10y_NYd7VlBqTG5velMmrlCHqH4Dzpj3Ta7vjO7awK5Bw.5IhO_Wrb-UbfAcM9TTlHYCrQMF-FpmEN_EVeDRRsap8&dib_tag=se&keywords=clothing&qid=1763310739&sr=8-19,Clothing,2025-11-16 16:32:21
B077ZJXCTS,Gildan,Safer chemicals,18.,18.,,4.6 out of 5 stars,0,No,Gildan,https://www.amazon.com/Gildan-Mens-T-Shirt-Assortment-X-Large/dp/B077ZJXCTS/ref=mp_s_a_1_20?dib=eyJ2IjoiMSJ9.6aXldb8UnIyFlrTMiRVscVNrg9SysEHARQgYkUSkVlNoRHPqpfA5lXpwOt8JWeuNjJj-fJeJ7HjMt8arCDn3LNi5xszBw6r2LQ0au6EWUBd8t3U27TNmxC7Rqv7P98P4MAjQ3YhXW_AUx5RNAm-8yY5JQPkMbShILB16N-9OryvhqU2w3ZjQ3k-WS14oOAjI-ZLI5vsyjS6xPJJBVYg_k-Qs5eW88U2giTLlWqmQkdCyO6S2xlItJm2llpegvi10y_NYd7VlBqTG5velMmrlCHqH4Dzpj3Ta7vjO7awK5Bw.5IhO_Wrb-UbfAcM9TTlHYCrQMF-FpmEN_EVeDRRsap8&dib_tag=se&keywords=clothing&qid=1763310739&sr=8-20,Clothing,2025-11-16 16:32:21
B0DCK1DFF7,ZOCAVIA,N/A,26.,26.,N/A,N/A,0,No,ZOCAVIA,https://www.amazon.com/sspa/click?ie=UTF8&spc=MTo2NzUzODEzMDY5OTAwMTYwOjE3NjMzMTA3NDQ6c3BfcGhvbmVfc2VhcmNoX2F0Zl9uZXh0OjMwMDg3MTc1MjM0OTUwMjo6MDo6&url=%2FZOCAVIA-Sweatshirts-Pullover-Oversized-Patchwork%2Fdp%2FB0DCK1DFF7%2Fref%3Dmp_s_a_1_21_sspa%3Fdib%3DeyJ2IjoiMSJ9.KLjiPvXgId3fNjApAbhiVklcWemJaPTnwVRH-Kljs6wtKE1QdeSICeKttkLd-qL7eiSPjaqHBZ-F1EfipfUSaGmXjBke-mi6afLLsi5IkltngLAe7ZEDNSyF3PWVRRskih5LEE9spi8mCXUwRPCBQccbY2oICf2TPZqvZJYQXLaPGsPFHJbDOZjJuCsvWW85Ztzhz9AV9WSb0fIgYoRBD1SqiNHO1TJUd3IeGZjduPm77Fd8EU2LTk4XvzoBZdDMlPqz8FntdkU6jOuTI6iSvX3eWPW3LKs4RlyPkY5UBoM.ZpnZtGGWmhzWz_veG2PUgVy4WPcB6WT6Tgt3csiR2Kw%26dib_tag%3Dse%26keywords%3Dclothing%26qid%3D1763310744%26sr%3D8-21-spons%26sp_csd%3Dd2lkZ2V0TmFtZT1zcF9waG9uZV9zZWFyY2hfYXRmX25leHQ%26psc%3D1,Clothing,2025-11-16 16:32:26
B0DFHJPPPN,ZOCAVIA,N/A,26.,26.,N/A,4.3 out of 5 stars,0,No,ZOCAVIA,https://www.amazon.com/sspa/click?ie=UTF8&spc=MTo2NzUzODEzMDY5OTAwMTYwOjE3NjMzMTA3NDQ6c3BfcGhvbmVfc2VhcmNoX2F0Zl9uZXh0OjMwMDg3MTk1NzAyOTEwMjo6MDo6&url=%2FZOCAVIA-Sweatshirts-Crewneck-Pullover-Oversized%2Fdp%2FB0DFHJPPPN%2Fref%3Dmp_s_a_1_22_sspa%3Fdib%3DeyJ2IjoiMSJ9.KLjiPvXgId3fNjApAbhiVklcWemJaPTnwVRH-Kljs6wtKE1QdeSICeKttkLd-qL7eiSPjaqHBZ-F1EfipfUSaGmXjBke-mi6afLLsi5IkltngLAe7ZEDNSyF3PWVRRskih5LEE9spi8mCXUwRPCBQccbY2oICf2TPZqvZJYQXLaPGsPFHJbDOZjJuCsvWW85Ztzhz9AV9WSb0fIgYoRBD1SqiNHO1TJUd3IeGZjduPm77Fd8EU2LTk4XvzoBZdDMlPqz8FntdkU6jOuTI6iSvX3eWPW3LKs4RlyPkY5UBoM.ZpnZtGGWmhzWz_veG2PUgVy4WPcB6WT6Tgt3csiR2Kw%26dib_tag%3Dse%26keywords%3Dclothing%26qid%3D1763310744%26sr%3D8-22-spons%26sp_csd%3Dd2lkZ2V0TmFtZT1zcF9waG9uZV9zZWFyY2hfYXRmX25leHQ%26psc%3D1,Clothing,2025-11-16 16:32:26
B0CM8XQQ9T,Trendy Queen,Safer chemicals,14.,14.,,4.3 out of 5 stars,0,No,Trendy Queen,https://www.amazon.com/Trendy-Queen-Clothes-Underscrubs-Clothing/dp/B0CM8XQQ9T/ref=mp_s_a_1_23?dib=eyJ2IjoiMSJ9.KLjiPvXgId3fNjApAbhiVklcWemJaPTnwVRH-Kljs6wtKE1QdeSICeKttkLd-qL7eiSPjaqHBZ-F1EfipfUSaGmXjBke-mi6afLLsi5IkltngLAe7ZEDNSyF3PWVRRskih5LEE9spi8mCXUwRPCBQccbY2oICf2TPZqvZJYQXLaPGsPFHJbDOZjJuCsvWW85Ztzhz9AV9WSb0fIgYoRBD1SqiNHO1TJUd3IeGZjduPm77Fd8EU2LTk4XvzoBZdDMlPqz8FntdkU6jOuTI6iSvX3eWPW3LKs4RlyPkY5UBoM.ZpnZtGGWmhzWz_veG2PUgVy4WPcB6WT6Tgt3csiR2Kw&dib_tag=se&keywords=clothing&qid=1763310744&sr=8-23,Clothing,2025-11-16 16:32:26
B08BV2XMG7,Gerber,Safer chemicals,29.,29.,N/A,4.7 out of 5 stars,0,No,Gerber,https://www.amazon.com/Gerber-Girls-Sleep-Footies-Months/dp/B08BV2XMG7/ref=mp_s_a_1_24?dib=eyJ2IjoiMSJ9.KLjiPvXgId3fNjApAbhiVklcWemJaPTnwVRH-Kljs6wtKE1QdeSICeKttkLd-qL7eiSPjaqHBZ-F1EfipfUSaGmXjBke-mi6afLLsi5IkltngLAe7ZEDNSyF3PWVRRskih5LEE9spi8mCXUwRPCBQccbY2oICf2TPZqvZJYQXLaPGsPFHJbDOZjJuCsvWW85Ztzhz9AV9WSb0fIgYoRBD1SqiNHO1TJUd3IeGZjduPm77Fd8EU2LTk4XvzoBZdDMlPqz8FntdkU6jOuTI6iSvX3eWPW3LKs4RlyPkY5UBoM.ZpnZtGGWmhzWz_veG2PUgVy4WPcB6WT6Tgt3csiR2Kw&dib_tag=se&keywords=clothing&qid=1763310744&sr=8-24,Clothing,2025-11-16 16:32:26
B0C61W2MVF,duwqcui,N/A,23.,23.,,4.5 out of 5 stars,0,No,duwqcui,https://www.amazon.com/Oversized-Cotton-T-Shirts-Vintage-Tshirts/dp/B0C61W2MVF/ref=mp_s_a_1_25?dib=eyJ2IjoiMSJ9.KLjiPvXgId3fNjApAbhiVklcWemJaPTnwVRH-Kljs6wtKE1QdeSICeKttkLd-qL7eiSPjaqHBZ-F1EfipfUSaGmXjBke-mi6afLLsi5IkltngLAe7ZEDNSyF3PWVRRskih5LEE9spi8mCXUwRPCBQccbY2oICf2TPZqvZJYQXLaPGsPFHJbDOZjJuCsvWW85Ztzhz9AV9WSb0fIgYoRBD1SqiNHO1TJUd3IeGZjduPm77Fd8EU2LTk4XvzoBZdDMlPqz8FntdkU6jOuTI6iSvX3eWPW3LKs4RlyPkY5UBoM.ZpnZtGGWmhzWz_veG2PUgVy4WPcB6WT6Tgt3csiR2Kw&dib_tag=se&keywords=clothing&qid=1763310744&sr=8-25,Clothing,2025-11-16 16:32:26
B0C65T7727,Trendy Queen,Safer chemicals,32.,32.,N/A,4.5 out of 5 stars,0,No,Trendy Queen,https://www.amazon.com/Trendy-Queen-Oversized-Sweatshirts-Sweaters/dp/B0C65T7727/ref=mp_s_a_1_26?dib=eyJ2IjoiMSJ9.KLjiPvXgId3fNjApAbhiVklcWemJaPTnwVRH-Kljs6wtKE1QdeSICeKttkLd-qL7eiSPjaqHBZ-F1EfipfUSaGmXjBke-mi6afLLsi5IkltngLAe7ZEDNSyF3PWVRRskih5LEE9spi8mCXUwRPCBQccbY2oICf2TPZqvZJYQXLaPGsPFHJbDOZjJuCsvWW85Ztzhz9AV9WSb0fIgYoRBD1SqiNHO1TJUd3IeGZjduPm77Fd8EU2LTk4XvzoBZdDMlPqz8FntdkU6jOuTI6iSvX3eWPW3LKs4RlyPkY5UBoM.ZpnZtGGWmhzWz_veG2PUgVy4WPcB6WT6Tgt3csiR2Kw&dib_tag=se&keywords=clothing&qid=1763310744&sr=8-26,Clothing,2025-11-16 16:32:26
B0DG2Z3GSM,ZOCAVIA,N/A,26.,26.,N/A,5.0 out of 5 stars,0,No,ZOCAVIA,https://www.amazon.com/sspa/click?ie=UTF8&spc=MTo2NzUzODEzMDY5OTAwMTYwOjE3NjMzMTA3NDQ6c3BfcGhvbmVfc2VhcmNoX210ZjozMDA4NzE4MDQ0NzQ4MDI6OjA6Og&url=%2FZOCAVIA-Sweatshirts-Sweatshirt-Oversized-Christmas%2Fdp%2FB0DG2Z3GSM%2Fref%3Dmp_s_a_1_27_sspa%3Fdib%3DeyJ2IjoiMSJ9.KLjiPvXgId3fNjApAbhiVklcWemJaPTnwVRH-Kljs6wtKE1QdeSICeKttkLd-qL7eiSPjaqHBZ-F1EfipfUSaGmXjBke-mi6afLLsi5IkltngLAe7ZEDNSyF3PWVRRskih5LEE9spi8mCXUwRPCBQccbY2oICf2TPZqvZJYQXLaPGsPFHJbDOZjJuCsvWW85Ztzhz9AV9WSb0fIgYoRBD1SqiNHO1TJUd3IeGZjduPm77Fd8EU2LTk4XvzoBZdDMlPqz8FntdkU6jOuTI6iSvX3eWPW3LKs4RlyPkY5UBoM.ZpnZtGGWmhzWz_veG2PUgVy4WPcB6WT6Tgt3csiR2Kw%26dib_tag%3Dse%26keywords%3Dclothing%26qid%3D1763310744%26sr%3D8-27-spons%26sp_csd%3Dd2lkZ2V0TmFtZT1zcF9waG9uZV9zZWFyY2hfbXRm%26psc%3D1,Clothing,2025-11-16 16:32:26
B0DG2ZK56Y,ZOCAVIA,N/A,26.,26.,N/A,3.7 out of 5 stars,0,No,ZOCAVIA,https://www.amazon.com/sspa/click?ie=UTF8&spc=MTo2NzUzODEzMDY5OTAwMTYwOjE3NjMzMTA3NDQ6c3BfcGhvbmVfc2VhcmNoX210ZjozMDA4NzE3NDU4ODIzMDI6OjA6Og&url=%2FZOCAVIA-Sweatshirts-Sweatshirt-Oversized-Thanksgiving%2Fdp%2FB0DG2ZK56Y%2Fref%3Dmp_s_a_1_28_sspa%3Fdib%3DeyJ2IjoiMSJ9.KLjiPvXgId3fNjApAbhiVklcWemJaPTnwVRH-Kljs6wtKE1QdeSICeKttkLd-qL7eiSPjaqHBZ-F1EfipfUSaGmXjBke-mi6afLLsi5IkltngLAe7ZEDNSyF3PWVRRskih5LEE9spi8mCXUwRPCBQccbY2oICf2TPZqvZJYQXLaPGsPFHJbDOZjJuCsvWW85Ztzhz9AV9WSb0fIgYoRBD1SqiNHO1TJUd3IeGZjduPm77Fd8EU2LTk4XvzoBZdDMlPqz8FntdkU6jOuTI6iSvX3eWPW3LKs4RlyPkY5UBoM.ZpnZtGGWmhzWz_veG2PUgVy4WPcB6WT6Tgt3csiR2Kw%26dib_tag%3Dse%26keywords%3Dclothing%26qid%3D1763310744%26sr%3D8-28-spons%26sp_csd%3Dd2lkZ2V0TmFtZT1zcF9waG9uZV9zZWFyY2hfbXRm%26psc%3D1,Clothing,2025-11-16 16:32:26
B0F4D8824K,Trendy Queen,N/A,25.,25.,N/A,4.5 out of 5 stars,0,No,Trendy Queen,https://www.amazon.com/Trendy-Queen-Cardigan-Sweaters-Lightweight/dp/B0F4D8824K/ref=mp_s_a_1_29?dib=eyJ2IjoiMSJ9.KLjiPvXgId3fNjApAbhiVklcWemJaPTnwVRH-Kljs6wtKE1QdeSICeKttkLd-qL7eiSPjaqHBZ-F1EfipfUSaGmXjBke-mi6afLLsi5IkltngLAe7ZEDNSyF3PWVRRskih5LEE9spi8mCXUwRPCBQccbY2oICf2TPZqvZJYQXLaPGsPFHJbDOZjJuCsvWW85Ztzhz9AV9WSb0fIgYoRBD1SqiNHO1TJUd3IeGZjduPm77Fd8EU2LTk4XvzoBZdDMlPqz8FntdkU6jOuTI6iSvX3eWPW3LKs4RlyPkY5UBoM.ZpnZtGGWmhzWz_veG2PUgVy4WPcB6WT6Tgt3csiR2Kw&dib_tag=se&keywords=clothing&qid=1763310744&sr=8-29,Clothing,2025-11-16 16:32:26
B09HC6P2BT,AUTOMET,Safer chemicals,25.,25.,,4.4 out of 5 stars,0,No,AUTOMET,https://www.amazon.com/AUTOMET-Womens-Shacket-Shackets-Apricot/dp/B09HC6P2BT/ref=mp_s_a_1_30?dib=eyJ2IjoiMSJ9.KLjiPvXgId3fNjApAbhiVklcWemJaPTnwVRH-Kljs6wtKE1QdeSICeKttkLd-qL7eiSPjaqHBZ-F1EfipfUSaGmXjBke-mi6afLLsi5IkltngLAe7ZEDNSyF3PWVRRskih5LEE9spi8mCXUwRPCBQccbY2oICf2TPZqvZJYQXLaPGsPFHJbDOZjJuCsvWW85Ztzhz9AV9WSb0fIgYoRBD1SqiNHO1TJUd3IeGZjduPm77Fd8EU2LTk4XvzoBZdDMlPqz8FntdkU6jOuTI6iSvX3eWPW3LKs4RlyPkY5UBoM.ZpnZtGGWmhzWz_veG2PUgVy4WPcB6WT6Tgt3csiR2Kw&dib_tag=se&keywords=clothing&qid=1763310744&sr=8-30,Clothing,2025-11-16 16:32:26
B0FNR3VJ81,WIHOLL,N/A,39.,39.,,4.2 out of 5 stars,0,No,WIHOLL,https://www.amazon.com/Business-Athleisure-Loungewear-Clothing-Sweatsuits/dp/B0FNR3VJ81/ref=mp_s_a_1_31?dib=eyJ2IjoiMSJ9.KLjiPvXgId3fNjApAbhiVklcWemJaPTnwVRH-Kljs6wtKE1QdeSICeKttkLd-qL7eiSPjaqHBZ-F1EfipfUSaGmXjBke-mi6afLLsi5IkltngLAe7ZEDNSyF3PWVRRskih5LEE9spi8mCXUwRPCBQccbY2oICf2TPZqvZJYQXLaPGsPFHJbDOZjJuCsvWW85Ztzhz9AV9WSb0fIgYoRBD1SqiNHO1TJUd3IeGZjduPm77Fd8EU2LTk4XvzoBZdDMlPqz8FntdkU6jOuTI6iSvX3eWPW3LKs4RlyPkY5UBoM.ZpnZtGGWmhzWz_veG2PUgVy4WPcB6WT6Tgt3csiR2Kw&dib_tag=se&keywords=clothing&qid=1763310744&sr=8-31,Clothing,2025-11-16 16:32:26
B0F6WD2Y2H,ANRABESS,N/A,14.,14.,,4.4 out of 5 stars,0,No,ANRABESS,https://www.amazon.com/ANRABESS-Striped-Gingham-Bottoms-Pockets/dp/B0F6WD2Y2H/ref=mp_s_a_1_32?dib=eyJ2IjoiMSJ9.KLjiPvXgId3fNjApAbhiVklcWemJaPTnwVRH-Kljs6wtKE1QdeSICeKttkLd-qL7eiSPjaqHBZ-F1EfipfUSaGmXjBke-mi6afLLsi5IkltngLAe7ZEDNSyF3PWVRRskih5LEE9spi8mCXUwRPCBQccbY2oICf2TPZqvZJYQXLaPGsPFHJbDOZjJuCsvWW85Ztzhz9AV9WSb0fIgYoRBD1SqiNHO1TJUd3IeGZjduPm77Fd8EU2LTk4XvzoBZdDMlPqz8FntdkU6jOuTI6iSvX3eWPW3LKs4RlyPkY5UBoM.ZpnZtGGWmhzWz_veG2PUgVy4WPcB6WT6Tgt3csiR2Kw&dib_tag=se&keywords=clothing&qid=1763310744&sr=8-32,Clothing,2025-11-16 16:32:26
B0DG91CT6F,ZOCAVIA,N/A,26.,26.,N/A,N/A,0,No,ZOCAVIA,https://www.amazon.com/sspa/click?ie=UTF8&spc=MTo2NzUzODEzMDY5OTAwMTYwOjE3NjMzMTA3NDQ6c3BfcGhvbmVfc2VhcmNoX210ZjozMDA4NzE2MjY2NTc2MDI6OjA6Og&url=%2FZOCAVIA-Crewneck-Sweatshirts-Pullover-Oversized%2Fdp%2FB0DG91CT6F%2Fref%3Dmp_s_a_1_33_sspa%3Fdib%3DeyJ2IjoiMSJ9.KLjiPvXgId3fNjApAbhiVklcWemJaPTnwVRH-Kljs6wtKE1QdeSICeKttkLd-qL7eiSPjaqHBZ-F1EfipfUSaGmXjBke-mi6afLLsi5IkltngLAe7ZEDNSyF3PWVRRskih5LEE9spi8mCXUwRPCBQccbY2oICf2TPZqvZJYQXLaPGsPFHJbDOZjJuCsvWW85Ztzhz9AV9WSb0fIgYoRBD1SqiNHO1TJUd3IeGZjduPm77Fd8EU2LTk4XvzoBZdDMlPqz8FntdkU6jOuTI6iSvX3eWPW3LKs4RlyPkY5UBoM.ZpnZtGGWmhzWz_veG2PUgVy4WPcB6WT6Tgt3csiR2Kw%26dib_tag%3Dse%26keywords%3Dclothing%26qid%3D1763310744%26sr%3D8-33-spons%26sp_csd%3Dd2lkZ2V0TmFtZT1zcF9waG9uZV9zZWFyY2hfbXRm%26psc%3D1,Clothing,2025-11-16 16:32:26
B0DQKDJB7J,MARSVOVO,N/A,28.,28.,N/A,3.3 out of 5 stars,0,No,MARSVOVO,https://www.amazon.com/sspa/click?ie=UTF8&spc=MTo2NzUzODEzMDY5OTAwMTYwOjE3NjMzMTA3NDQ6c3BfcGhvbmVfc2VhcmNoX210ZjozMDEwNTMzMzUwMTMxMDI6OjA6Og&url=%2FMARSVOVO-Octopus-Shirts-Breezy-Oversize%2Fdp%2FB0DQKDJB7J%2Fref%3Dmp_s_a_1_34_sspa%3Fdib%3DeyJ2IjoiMSJ9.KLjiPvXgId3fNjApAbhiVklcWemJaPTnwVRH-Kljs6wtKE1QdeSICeKttkLd-qL7eiSPjaqHBZ-F1EfipfUSaGmXjBke-mi6afLLsi5IkltngLAe7ZEDNSyF3PWVRRskih5LEE9spi8mCXUwRPCBQccbY2oICf2TPZqvZJYQXLaPGsPFHJbDOZjJuCsvWW85Ztzhz9AV9WSb0fIgYoRBD1SqiNHO1TJUd3IeGZjduPm77Fd8EU2LTk4XvzoBZdDMlPqz8FntdkU6jOuTI6iSvX3eWPW3LKs4RlyPkY5UBoM.ZpnZtGGWmhzWz_veG2PUgVy4WPcB6WT6Tgt3csiR2Kw%26dib_tag%3Dse%26keywords%3Dclothing%26qid%3D1763310744%26sr%3D8-34-spons%26sp_csd%3Dd2lkZ2V0TmFtZT1zcF9waG9uZV9zZWFyY2hfbXRm%26psc%3D1,Clothing,2025-11-16 16:32:26
B077ZJXCTS,Gildan,Safer chemicals,18.,18.,,4.6 out of 5 stars,0,No,Gildan,https://www.amazon.com/Gildan-Mens-T-Shirt-Assortment-X-Large/dp/B077ZJXCTS/ref=mp_s_a_1_35?dib=eyJ2IjoiMSJ9.KLjiPvXgId3fNjApAbhiVklcWemJaPTnwVRH-Kljs6wtKE1QdeSICeKttkLd-qL7eiSPjaqHBZ-F1EfipfUSaGmXjBke-mi6afLLsi5IkltngLAe7ZEDNSyF3PWVRRskih5LEE9spi8mCXUwRPCBQccbY2oICf2TPZqvZJYQXLaPGsPFHJbDOZjJuCsvWW85Ztzhz9AV9WSb0fIgYoRBD1SqiNHO1TJUd3IeGZjduPm77Fd8EU2LTk4XvzoBZdDMlPqz8FntdkU6jOuTI6iSvX3eWPW3LKs4RlyPkY5UBoM.ZpnZtGGWmhzWz_veG2PUgVy4WPcB6WT6Tgt3csiR2Kw&dib_tag=se&keywords=clothing&qid=1763310744&sr=8-35,Clothing,2025-11-16 16:32:26
B07BRGL8JS,Southpole,N/A,16.,16.,N/A,4.4 out of 5 stars,0,No,Southpole,https://www.amazon.com/Southpole-Active-Jogger-Heather-X-Large/dp/B07BRGL8JS/ref=mp_s_a_1_36?dib=eyJ2IjoiMSJ9.KLjiPvXgId3fNjApAbhiVklcWemJaPTnwVRH-Kljs6wtKE1QdeSICeKttkLd-qL7eiSPjaqHBZ-F1EfipfUSaGmXjBke-mi6afLLsi5IkltngLAe7ZEDNSyF3PWVRRskih5LEE9spi8mCXUwRPCBQccbY2oICf2TPZqvZJYQXLaPGsPFHJbDOZjJuCsvWW85Ztzhz9AV9WSb0fIgYoRBD1SqiNHO1TJUd3IeGZjduPm77Fd8EU2LTk4XvzoBZdDMlPqz8FntdkU6jOuTI6iSvX3eWPW3LKs4RlyPkY5UBoM.ZpnZtGGWmhzWz_veG2PUgVy4WPcB6WT6Tgt3csiR2Kw&dib_tag=se&keywords=clothing&qid=1763310744&sr=8-36,Clothing,2025-11-16 16:32:26
B0DN6PG8CR,DLOODA,Safer chemicals,17.,17.,,4.2 out of 5 stars,0,No,DLOODA,https://www.amazon.com/DLOODA-Bootcut-Business-Stretchy-Trousers/dp/B0DN6PG8CR/ref=mp_s_a_1_37?dib=eyJ2IjoiMSJ9.KLjiPvXgId3fNjApAbhiVklcWemJaPTnwVRH-Kljs6wtKE1QdeSICeKttkLd-qL7eiSPjaqHBZ-F1EfipfUSaGmXjBke-mi6afLLsi5IkltngLAe7ZEDNSyF3PWVRRskih5LEE9spi8mCXUwRPCBQccbY2oICf2TPZqvZJYQXLaPGsPFHJbDOZjJuCsvWW85Ztzhz9AV9WSb0fIgYoRBD1SqiNHO1TJUd3IeGZjduPm77Fd8EU2LTk4XvzoBZdDMlPqz8FntdkU6jOuTI6iSvX3eWPW3LKs4RlyPkY5UBoM.ZpnZtGGWmhzWz_veG2PUgVy4WPcB6WT6Tgt3csiR2Kw&dib_tag=se&keywords=clothing&qid=1763310744&sr=8-37,Clothing,2025-11-16 16:32:26
B0CGRCYD7B,Sailwind,N/A,19.,19.,,4.3 out of 5 stars,0,No,Sailwind,https://www.amazon.com/Sailwind-Henley-Sleeve-T-Shirt-Cotton/dp/B0CGRCYD7B/ref=mp_s_a_1_38?dib=eyJ2IjoiMSJ9.KLjiPvXgId3fNjApAbhiVklcWemJaPTnwVRH-Kljs6wtKE1QdeSICeKttkLd-qL7eiSPjaqHBZ-F1EfipfUSaGmXjBke-mi6afLLsi5IkltngLAe7ZEDNSyF3PWVRRskih5LEE9spi8mCXUwRPCBQccbY2oICf2TPZqvZJYQXLaPGsPFHJbDOZjJuCsvWW85Ztzhz9AV9WSb0fIgYoRBD1SqiNHO1TJUd3IeGZjduPm77Fd8EU2LTk4XvzoBZdDMlPqz8FntdkU6jOuTI6iSvX3eWPW3LKs4RlyPkY5UBoM.ZpnZtGGWmhzWz_veG2PUgVy4WPcB6WT6Tgt3csiR2Kw&dib_tag=se&keywords=clothing&qid=1763310744&sr=8-38,Clothing,2025-11-16 16:32:26
B0C6TBJ5K6,SHEWIN,N/A,26.,26.,,4.4 out of 5 stars,0,No,SHEWIN,https://www.amazon.com/SHEWIN-Lightweight-Oversized-Sweatshirt-Sweatshirts/dp/B0C6TBJ5K6/ref=mp_s_a_1_39?dib=eyJ2IjoiMSJ9.KLjiPvXgId3fNjApAbhiVklcWemJaPTnwVRH-Kljs6wtKE1QdeSICeKttkLd-qL7eiSPjaqHBZ-F1EfipfUSaGmXjBke-mi6afLLsi5IkltngLAe7ZEDNSyF3PWVRRskih5LEE9spi8mCXUwRPCBQccbY2oICf2TPZqvZJYQXLaPGsPFHJbDOZjJuCsvWW85Ztzhz9AV9WSb0fIgYoRBD1SqiNHO1TJUd3IeGZjduPm77Fd8EU2LTk4XvzoBZdDMlPqz8FntdkU6jOuTI6iSvX3eWPW3LKs4RlyPkY5UBoM.ZpnZtGGWmhzWz_veG2PUgVy4WPcB6WT6Tgt3csiR2Kw&dib_tag=se&keywords=clothing&qid=1763310744&sr=8-39,Clothing,2025-11-16 16:32:26
B0DCW38YR7,Trendy Queen,N/A,29.,29.,,4.5 out of 5 stars,0,No,Trendy Queen,https://www.amazon.com/Trendy-Queen-Cardigan-Sweaters-Lightweight/dp/B0DCW38YR7/ref=mp_s_a_1_40?dib=eyJ2IjoiMSJ9.KLjiPvXgId3fNjApAbhiVklcWemJaPTnwVRH-Kljs6wtKE1QdeSICeKttkLd-qL7eiSPjaqHBZ-F1EfipfUSaGmXjBke-mi6afLLsi5IkltngLAe7ZEDNSyF3PWVRRskih5LEE9spi8mCXUwRPCBQccbY2oICf2TPZqvZJYQXLaPGsPFHJbDOZjJuCsvWW85Ztzhz9AV9WSb0fIgYoRBD1SqiNHO1TJUd3IeGZjduPm77Fd8EU2LTk4XvzoBZdDMlPqz8FntdkU6jOuTI6iSvX3eWPW3LKs4RlyPkY5UBoM.ZpnZtGGWmhzWz_veG2PUgVy4WPcB6WT6Tgt3csiR2Kw&dib_tag=se&keywords=clothing&qid=1763310744&sr=8-40,Clothing,2025-11-16 16:32:26
B0CYH6S8R4,SUUKSESS,N/A,24.,24.,,4.4 out of 5 stars,0,No,SUUKSESS,https://www.amazon.com/SUUKSESS-Square-Summer-Casual-Sleeveless/dp/B0CYH6S8R4/ref=mp_s_a_1_41?dib=eyJ2IjoiMSJ9.KLjiPvXgId3fNjApAbhiVklcWemJaPTnwVRH-Kljs6wtKE1QdeSICeKttkLd-qL7eiSPjaqHBZ-F1EfipfUSaGmXjBke-mi6afLLsi5IkltngLAe7ZEDNSyF3PWVRRskih5LEE9spi8mCXUwRPCBQccbY2oICf2TPZqvZJYQXLaPGsPFHJbDOZjJuCsvWW85Ztzhz9AV9WSb0fIgYoRBD1SqiNHO1TJUd3IeGZjduPm77Fd8EU2LTk4XvzoBZdDMlPqz8FntdkU6jOuTI6iSvX3eWPW3LKs4RlyPkY5UBoM.ZpnZtGGWmhzWz_veG2PUgVy4WPcB6WT6Tgt3csiR2Kw&dib_tag=se&keywords=clothing&qid=1763310744&sr=8-41,Clothing,2025-11-16 16:32:26
B0D5QS6Q4R,AUTOMET,Safer chemicals,13.,13.,,4.5 out of 5 stars,0,No,AUTOMET,https://www.amazon.com/AUTOMET-Fashion-Business-Clothing-Sweaters/dp/B0D5QS6Q4R/ref=mp_s_a_1_42?dib=eyJ2IjoiMSJ9.KLjiPvXgId3fNjApAbhiVklcWemJaPTnwVRH-Kljs6wtKE1QdeSICeKttkLd-qL7eiSPjaqHBZ-F1EfipfUSaGmXjBke-mi6afLLsi5IkltngLAe7ZEDNSyF3PWVRRskih5LEE9spi8mCXUwRPCBQccbY2oICf2TPZqvZJYQXLaPGsPFHJbDOZjJuCsvWW85Ztzhz9AV9WSb0fIgYoRBD1SqiNHO1TJUd3IeGZjduPm77Fd8EU2LTk4XvzoBZdDMlPqz8FntdkU6jOuTI6iSvX3eWPW3LKs4RlyPkY5UBoM.ZpnZtGGWmhzWz_veG2PUgVy4WPcB6WT6Tgt3csiR2Kw&dib_tag=se&keywords=clothing&qid=1763310744&sr=8-42,Clothing,2025-11-16 16:32:26
B0FBK62LD8,OFEEFAN,N/A,9.,9.,,4.5 out of 5 stars,0,No,OFEEFAN,https://www.amazon.com/OFEEFAN-Sweaters-Clothing-Outfits-Teachers/dp/B0FBK62LD8/ref=mp_s_a_1_43?dib=eyJ2IjoiMSJ9.KLjiPvXgId3fNjApAbhiVklcWemJaPTnwVRH-Kljs6wtKE1QdeSICeKttkLd-qL7eiSPjaqHBZ-F1EfipfUSaGmXjBke-mi6afLLsi5IkltngLAe7ZEDNSyF3PWVRRskih5LEE9spi8mCXUwRPCBQccbY2oICf2TPZqvZJYQXLaPGsPFHJbDOZjJuCsvWW85Ztzhz9AV9WSb0fIgYoRBD1SqiNHO1TJUd3IeGZjduPm77Fd8EU2LTk4XvzoBZdDMlPqz8FntdkU6jOuTI6iSvX3eWPW3LKs4RlyPkY5UBoM.ZpnZtGGWmhzWz_veG2PUgVy4WPcB6WT6Tgt3csiR2Kw&dib_tag=se&keywords=clothing&qid=1763310744&sr=8-43,Clothing,2025-11-16 16:32:26
B0D9RRCBHD,Trendy Queen,N/A,38.,38.,N/A,4.3 out of 5 stars,0,No,Trendy Queen,https://www.amazon.com/Trendy-Queen-Oversized-Sweaters-Crewneck/dp/B0D9RRCBHD/ref=mp_s_a_1_44?dib=eyJ2IjoiMSJ9.KLjiPvXgId3fNjApAbhiVklcWemJaPTnwVRH-Kljs6wtKE1QdeSICeKttkLd-qL7eiSPjaqHBZ-F1EfipfUSaGmXjBke-mi6afLLsi5IkltngLAe7ZEDNSyF3PWVRRskih5LEE9spi8mCXUwRPCBQccbY2oICf2TPZqvZJYQXLaPGsPFHJbDOZjJuCsvWW85Ztzhz9AV9WSb0fIgYoRBD1SqiNHO1TJUd3IeGZjduPm77Fd8EU2LTk4XvzoBZdDMlPqz8FntdkU6jOuTI6iSvX3eWPW3LKs4RlyPkY5UBoM.ZpnZtGGWmhzWz_veG2PUgVy4WPcB6WT6Tgt3csiR2Kw&dib_tag=se&keywords=clothing&qid=1763310744&sr=8-44,Clothing,2025-11-16 16:32:26
B0BV241H3F,COOFANDY,N/A,28.,28.,,4.4 out of 5 stars,0,No,COOFANDY,https://www.amazon.com/COOFANDY-Casual-Shirts-Button-Summer/dp/B0BV241H3F/ref=mp_s_a_1_45?dib=eyJ2IjoiMSJ9.KLjiPvXgId3fNjApAbhiVklcWemJaPTnwVRH-Kljs6wtKE1QdeSICeKttkLd-qL7eiSPjaqHBZ-F1EfipfUSaGmXjBke-mi6afLLsi5IkltngLAe7ZEDNSyF3PWVRRskih5LEE9spi8mCXUwRPCBQccbY2oICf2TPZqvZJYQXLaPGsPFHJbDOZjJuCsvWW85Ztzhz9AV9WSb0fIgYoRBD1SqiNHO1TJUd3IeGZjduPm77Fd8EU2LTk4XvzoBZdDMlPqz8FntdkU6jOuTI6iSvX3eWPW3LKs4RlyPkY5UBoM.ZpnZtGGWmhzWz_veG2PUgVy4WPcB6WT6Tgt3csiR2Kw&dib_tag=se&keywords=clothing&qid=1763310744&sr=8-45,Clothing,2025-11-16 16:32:26
B0D31LTQC7,Saloogoe,N/A,14.,14.,,4.3 out of 5 stars,0,No,Saloogoe,https://www.amazon.com/Saloogoe-Sweatshirt-Weight-Clothes-Fashion/dp/B0D31LTQC7/ref=mp_s_a_1_46?dib=eyJ2IjoiMSJ9.KLjiPvXgId3fNjApAbhiVklcWemJaPTnwVRH-Kljs6wtKE1QdeSICeKttkLd-qL7eiSPjaqHBZ-F1EfipfUSaGmXjBke-mi6afLLsi5IkltngLAe7ZEDNSyF3PWVRRskih5LEE9spi8mCXUwRPCBQccbY2oICf2TPZqvZJYQXLaPGsPFHJbDOZjJuCsvWW85Ztzhz9AV9WSb0fIgYoRBD1SqiNHO1TJUd3IeGZjduPm77Fd8EU2LTk4XvzoBZdDMlPqz8FntdkU6jOuTI6iSvX3eWPW3LKs4RlyPkY5UBoM.ZpnZtGGWmhzWz_veG2PUgVy4WPcB6WT6Tgt3csiR2Kw&dib_tag=se&keywords=clothing&qid=1763310744&sr=8-46,Clothing,2025-11-16 16:32:26
B0C8S886CM,Zeagoo,Zeagoo,29.,$39.99,N/A,4.5 out of 5 stars,0,No,Zeagoo,https://www.amazon.com/Zeagoo-Flannels-Cropped-Shacket-Halloween/dp/B0C8S886CM/ref=sr_1_97?dib=eyJ2IjoiMSJ9.GJAVK5wiXBAk7cMBynwIc-rW2Z9aqdUoA7iQq309QZ9l34K8mNeRCVZhIATP7Qfj-hSSTzpTeBsUy3h34SM3D0OFEqKXDs_C6-KSRNUFgRxozF4Y7S9eWy4fbLcf_ZMAq-vKtnQa51jaRTElkWvSHELbxSC9spt6EEUdOSl3AR_BAj5ok6TgAV4_XskOBsoHcXAHbbmp-Vy8VNBpYm2Kj-BrEvZ0uM-t6zDFRTC4i41DqCvK9gi3xLdMoS7TqZvh9sLZF21d0rwA2NDoICgdFJLCanXHh_LuKrkEnmVSx-0.1jW98tomoRR878ohc6br_GL3yrHC61_0pOY3S-uAQ9g&dib_tag=se&keywords=clothing&qid=1763310750&sr=8-97,Clothing,2025-11-16 16:32:32
B0FG25CFCQ,YEOREO,YEOREO,29.,$35.99,N/A,4.1 out of 5 stars,0,No,YEOREO,https://www.amazon.com/YEOREO-Workout-Leggings-Straight-Buttery/dp/B0FG25CFCQ/ref=sr_1_98?dib=eyJ2IjoiMSJ9.GJAVK5wiXBAk7cMBynwIc-rW2Z9aqdUoA7iQq309QZ9l34K8mNeRCVZhIATP7Qfj-hSSTzpTeBsUy3h34SM3D0OFEqKXDs_C6-KSRNUFgRxozF4Y7S9eWy4fbLcf_ZMAq-vKtnQa51jaRTElkWvSHELbxSC9spt6EEUdOSl3AR_BAj5ok6TgAV4_XskOBsoHcXAHbbmp-Vy8VNBpYm2Kj-BrEvZ0uM-t6zDFRTC4i41DqCvK9gi3xLdMoS7TqZvh9sLZF21d0rwA2NDoICgdFJLCanXHh_LuKrkEnmVSx-0.1jW98tomoRR878ohc6br_GL3yrHC61_0pOY3S-uAQ9g&dib_tag=se&keywords=clothing&qid=1763310750&sr=8-98,Clothing,2025-11-16 16:32:32
B0DS5G2JW4,DEANGELMON,DEANGELMON,16.,$26.99,N/A,4.0 out of 5 stars,0,No,DEANGELMON,https://www.amazon.com/Seamless-Wireless-Bra-Women-Support/dp/B0DS5G2JW4/ref=sr_1_99?dib=eyJ2IjoiMSJ9.GJAVK5wiXBAk7cMBynwIc-rW2Z9aqdUoA7iQq309QZ9l34K8mNeRCVZhIATP7Qfj-hSSTzpTeBsUy3h34SM3D0OFEqKXDs_C6-KSRNUFgRxozF4Y7S9eWy4fbLcf_ZMAq-vKtnQa51jaRTElkWvSHELbxSC9spt6EEUdOSl3AR_BAj5ok6TgAV4_XskOBsoHcXAHbbmp-Vy8VNBpYm2Kj-BrEvZ0uM-t6zDFRTC4i41DqCvK9gi3xLdMoS7TqZvh9sLZF21d0rwA2NDoICgdFJLCanXHh_LuKrkEnmVSx-0.1jW98tomoRR878ohc6br_GL3yrHC61_0pOY3S-uAQ9g&dib_tag=se&keywords=clothing&qid=1763310750&sr=8-99,Clothing,2025-11-16 16:32:32
B0F18PP6Q6,Nike,Nike,41.,$55.00,N/A,4.6 out of 5 stars,0,No,Nike,https://www.amazon.com/Nike-Mens-Totality-Black-White/dp/B0F18PP6Q6/ref=sr_1_100?dib=eyJ2IjoiMSJ9.GJAVK5wiXBAk7cMBynwIc-rW2Z9aqdUoA7iQq309QZ9l34K8mNeRCVZhIATP7Qfj-hSSTzpTeBsUy3h34SM3D0OFEqKXDs_C6-KSRNUFgRxozF4Y7S9eWy4fbLcf_ZMAq-vKtnQa51jaRTElkWvSHELbxSC9spt6EEUdOSl3AR_BAj5ok6TgAV4_XskOBsoHcXAHbbmp-Vy8VNBpYm2Kj-BrEvZ0uM-t6zDFRTC4i41DqCvK9gi3xLdMoS7TqZvh9sLZF21d0rwA2NDoICgdFJLCanXHh_LuKrkEnmVSx-0.1jW98tomoRR878ohc6br_GL3yrHC61_0pOY3S-uAQ9g&dib_tag=se&keywords=clothing&qid=1763310750&sr=8-100,Clothing,2025-11-16 16:32:32
B0CZX2K5WL,iGENJUN,iGENJUN,14.,14.,N/A,4.4 out of 5 stars,0,No,iGENJUN,https://www.amazon.com/iGENJUN-Womens-Sleeveless-Backless-Outfits/dp/B0CZX2K5WL/ref=sr_1_101?dib=eyJ2IjoiMSJ9.GJAVK5wiXBAk7cMBynwIc-rW2Z9aqdUoA7iQq309QZ9l34K8mNeRCVZhIATP7Qfj-hSSTzpTeBsUy3h34SM3D0OFEqKXDs_C6-KSRNUFgRxozF4Y7S9eWy4fbLcf_ZMAq-vKtnQa51jaRTElkWvSHELbxSC9spt6EEUdOSl3AR_BAj5ok6TgAV4_XskOBsoHcXAHbbmp-Vy8VNBpYm2Kj-BrEvZ0uM-t6zDFRTC4i41DqCvK9gi3xLdMoS7TqZvh9sLZF21d0rwA2NDoICgdFJLCanXHh_LuKrkEnmVSx-0.1jW98tomoRR878ohc6br_GL3yrHC61_0pOY3S-uAQ9g&dib_tag=se&keywords=clothing&qid=1763310750&sr=8-101,Clothing,2025-11-16 16:32:32
B0DT5YML5Z,OEAK,OEAK,27.,27.,N/A,4.1 out of 5 stars,0,No,OEAK,https://www.amazon.com/OEAK-Comfortable-Supportive-Underwire-Bralettes/dp/B0DT5YML5Z/ref=sr_1_102?dib=eyJ2IjoiMSJ9.GJAVK5wiXBAk7cMBynwIc-rW2Z9aqdUoA7iQq309QZ9l34K8mNeRCVZhIATP7Qfj-hSSTzpTeBsUy3h34SM3D0OFEqKXDs_C6-KSRNUFgRxozF4Y7S9eWy4fbLcf_ZMAq-vKtnQa51jaRTElkWvSHELbxSC9spt6EEUdOSl3AR_BAj5ok6TgAV4_XskOBsoHcXAHbbmp-Vy8VNBpYm2Kj-BrEvZ0uM-t6zDFRTC4i41DqCvK9gi3xLdMoS7TqZvh9sLZF21d0rwA2NDoICgdFJLCanXHh_LuKrkEnmVSx-0.1jW98tomoRR878ohc6br_GL3yrHC61_0pOY3S-uAQ9g&dib_tag=se&keywords=clothing&qid=1763310750&sr=8-102,Clothing,2025-11-16 16:32:32
B0F4DHPR7L,AUTOMET,AUTOMET,12.,$13.99,N/A,4.3 out of 5 stars,0,No,AUTOMET,https://www.amazon.com/AUTOMET-Fashion-Sweaters-Clothes-Outfits/dp/B0F4DHPR7L/ref=sr_1_103?dib=eyJ2IjoiMSJ9.GJAVK5wiXBAk7cMBynwIc-rW2Z9aqdUoA7iQq309QZ9l34K8mNeRCVZhIATP7Qfj-hSSTzpTeBsUy3h34SM3D0OFEqKXDs_C6-KSRNUFgRxozF4Y7S9eWy4fbLcf_ZMAq-vKtnQa51jaRTElkWvSHELbxSC9spt6EEUdOSl3AR_BAj5ok6TgAV4_XskOBsoHcXAHbbmp-Vy8VNBpYm2Kj-BrEvZ0uM-t6zDFRTC4i41DqCvK9gi3xLdMoS7TqZvh9sLZF21d0rwA2NDoICgdFJLCanXHh_LuKrkEnmVSx-0.1jW98tomoRR878ohc6br_GL3yrHC61_0pOY3S-uAQ9g&dib_tag=se&keywords=clothing&qid=1763310750&sr=8-103,Clothing,2025-11-16 16:32:32
B0F4JHVBBX,PRETTYGARDEN,PRETTYGARDEN,9.,9.,N/A,4.6 out of 5 stars,0,No,PRETTYGARDEN,https://www.amazon.com/PRETTYGARDEN-Clothes-Sleeve-Underscrub-Outfits/dp/B0F4JHVBBX/ref=sr_1_104?dib=eyJ2IjoiMSJ9.GJAVK5wiXBAk7cMBynwIc-rW2Z9aqdUoA7iQq309QZ9l34K8mNeRCVZhIATP7Qfj-hSSTzpTeBsUy3h34SM3D0OFEqKXDs_C6-KSRNUFgRxozF4Y7S9eWy4fbLcf_ZMAq-vKtnQa51jaRTElkWvSHELbxSC9spt6EEUdOSl3AR_BAj5ok6TgAV4_XskOBsoHcXAHbbmp-Vy8VNBpYm2Kj-BrEvZ0uM-t6zDFRTC4i41DqCvK9gi3xLdMoS7TqZvh9sLZF21d0rwA2NDoICgdFJLCanXHh_LuKrkEnmVSx-0.1jW98tomoRR878ohc6br_GL3yrHC61_0pOY3S-uAQ9g&dib_tag=se&keywords=clothing&qid=1763310750&sr=8-104,Clothing,2025-11-16 16:32:32
B06WD91FBL,Hanes,Hanes,5.,$21.00,N/A,4.5 out of 5 stars,0,No,Hanes,https://www.amazon.com/Hanes-Sleeve-X-Temp-FreshIQ-Medium/dp/B06WD91FBL/ref=sr_1_105?dib=eyJ2IjoiMSJ9.GJAVK5wiXBAk7cMBynwIc-rW2Z9aqdUoA7iQq309QZ9l34K8mNeRCVZhIATP7Qfj-hSSTzpTeBsUy3h34SM3D0OFEqKXDs_C6-KSRNUFgRxozF4Y7S9eWy4fbLcf_ZMAq-vKtnQa51jaRTElkWvSHELbxSC9spt6EEUdOSl3AR_BAj5ok6TgAV4_XskOBsoHcXAHbbmp-Vy8VNBpYm2Kj-BrEvZ0uM-t6zDFRTC4i41DqCvK9gi3xLdMoS7TqZvh9sLZF21d0rwA2NDoICgdFJLCanXHh_LuKrkEnmVSx-0.1jW98tomoRR878ohc6br_GL3yrHC61_0pOY3S-uAQ9g&dib_tag=se&keywords=clothing&qid=1763310750&sr=8-105,Clothing,2025-11-16 16:32:32
B0FDQHZNC8,Zeagoo,Zeagoo,14.,$19.99,N/A,4.2 out of 5 stars,0,No,Zeagoo,https://www.amazon.com/Zeagoo-Casual-Sleeve-Tshirts-Clothes/dp/B0FDQHZNC8/ref=sr_1_106?dib=eyJ2IjoiMSJ9.GJAVK5wiXBAk7cMBynwIc-rW2Z9aqdUoA7iQq309QZ9l34K8mNeRCVZhIATP7Qfj-hSSTzpTeBsUy3h34SM3D0OFEqKXDs_C6-KSRNUFgRxozF4Y7S9eWy4fbLcf_ZMAq-vKtnQa51jaRTElkWvSHELbxSC9spt6EEUdOSl3AR_BAj5ok6TgAV4_XskOBsoHcXAHbbmp-Vy8VNBpYm2Kj-BrEvZ0uM-t6zDFRTC4i41DqCvK9gi3xLdMoS7TqZvh9sLZF21d0rwA2NDoICgdFJLCanXHh_LuKrkEnmVSx-0.1jW98tomoRR878ohc6br_GL3yrHC61_0pOY3S-uAQ9g&dib_tag=se&keywords=clothing&qid=1763310750&sr=8-106,Clothing,2025-11-16 16:32:32
B0FJ1PQKB5,Gihgoew,Gihgoew,6.,6.,N/A,4.3 out of 5 stars,0,No,Gihgoew,https://www.amazon.com/Sleeve-Shirts-Outfits-Clothes-Regular/dp/B0FJ1PQKB5/ref=sr_1_107?dib=eyJ2IjoiMSJ9.GJAVK5wiXBAk7cMBynwIc-rW2Z9aqdUoA7iQq309QZ9l34K8mNeRCVZhIATP7Qfj-hSSTzpTeBsUy3h34SM3D0OFEqKXDs_C6-KSRNUFgRxozF4Y7S9eWy4fbLcf_ZMAq-vKtnQa51jaRTElkWvSHELbxSC9spt6EEUdOSl3AR_BAj5ok6TgAV4_XskOBsoHcXAHbbmp-Vy8VNBpYm2Kj-BrEvZ0uM-t6zDFRTC4i41DqCvK9gi3xLdMoS7TqZvh9sLZF21d0rwA2NDoICgdFJLCanXHh_LuKrkEnmVSx-0.1jW98tomoRR878ohc6br_GL3yrHC61_0pOY3S-uAQ9g&dib_tag=se&keywords=clothing&qid=1763310750&sr=8-107,Clothing,2025-11-16 16:32:32
B0DPPQJCR7,ATHMILE,ATHMILE,19.,$29.99,N/A,4.5 out of 5 stars,0,No,ATHMILE,https://www.amazon.com/ATHMILE-Waisted-Drawstring-Athletic-Sweatpants/dp/B0DPPQJCR7/ref=sr_1_108?dib=eyJ2IjoiMSJ9.GJAVK5wiXBAk7cMBynwIc-rW2Z9aqdUoA7iQq309QZ9l34K8mNeRCVZhIATP7Qfj-hSSTzpTeBsUy3h34SM3D0OFEqKXDs_C6-KSRNUFgRxozF4Y7S9eWy4fbLcf_ZMAq-vKtnQa51jaRTElkWvSHELbxSC9spt6EEUdOSl3AR_BAj5ok6TgAV4_XskOBsoHcXAHbbmp-Vy8VNBpYm2Kj-BrEvZ0uM-t6zDFRTC4i41DqCvK9gi3xLdMoS7TqZvh9sLZF21d0rwA2NDoICgdFJLCanXHh_LuKrkEnmVSx-0.1jW98tomoRR878ohc6br_GL3yrHC61_0pOY3S-uAQ9g&dib_tag=se&keywords=clothing&qid=1763310750&sr=8-108,Clothing,2025-11-16 16:32:32
B0F7XPPCRZ,WIHOLL,WIHOLL,12.,$23.99,N/A,4.4 out of 5 stars,0,No,WIHOLL,https://www.amazon.com/Outfits-Sleeve-Shirts-Clothing-Sweaters/dp/B0F7XPPCRZ/ref=sr_1_109?dib=eyJ2IjoiMSJ9.GJAVK5wiXBAk7cMBynwIc-rW2Z9aqdUoA7iQq309QZ9l34K8mNeRCVZhIATP7Qfj-hSSTzpTeBsUy3h34SM3D0OFEqKXDs_C6-KSRNUFgRxozF4Y7S9eWy4fbLcf_ZMAq-vKtnQa51jaRTElkWvSHELbxSC9spt6EEUdOSl3AR_BAj5ok6TgAV4_XskOBsoHcXAHbbmp-Vy8VNBpYm2Kj-BrEvZ0uM-t6zDFRTC4i41DqCvK9gi3xLdMoS7TqZvh9sLZF21d0rwA2NDoICgdFJLCanXHh_LuKrkEnmVSx-0.1jW98tomoRR878ohc6br_GL3yrHC61_0pOY3S-uAQ9g&dib_tag=se&keywords=clothing&qid=1763310750&sr=8-109,Clothing,2025-11-16 16:32:32
B0FB8HSZ2Y,Alaroo,Alaroo,8.,$12.99,N/A,4.4 out of 5 stars,0,No,Alaroo,https://www.amazon.com/Alaroo-Fashion-Clothing-Outfits-Teachers/dp/B0FB8HSZ2Y/ref=sr_1_110?dib=eyJ2IjoiMSJ9.GJAVK5wiXBAk7cMBynwIc-rW2Z9aqdUoA7iQq309QZ9l34K8mNeRCVZhIATP7Qfj-hSSTzpTeBsUy3h34SM3D0OFEqKXDs_C6-KSRNUFgRxozF4Y7S9eWy4fbLcf_ZMAq-vKtnQa51jaRTElkWvSHELbxSC9spt6EEUdOSl3AR_BAj5ok6TgAV4_XskOBsoHcXAHbbmp-Vy8VNBpYm2Kj-BrEvZ0uM-t6zDFRTC4i41DqCvK9gi3xLdMoS7TqZvh9sLZF21d0rwA2NDoICgdFJLCanXHh_LuKrkEnmVSx-0.1jW98tomoRR878ohc6br_GL3yrHC61_0pOY3S-uAQ9g&dib_tag=se&keywords=clothing&qid=1763310750&sr=8-110,Clothing,2025-11-16 16:32:32
B06XD46VN5,Hanes,Hanes,9.,$22.00,N/A,4.4 out of 5 stars,0,No,Hanes,https://www.amazon.com/Hanes-Ecosmart-Fleece-Pockets-Black/dp/B06XD46VN5/ref=sr_1_111?dib=eyJ2IjoiMSJ9.GJAVK5wiXBAk7cMBynwIc-rW2Z9aqdUoA7iQq309QZ9l34K8mNeRCVZhIATP7Qfj-hSSTzpTeBsUy3h34SM3D0OFEqKXDs_C6-KSRNUFgRxozF4Y7S9eWy4fbLcf_ZMAq-vKtnQa51jaRTElkWvSHELbxSC9spt6EEUdOSl3AR_BAj5ok6TgAV4_XskOBsoHcXAHbbmp-Vy8VNBpYm2Kj-BrEvZ0uM-t6zDFRTC4i41DqCvK9gi3xLdMoS7TqZvh9sLZF21d0rwA2NDoICgdFJLCanXHh_LuKrkEnmVSx-0.1jW98tomoRR878ohc6br_GL3yrHC61_0pOY3S-uAQ9g&dib_tag=se&keywords=clothing&qid=1763310750&sr=8-111,Clothing,2025-11-16 16:32:32
B0B5H33HTJ,Trendy Queen,Trendy Queen,29.,$32.99,N/A,4.4 out of 5 stars,0,No,Trendy Queen,https://www.amazon.com/Trendy-Queen-Oversized-Pullover-Sweatshirts/dp/B0B5H33HTJ/ref=sr_1_112?dib=eyJ2IjoiMSJ9.GJAVK5wiXBAk7cMBynwIc-rW2Z9aqdUoA7iQq309QZ9l34K8mNeRCVZhIATP7Qfj-hSSTzpTeBsUy3h34SM3D0OFEqKXDs_C6-KSRNUFgRxozF4Y7S9eWy4fbLcf_ZMAq-vKtnQa51jaRTElkWvSHELbxSC9spt6EEUdOSl3AR_BAj5ok6TgAV4_XskOBsoHcXAHbbmp-Vy8VNBpYm2Kj-BrEvZ0uM-t6zDFRTC4i41DqCvK9gi3xLdMoS7TqZvh9sLZF21d0rwA2NDoICgdFJLCanXHh_LuKrkEnmVSx-0.1jW98tomoRR878ohc6br_GL3yrHC61_0pOY3S-uAQ9g&dib_tag=se&keywords=clothing&qid=1763310750&sr=8-112,Clothing,2025-11-16 16:32:32
B0F9WWGF3R,ANRABESS,ANRABESS,18.,18.,N/A,4.3 out of 5 stars,0,No,ANRABESS,https://www.amazon.com/ANRABESS-Sleeve-Sweater-Fashion-Clothes/dp/B0F9WWGF3R/ref=sr_1_113?dib=eyJ2IjoiMSJ9.GJAVK5wiXBAk7cMBynwIc-rW2Z9aqdUoA7iQq309QZ9l34K8mNeRCVZhIATP7Qfj-hSSTzpTeBsUy3h34SM3D0OFEqKXDs_C6-KSRNUFgRxozF4Y7S9eWy4fbLcf_ZMAq-vKtnQa51jaRTElkWvSHELbxSC9spt6EEUdOSl3AR_BAj5ok6TgAV4_XskOBsoHcXAHbbmp-Vy8VNBpYm2Kj-BrEvZ0uM-t6zDFRTC4i41DqCvK9gi3xLdMoS7TqZvh9sLZF21d0rwA2NDoICgdFJLCanXHh_LuKrkEnmVSx-0.1jW98tomoRR878ohc6br_GL3yrHC61_0pOY3S-uAQ9g&dib_tag=se&keywords=clothing&qid=1763310750&sr=8-113,Clothing,2025-11-16 16:32:32
B0F9FWR5V2,WIHOLL,WIHOLL,9.,$14.99,N/A,4.5 out of 5 stars,0,No,WIHOLL,https://www.amazon.com/WIHOLL-Outfits-Fashion-Clothing-Blouses/dp/B0F9FWR5V2/ref=sr_1_114?dib=eyJ2IjoiMSJ9.GJAVK5wiXBAk7cMBynwIc-rW2Z9aqdUoA7iQq309QZ9l34K8mNeRCVZhIATP7Qfj-hSSTzpTeBsUy3h34SM3D0OFEqKXDs_C6-KSRNUFgRxozF4Y7S9eWy4fbLcf_ZMAq-vKtnQa51jaRTElkWvSHELbxSC9spt6EEUdOSl3AR_BAj5ok6TgAV4_XskOBsoHcXAHbbmp-Vy8VNBpYm2Kj-BrEvZ0uM-t6zDFRTC4i41DqCvK9gi3xLdMoS7TqZvh9sLZF21d0rwA2NDoICgdFJLCanXHh_LuKrkEnmVSx-0.1jW98tomoRR878ohc6br_GL3yrHC61_0pOY3S-uAQ9g&dib_tag=se&keywords=clothing&qid=1763310750&sr=8-114,Clothing,2025-11-16 16:32:32
B07R635KGT,Lee,Lee,18.,$39.90,N/A,4.2 out of 5 stars,0,No,Lee,https://www.amazon.com/LEE-Womens-Wrinkle-Relaxed-Straight/dp/B07R635KGT/ref=sr_1_115?dib=eyJ2IjoiMSJ9.GJAVK5wiXBAk7cMBynwIc-rW2Z9aqdUoA7iQq309QZ9l34K8mNeRCVZhIATP7Qfj-hSSTzpTeBsUy3h34SM3D0OFEqKXDs_C6-KSRNUFgRxozF4Y7S9eWy4fbLcf_ZMAq-vKtnQa51jaRTElkWvSHELbxSC9spt6EEUdOSl3AR_BAj5ok6TgAV4_XskOBsoHcXAHbbmp-Vy8VNBpYm2Kj-BrEvZ0uM-t6zDFRTC4i41DqCvK9gi3xLdMoS7TqZvh9sLZF21d0rwA2NDoICgdFJLCanXHh_LuKrkEnmVSx-0.1jW98tomoRR878ohc6br_GL3yrHC61_0pOY3S-uAQ9g&dib_tag=se&keywords=clothing&qid=1763310750&sr=8-115,Clothing,2025-11-16 16:32:32
B0FD9P1HYQ,Yeokou,Yeokou,23.,$28.99,N/A,4.5 out of 5 stars,0,No,Yeokou,https://www.amazon.com/Yeokou-Sweater-Ruffled-Crochet-Pullover/dp/B0FD9P1HYQ/ref=sr_1_116?dib=eyJ2IjoiMSJ9.GJAVK5wiXBAk7cMBynwIc-rW2Z9aqdUoA7iQq309QZ9l34K8mNeRCVZhIATP7Qfj-hSSTzpTeBsUy3h34SM3D0OFEqKXDs_C6-KSRNUFgRxozF4Y7S9eWy4fbLcf_ZMAq-vKtnQa51jaRTElkWvSHELbxSC9spt6EEUdOSl3AR_BAj5ok6TgAV4_XskOBsoHcXAHbbmp-Vy8VNBpYm2Kj-BrEvZ0uM-t6zDFRTC4i41DqCvK9gi3xLdMoS7TqZvh9sLZF21d0rwA2NDoICgdFJLCanXHh_LuKrkEnmVSx-0.1jW98tomoRR878ohc6br_GL3yrHC61_0pOY3S-uAQ9g&dib_tag=se&keywords=clothing&qid=1763310750&sr=8-116,Clothing,2025-11-16 16:32:32
B0CZ3RPBKG,Vertvie,Vertvie,19.,$26.99,N/A,4.1 out of 5 stars,0,No,Vertvie,https://www.amazon.com/Vertvie-Seamless-Underwire-Scalloped-Bralettes/dp/B0CZ3RPBKG/ref=sr_1_117?dib=eyJ2IjoiMSJ9.GJAVK5wiXBAk7cMBynwIc-rW2Z9aqdUoA7iQq309QZ9l34K8mNeRCVZhIATP7Qfj-hSSTzpTeBsUy3h34SM3D0OFEqKXDs_C6-KSRNUFgRxozF4Y7S9eWy4fbLcf_ZMAq-vKtnQa51jaRTElkWvSHELbxSC9spt6EEUdOSl3AR_BAj5ok6TgAV4_XskOBsoHcXAHbbmp-Vy8VNBpYm2Kj-BrEvZ0uM-t6zDFRTC4i41DqCvK9gi3xLdMoS7TqZvh9sLZF21d0rwA2NDoICgdFJLCanXHh_LuKrkEnmVSx-0.1jW98tomoRR878ohc6br_GL3yrHC61_0pOY3S-uAQ9g&dib_tag=se&keywords=clothing&qid=1763310750&sr=8-117,Clothing,2025-11-16 16:32:32
B0FBSSMDKP,WIHOLL,WIHOLL,19.,$24.99,N/A,4.4 out of 5 stars,0,No,WIHOLL,https://www.amazon.com/WIHOLL-Cashmere-Sweaters-Lightweight-Outfits/dp/B0FBSSMDKP/ref=sr_1_118?dib=eyJ2IjoiMSJ9.GJAVK5wiXBAk7cMBynwIc-rW2Z9aqdUoA7iQq309QZ9l34K8mNeRCVZhIATP7Qfj-hSSTzpTeBsUy3h34SM3D0OFEqKXDs_C6-KSRNUFgRxozF4Y7S9eWy4fbLcf_ZMAq-vKtnQa51jaRTElkWvSHELbxSC9spt6EEUdOSl3AR_BAj5ok6TgAV4_XskOBsoHcXAHbbmp-Vy8VNBpYm2Kj-BrEvZ0uM-t6zDFRTC4i41DqCvK9gi3xLdMoS7TqZvh9sLZF21d0rwA2NDoICgdFJLCanXHh_LuKrkEnmVSx-0.1jW98tomoRR878ohc6br_GL3yrHC61_0pOY3S-uAQ9g&dib_tag=se&keywords=clothing&qid=1763310750&sr=8-118,Clothing,2025-11-16 16:32:32
B07BJKZGLD,Amazon Essentials,Amazon Essentials,13.,13.,N/A,4.4 out of 5 stars,0,No,Amazon Essentials,https://www.amazon.com/Amazon-Essentials-Regular-Fit-Long-Sleeve-X-Large/dp/B07BJKZGLD/ref=sr_1_119?dib=eyJ2IjoiMSJ9.GJAVK5wiXBAk7cMBynwIc-rW2Z9aqdUoA7iQq309QZ9l34K8mNeRCVZhIATP7Qfj-hSSTzpTeBsUy3h34SM3D0OFEqKXDs_C6-KSRNUFgRxozF4Y7S9eWy4fbLcf_ZMAq-vKtnQa51jaRTElkWvSHELbxSC9spt6EEUdOSl3AR_BAj5ok6TgAV4_XskOBsoHcXAHbbmp-Vy8VNBpYm2Kj-BrEvZ0uM-t6zDFRTC4i41DqCvK9gi3xLdMoS7TqZvh9sLZF21d0rwA2NDoICgdFJLCanXHh_LuKrkEnmVSx-0.1jW98tomoRR878ohc6br_GL3yrHC61_0pOY3S-uAQ9g&dib_tag=se&keywords=clothing&qid=1763310750&sr=8-119,Clothing,2025-11-16 16:32:32
B07CL5H4FQ,Simple Joys by Carter's,Simple Joys by Carter's,18.,18.,N/A,4.8 out of 5 stars,0,No,Simple Joys by Carter's,https://www.amazon.com/Simple-Joys-Carters-Hooded-Sweater/dp/B07CL5H4FQ/ref=sr_1_120?dib=eyJ2IjoiMSJ9.GJAVK5wiXBAk7cMBynwIc-rW2Z9aqdUoA7iQq309QZ9l34K8mNeRCVZhIATP7Qfj-hSSTzpTeBsUy3h34SM3D0OFEqKXDs_C6-KSRNUFgRxozF4Y7S9eWy4fbLcf_ZMAq-vKtnQa51jaRTElkWvSHELbxSC9spt6EEUdOSl3AR_BAj5ok6TgAV4_XskOBsoHcXAHbbmp-Vy8VNBpYm2Kj-BrEvZ0uM-t6zDFRTC4i41DqCvK9gi3xLdMoS7TqZvh9sLZF21d0rwA2NDoICgdFJLCanXHh_LuKrkEnmVSx-0.1jW98tomoRR878ohc6br_GL3yrHC61_0pOY3S-uAQ9g&dib_tag=se&keywords=clothing&qid=1763310750&sr=8-120,Clothing,2025-11-16 16:32:32
B0F6N1QXP7,SAMPEEL,SAMPEEL,12.,$14.99,N/A,4.2 out of 5 stars,0,No,SAMPEEL,https://www.amazon.com/Sampeel-Fashion-Outfits-Sweaters-Clothing/dp/B0F6N1QXP7/ref=sr_1_121?dib=eyJ2IjoiMSJ9.GJAVK5wiXBAk7cMBynwIc-rW2Z9aqdUoA7iQq309QZ9l34K8mNeRCVZhIATP7Qfj-hSSTzpTeBsUy3h34SM3D0OFEqKXDs_C6-KSRNUFgRxozF4Y7S9eWy4fbLcf_ZMAq-vKtnQa51jaRTElkWvSHELbxSC9spt6EEUdOSl3AR_BAj5ok6TgAV4_XskOBsoHcXAHbbmp-Vy8VNBpYm2Kj-BrEvZ0uM-t6zDFRTC4i41DqCvK9gi3xLdMoS7TqZvh9sLZF21d0rwA2NDoICgdFJLCanXHh_LuKrkEnmVSx-0.1jW98tomoRR878ohc6br_GL3yrHC61_0pOY3S-uAQ9g&dib_tag=se&keywords=clothing&qid=1763310750&sr=8-121,Clothing,2025-11-16 16:32:32
B0B6GLMF7G,Carhartt,Carhartt,29.,29.,N/A,4.9 out of 5 stars,0,No,Carhartt,https://www.amazon.com/Carhartt-Long-Sleeve-Half-Zip-Hooded-Sweatshirt/dp/B0B6GLMF7G/ref=sr_1_122?dib=eyJ2IjoiMSJ9.GJAVK5wiXBAk7cMBynwIc-rW2Z9aqdUoA7iQq309QZ9l34K8mNeRCVZhIATP7Qfj-hSSTzpTeBsUy3h34SM3D0OFEqKXDs_C6-KSRNUFgRxozF4Y7S9eWy4fbLcf_ZMAq-vKtnQa51jaRTElkWvSHELbxSC9spt6EEUdOSl3AR_BAj5ok6TgAV4_XskOBsoHcXAHbbmp-Vy8VNBpYm2Kj-BrEvZ0uM-t6zDFRTC4i41DqCvK9gi3xLdMoS7TqZvh9sLZF21d0rwA2NDoICgdFJLCanXHh_LuKrkEnmVSx-0.1jW98tomoRR878ohc6br_GL3yrHC61_0pOY3S-uAQ9g&dib_tag=se&keywords=clothing&qid=1763310750&sr=8-122,Clothing,2025-11-16 16:32:32
B0FDZY49Y1,Trendy Queen,Trendy Queen,34.,$36.99,N/A,4.1 out of 5 stars,0,No,Trendy Queen,https://www.amazon.com/Trendy-Queen-Matching-Sweatsuit-Loungewear/dp/B0FDZY49Y1/ref=sr_1_123?dib=eyJ2IjoiMSJ9.GJAVK5wiXBAk7cMBynwIc-rW2Z9aqdUoA7iQq309QZ9l34K8mNeRCVZhIATP7Qfj-hSSTzpTeBsUy3h34SM3D0OFEqKXDs_C6-KSRNUFgRxozF4Y7S9eWy4fbLcf_ZMAq-vKtnQa51jaRTElkWvSHELbxSC9spt6EEUdOSl3AR_BAj5ok6TgAV4_XskOBsoHcXAHbbmp-Vy8VNBpYm2Kj-BrEvZ0uM-t6zDFRTC4i41DqCvK9gi3xLdMoS7TqZvh9sLZF21d0rwA2NDoICgdFJLCanXHh_LuKrkEnmVSx-0.1jW98tomoRR878ohc6br_GL3yrHC61_0pOY3S-uAQ9g&dib_tag=se&keywords=clothing&qid=1763310750&sr=8-123,Clothing,2025-11-16 16:32:32
B0F4D3NGQ2,AUTOMET,AUTOMET,14.,$19.99,N/A,4.4 out of 5 stars,0,No,AUTOMET,https://www.amazon.com/AUTOMET-Sleeve-Fashion-Sweaters-Apricot/dp/B0F4D3NGQ2/ref=sr_1_124?dib=eyJ2IjoiMSJ9.GJAVK5wiXBAk7cMBynwIc-rW2Z9aqdUoA7iQq309QZ9l34K8mNeRCVZhIATP7Qfj-hSSTzpTeBsUy3h34SM3D0OFEqKXDs_C6-KSRNUFgRxozF4Y7S9eWy4fbLcf_ZMAq-vKtnQa51jaRTElkWvSHELbxSC9spt6EEUdOSl3AR_BAj5ok6TgAV4_XskOBsoHcXAHbbmp-Vy8VNBpYm2Kj-BrEvZ0uM-t6zDFRTC4i41DqCvK9gi3xLdMoS7TqZvh9sLZF21d0rwA2NDoICgdFJLCanXHh_LuKrkEnmVSx-0.1jW98tomoRR878ohc6br_GL3yrHC61_0pOY3S-uAQ9g&dib_tag=se&keywords=clothing&qid=1763310750&sr=8-124,Clothing,2025-11-16 16:32:32
B0F9KSJ5T3,WIHOLL,WIHOLL,9.,$19.99,N/A,4.4 out of 5 stars,0,No,WIHOLL,https://www.amazon.com/WIHOLL-Outfits-Sweaters-Clothing-Teachers/dp/B0F9KSJ5T3/ref=sr_1_125?dib=eyJ2IjoiMSJ9.GJAVK5wiXBAk7cMBynwIc-rW2Z9aqdUoA7iQq309QZ9l34K8mNeRCVZhIATP7Qfj-hSSTzpTeBsUy3h34SM3D0OFEqKXDs_C6-KSRNUFgRxozF4Y7S9eWy4fbLcf_ZMAq-vKtnQa51jaRTElkWvSHELbxSC9spt6EEUdOSl3AR_BAj5ok6TgAV4_XskOBsoHcXAHbbmp-Vy8VNBpYm2Kj-BrEvZ0uM-t6zDFRTC4i41DqCvK9gi3xLdMoS7TqZvh9sLZF21d0rwA2NDoICgdFJLCanXHh_LuKrkEnmVSx-0.1jW98tomoRR878ohc6br_GL3yrHC61_0pOY3S-uAQ9g&dib_tag=se&keywords=clothing&qid=1763310750&sr=8-125,Clothing,2025-11-16 16:32:32
B0F7HH1NRK,SAMPEEL,SAMPEEL,8.,$19.99,N/A,4.4 out of 5 stars,0,No,SAMPEEL,https://www.amazon.com/Sampeel-Chocolate-Sweaters-Clothing-Business/dp/B0F7HH1NRK/ref=sr_1_126?dib=eyJ2IjoiMSJ9.GJAVK5wiXBAk7cMBynwIc-rW2Z9aqdUoA7iQq309QZ9l34K8mNeRCVZhIATP7Qfj-hSSTzpTeBsUy3h34SM3D0OFEqKXDs_C6-KSRNUFgRxozF4Y7S9eWy4fbLcf_ZMAq-vKtnQa51jaRTElkWvSHELbxSC9spt6EEUdOSl3AR_BAj5ok6TgAV4_XskOBsoHcXAHbbmp-Vy8VNBpYm2Kj-BrEvZ0uM-t6zDFRTC4i41DqCvK9gi3xLdMoS7TqZvh9sLZF21d0rwA2NDoICgdFJLCanXHh_LuKrkEnmVSx-0.1jW98tomoRR878ohc6br_GL3yrHC61_0pOY3S-uAQ9g&dib_tag=se&keywords=clothing&qid=1763310750&sr=8-126,Clothing,2025-11-16 16:32:32
B0D76Q1MDJ,TNNZEET,TNNZEET,30.,$35.99,N/A,4.3 out of 5 stars,0,No,TNNZEET,https://www.amazon.com/TNNZEET-Pack-Womens-Pants-Pockets/dp/B0D76Q1MDJ/ref=sr_1_127?dib=eyJ2IjoiMSJ9.GJAVK5wiXBAk7cMBynwIc-rW2Z9aqdUoA7iQq309QZ9l34K8mNeRCVZhIATP7Qfj-hSSTzpTeBsUy3h34SM3D0OFEqKXDs_C6-KSRNUFgRxozF4Y7S9eWy4fbLcf_ZMAq-vKtnQa51jaRTElkWvSHELbxSC9spt6EEUdOSl3AR_BAj5ok6TgAV4_XskOBsoHcXAHbbmp-Vy8VNBpYm2Kj-BrEvZ0uM-t6zDFRTC4i41DqCvK9gi3xLdMoS7TqZvh9sLZF21d0rwA2NDoICgdFJLCanXHh_LuKrkEnmVSx-0.1jW98tomoRR878ohc6br_GL3yrHC61_0pOY3S-uAQ9g&dib_tag=se&keywords=clothing&qid=1763310750&sr=8-127,Clothing,2025-11-16 16:32:32
B0FH96SW2R,XIEERDUO,XIEERDUO,14.,14.,N/A,4.3 out of 5 stars,0,No,XIEERDUO,https://www.amazon.com/XIEERDUO-Chocolate-Clothes-Sweaters-Business/dp/B0FH96SW2R/ref=sr_1_128?dib=eyJ2IjoiMSJ9.GJAVK5wiXBAk7cMBynwIc-rW2Z9aqdUoA7iQq309QZ9l34K8mNeRCVZhIATP7Qfj-hSSTzpTeBsUy3h34SM3D0OFEqKXDs_C6-KSRNUFgRxozF4Y7S9eWy4fbLcf_ZMAq-vKtnQa51jaRTElkWvSHELbxSC9spt6EEUdOSl3AR_BAj5ok6TgAV4_XskOBsoHcXAHbbmp-Vy8VNBpYm2Kj-BrEvZ0uM-t6zDFRTC4i41DqCvK9gi3xLdMoS7TqZvh9sLZF21d0rwA2NDoICgdFJLCanXHh_LuKrkEnmVSx-0.1jW98tomoRR878ohc6br_GL3yrHC61_0pOY3S-uAQ9g&dib_tag=se&keywords=clothing&qid=1763310750&sr=8-128,Clothing,2025-11-16 16:32:32
B0F88ZT2SP,SAMPEEL,SAMPEEL,9.,$12.99,N/A,4.5 out of 5 stars,0,No,SAMPEEL,https://www.amazon.com/Sampeel-Fashion-Clothing-Essentials-Teachers/dp/B0F88ZT2SP/ref=sr_1_129?dib=eyJ2IjoiMSJ9.GJAVK5wiXBAk7cMBynwIc-rW2Z9aqdUoA7iQq309QZ9l34K8mNeRCVZhIATP7Qfj-hSSTzpTeBsUy3h34SM3D0OFEqKXDs_C6-KSRNUFgRxozF4Y7S9eWy4fbLcf_ZMAq-vKtnQa51jaRTElkWvSHELbxSC9spt6EEUdOSl3AR_BAj5ok6TgAV4_XskOBsoHcXAHbbmp-Vy8VNBpYm2Kj-BrEvZ0uM-t6zDFRTC4i41DqCvK9gi3xLdMoS7TqZvh9sLZF21d0rwA2NDoICgdFJLCanXHh_LuKrkEnmVSx-0.1jW98tomoRR878ohc6br_GL3yrHC61_0pOY3S-uAQ9g&dib_tag=se&keywords=clothing&qid=1763310750&sr=8-129,Clothing,2025-11-16 16:32:32
B0DTB3PK31,MANGMAO,MANGMAO,14.,14.,N/A,4.1 out of 5 stars,0,No,MANGMAO,https://www.amazon.com/Grunge-Shirts-Graphic-Vintage-Clothes/dp/B0DTB3PK31/ref=sr_1_130?dib=eyJ2IjoiMSJ9.GJAVK5wiXBAk7cMBynwIc-rW2Z9aqdUoA7iQq309QZ9l34K8mNeRCVZhIATP7Qfj-hSSTzpTeBsUy3h34SM3D0OFEqKXDs_C6-KSRNUFgRxozF4Y7S9eWy4fbLcf_ZMAq-vKtnQa51jaRTElkWvSHELbxSC9spt6EEUdOSl3AR_BAj5ok6TgAV4_XskOBsoHcXAHbbmp-Vy8VNBpYm2Kj-BrEvZ0uM-t6zDFRTC4i41DqCvK9gi3xLdMoS7TqZvh9sLZF21d0rwA2NDoICgdFJLCanXHh_LuKrkEnmVSx-0.1jW98tomoRR878ohc6br_GL3yrHC61_0pOY3S-uAQ9g&dib_tag=se&keywords=clothing&qid=1763310750&sr=8-130,Clothing,2025-11-16 16:32:32
B0D66JKMV6,SAMPEEL,SAMPEEL,12.,12.,N/A,4.4 out of 5 stars,0,No,SAMPEEL,https://www.amazon.com/SAMPEEL-Outfits-Sleeve-Shirts-Sweaters/dp/B0D66JKMV6/ref=sr_1_131?dib=eyJ2IjoiMSJ9.GJAVK5wiXBAk7cMBynwIc-rW2Z9aqdUoA7iQq309QZ9l34K8mNeRCVZhIATP7Qfj-hSSTzpTeBsUy3h34SM3D0OFEqKXDs_C6-KSRNUFgRxozF4Y7S9eWy4fbLcf_ZMAq-vKtnQa51jaRTElkWvSHELbxSC9spt6EEUdOSl3AR_BAj5ok6TgAV4_XskOBsoHcXAHbbmp-Vy8VNBpYm2Kj-BrEvZ0uM-t6zDFRTC4i41DqCvK9gi3xLdMoS7TqZvh9sLZF21d0rwA2NDoICgdFJLCanXHh_LuKrkEnmVSx-0.1jW98tomoRR878ohc6br_GL3yrHC61_0pOY3S-uAQ9g&dib_tag=se&keywords=clothing&qid=1763310750&sr=8-131,Clothing,2025-11-16 16:32:32
B0F9FL65YS,SAMPEEL,SAMPEEL,9.,$19.99,N/A,4.4 out of 5 stars,0,No,SAMPEEL,https://www.amazon.com/Sampeel-Christmas-Sweaters-Clothing-Teachers/dp/B0F9FL65YS/ref=sr_1_132?dib=eyJ2IjoiMSJ9.GJAVK5wiXBAk7cMBynwIc-rW2Z9aqdUoA7iQq309QZ9l34K8mNeRCVZhIATP7Qfj-hSSTzpTeBsUy3h34SM3D0OFEqKXDs_C6-KSRNUFgRxozF4Y7S9eWy4fbLcf_ZMAq-vKtnQa51jaRTElkWvSHELbxSC9spt6EEUdOSl3AR_BAj5ok6TgAV4_XskOBsoHcXAHbbmp-Vy8VNBpYm2Kj-BrEvZ0uM-t6zDFRTC4i41DqCvK9gi3xLdMoS7TqZvh9sLZF21d0rwA2NDoICgdFJLCanXHh_LuKrkEnmVSx-0.1jW98tomoRR878ohc6br_GL3yrHC61_0pOY3S-uAQ9g&dib_tag=se&keywords=clothing&qid=1763310750&sr=8-132,Clothing,2025-11-16 16:32:32
B0CHY1LD6N,SHEWIN,SHEWIN,26.,$32.99,N/A,4.3 out of 5 stars,0,No,SHEWIN,https://www.amazon.com/SHEWIN-Oversized-Sweatshirts-Drawstring-Lightweight/dp/B0CHY1LD6N/ref=sr_1_133?dib=eyJ2IjoiMSJ9.GJAVK5wiXBAk7cMBynwIc-rW2Z9aqdUoA7iQq309QZ9l34K8mNeRCVZhIATP7Qfj-hSSTzpTeBsUy3h34SM3D0OFEqKXDs_C6-KSRNUFgRxozF4Y7S9eWy4fbLcf_ZMAq-vKtnQa51jaRTElkWvSHELbxSC9spt6EEUdOSl3AR_BAj5ok6TgAV4_XskOBsoHcXAHbbmp-Vy8VNBpYm2Kj-BrEvZ0uM-t6zDFRTC4i41DqCvK9gi3xLdMoS7TqZvh9sLZF21d0rwA2NDoICgdFJLCanXHh_LuKrkEnmVSx-0.1jW98tomoRR878ohc6br_GL3yrHC61_0pOY3S-uAQ9g&dib_tag=se&keywords=clothing&qid=1763310750&sr=8-133,Clothing,2025-11-16 16:32:32
B0FBRZRZD9,Zeagoo,Zeagoo,14.,$19.99,N/A,4.2 out of 5 stars,0,No,Zeagoo,https://www.amazon.com/Zeagoo-Trendy-Blouses-Tshirts-Clothing/dp/B0FBRZRZD9/ref=sr_1_134?dib=eyJ2IjoiMSJ9.GJAVK5wiXBAk7cMBynwIc-rW2Z9aqdUoA7iQq309QZ9l34K8mNeRCVZhIATP7Qfj-hSSTzpTeBsUy3h34SM3D0OFEqKXDs_C6-KSRNUFgRxozF4Y7S9eWy4fbLcf_ZMAq-vKtnQa51jaRTElkWvSHELbxSC9spt6EEUdOSl3AR_BAj5ok6TgAV4_XskOBsoHcXAHbbmp-Vy8VNBpYm2Kj-BrEvZ0uM-t6zDFRTC4i41DqCvK9gi3xLdMoS7TqZvh9sLZF21d0rwA2NDoICgdFJLCanXHh_LuKrkEnmVSx-0.1jW98tomoRR878ohc6br_GL3yrHC61_0pOY3S-uAQ9g&dib_tag=se&keywords=clothing&qid=1763310750&sr=8-134,Clothing,2025-11-16 16:32:32
B000KGOHLM,Carhartt,Carhartt,19.,19.,N/A,4.8 out of 5 stars,0,No,Carhartt,https://www.amazon.com/Carhartt-Mens-Acrylic-Watch-Heather/dp/B000KGOHLM/ref=sr_1_135?dib=eyJ2IjoiMSJ9.GJAVK5wiXBAk7cMBynwIc-rW2Z9aqdUoA7iQq309QZ9l34K8mNeRCVZhIATP7Qfj-hSSTzpTeBsUy3h34SM3D0OFEqKXDs_C6-KSRNUFgRxozF4Y7S9eWy4fbLcf_ZMAq-vKtnQa51jaRTElkWvSHELbxSC9spt6EEUdOSl3AR_BAj5ok6TgAV4_XskOBsoHcXAHbbmp-Vy8VNBpYm2Kj-BrEvZ0uM-t6zDFRTC4i41DqCvK9gi3xLdMoS7TqZvh9sLZF21d0rwA2NDoICgdFJLCanXHh_LuKrkEnmVSx-0.1jW98tomoRR878ohc6br_GL3yrHC61_0pOY3S-uAQ9g&dib_tag=se&keywords=clothing&qid=1763310750&sr=8-135,Clothing,2025-11-16 16:32:32
B07B6FD1H3,Lee,Lee,23.,$36.90,N/A,4.4 out of 5 stars,0,No,Lee,https://www.amazon.com/LEE-Womens-Regular-Bootcut-Majestic/dp/B07B6FD1H3/ref=sr_1_136?dib=eyJ2IjoiMSJ9.GJAVK5wiXBAk7cMBynwIc-rW2Z9aqdUoA7iQq309QZ9l34K8mNeRCVZhIATP7Qfj-hSSTzpTeBsUy3h34SM3D0OFEqKXDs_C6-KSRNUFgRxozF4Y7S9eWy4fbLcf_ZMAq-vKtnQa51jaRTElkWvSHELbxSC9spt6EEUdOSl3AR_BAj5ok6TgAV4_XskOBsoHcXAHbbmp-Vy8VNBpYm2Kj-BrEvZ0uM-t6zDFRTC4i41DqCvK9gi3xLdMoS7TqZvh9sLZF21d0rwA2NDoICgdFJLCanXHh_LuKrkEnmVSx-0.1jW98tomoRR878ohc6br_GL3yrHC61_0pOY3S-uAQ9g&dib_tag=se&keywords=clothing&qid=1763310750&sr=8-136,Clothing,2025-11-16 16:32:32
B0FGX8DQRW,AIZHINENG,AIZHINENG,5.,$15.99,N/A,4.4 out of 5 stars,0,No,AIZHINENG,https://www.amazon.com/AIZHINENG-Crewneck-Stretch-Workout-T-Shirts/dp/B0FGX8DQRW/ref=sr_1_137?dib=eyJ2IjoiMSJ9.GJAVK5wiXBAk7cMBynwIc-rW2Z9aqdUoA7iQq309QZ9l34K8mNeRCVZhIATP7Qfj-hSSTzpTeBsUy3h34SM3D0OFEqKXDs_C6-KSRNUFgRxozF4Y7S9eWy4fbLcf_ZMAq-vKtnQa51jaRTElkWvSHELbxSC9spt6EEUdOSl3AR_BAj5ok6TgAV4_XskOBsoHcXAHbbmp-Vy8VNBpYm2Kj-BrEvZ0uM-t6zDFRTC4i41DqCvK9gi3xLdMoS7TqZvh9sLZF21d0rwA2NDoICgdFJLCanXHh_LuKrkEnmVSx-0.1jW98tomoRR878ohc6br_GL3yrHC61_0pOY3S-uAQ9g&dib_tag=se&keywords=clothing&qid=1763310750&sr=8-137,Clothing,2025-11-16 16:32:32
B07GFPVS2M,Gerber,Gerber,16.,16.,N/A,4.8 out of 5 stars,0,No,Gerber,https://www.amazon.com/Gerber-8-Pack-Short-Sleeve-Onesies-Bodysuit/dp/B07GFPVS2M/ref=sr_1_138?dib=eyJ2IjoiMSJ9.GJAVK5wiXBAk7cMBynwIc-rW2Z9aqdUoA7iQq309QZ9l34K8mNeRCVZhIATP7Qfj-hSSTzpTeBsUy3h34SM3D0OFEqKXDs_C6-KSRNUFgRxozF4Y7S9eWy4fbLcf_ZMAq-vKtnQa51jaRTElkWvSHELbxSC9spt6EEUdOSl3AR_BAj5ok6TgAV4_XskOBsoHcXAHbbmp-Vy8VNBpYm2Kj-BrEvZ0uM-t6zDFRTC4i41DqCvK9gi3xLdMoS7TqZvh9sLZF21d0rwA2NDoICgdFJLCanXHh_LuKrkEnmVSx-0.1jW98tomoRR878ohc6br_GL3yrHC61_0pOY3S-uAQ9g&dib_tag=se&keywords=clothing&qid=1763310750&sr=8-138,Clothing,2025-11-16 16:32:32
B0F9PFH8WJ,WIHOLL,WIHOLL,23.,$34.99,N/A,4.3 out of 5 stars,0,No,WIHOLL,https://www.amazon.com/WIHOLL-Chocolate-Sweatsuits-Teachers-Matching/dp/B0F9PFH8WJ/ref=sr_1_139?dib=eyJ2IjoiMSJ9.GJAVK5wiXBAk7cMBynwIc-rW2Z9aqdUoA7iQq309QZ9l34K8mNeRCVZhIATP7Qfj-hSSTzpTeBsUy3h34SM3D0OFEqKXDs_C6-KSRNUFgRxozF4Y7S9eWy4fbLcf_ZMAq-vKtnQa51jaRTElkWvSHELbxSC9spt6EEUdOSl3AR_BAj5ok6TgAV4_XskOBsoHcXAHbbmp-Vy8VNBpYm2Kj-BrEvZ0uM-t6zDFRTC4i41DqCvK9gi3xLdMoS7TqZvh9sLZF21d0rwA2NDoICgdFJLCanXHh_LuKrkEnmVSx-0.1jW98tomoRR878ohc6br_GL3yrHC61_0pOY3S-uAQ9g&dib_tag=se&keywords=clothing&qid=1763310750&sr=8-139,Clothing,2025-11-16 16:32:32
B0CQCH46RL,Verdusa,Verdusa,27.,27.,N/A,4.2 out of 5 stars,0,No,Verdusa,https://www.amazon.com/Verdusa-Womens-Lettuce-Floral-Sleeve/dp/B0CQCH46RL/ref=sr_1_140?dib=eyJ2IjoiMSJ9.GJAVK5wiXBAk7cMBynwIc-rW2Z9aqdUoA7iQq309QZ9l34K8mNeRCVZhIATP7Qfj-hSSTzpTeBsUy3h34SM3D0OFEqKXDs_C6-KSRNUFgRxozF4Y7S9eWy4fbLcf_ZMAq-vKtnQa51jaRTElkWvSHELbxSC9spt6EEUdOSl3AR_BAj5ok6TgAV4_XskOBsoHcXAHbbmp-Vy8VNBpYm2Kj-BrEvZ0uM-t6zDFRTC4i41DqCvK9gi3xLdMoS7TqZvh9sLZF21d0rwA2NDoICgdFJLCanXHh_LuKrkEnmVSx-0.1jW98tomoRR878ohc6br_GL3yrHC61_0pOY3S-uAQ9g&dib_tag=se&keywords=clothing&qid=1763310750&sr=8-140,Clothing,2025-11-16 16:32:32
B01AK995X8,Hanes,Hanes,9.,$21.00,N/A,4.2 out of 5 stars,0,No,Hanes,https://www.amazon.com/Hanes-Jersey-Light-Steel-X-Large/dp/B01AK995X8/ref=sr_1_141?dib=eyJ2IjoiMSJ9.GJAVK5wiXBAk7cMBynwIc-rW2Z9aqdUoA7iQq309QZ9l34K8mNeRCVZhIATP7Qfj-hSSTzpTeBsUy3h34SM3D0OFEqKXDs_C6-KSRNUFgRxozF4Y7S9eWy4fbLcf_ZMAq-vKtnQa51jaRTElkWvSHELbxSC9spt6EEUdOSl3AR_BAj5ok6TgAV4_XskOBsoHcXAHbbmp-Vy8VNBpYm2Kj-BrEvZ0uM-t6zDFRTC4i41DqCvK9gi3xLdMoS7TqZvh9sLZF21d0rwA2NDoICgdFJLCanXHh_LuKrkEnmVSx-0.1jW98tomoRR878ohc6br_GL3yrHC61_0pOY3S-uAQ9g&dib_tag=se&keywords=clothing&qid=1763310750&sr=8-141,Clothing,2025-11-16 16:32:32
B0DZ62PGHF,ATHMILE,ATHMILE,9.,$19.99,N/A,4.4 out of 5 stars,0,No,ATHMILE,https://www.amazon.com/ATHMILE-Pleated-Fashion-Lightweight-Outfits/dp/B0DZ62PGHF/ref=sr_1_142?dib=eyJ2IjoiMSJ9.GJAVK5wiXBAk7cMBynwIc-rW2Z9aqdUoA7iQq309QZ9l34K8mNeRCVZhIATP7Qfj-hSSTzpTeBsUy3h34SM3D0OFEqKXDs_C6-KSRNUFgRxozF4Y7S9eWy4fbLcf_ZMAq-vKtnQa51jaRTElkWvSHELbxSC9spt6EEUdOSl3AR_BAj5ok6TgAV4_XskOBsoHcXAHbbmp-Vy8VNBpYm2Kj-BrEvZ0uM-t6zDFRTC4i41DqCvK9gi3xLdMoS7TqZvh9sLZF21d0rwA2NDoICgdFJLCanXHh_LuKrkEnmVSx-0.1jW98tomoRR878ohc6br_GL3yrHC61_0pOY3S-uAQ9g&dib_tag=se&keywords=clothing&qid=1763310750&sr=8-142,Clothing,2025-11-16 16:32:32
B0D4ZDZL1P,AUTOMET,AUTOMET,14.,14.,N/A,4.4 out of 5 stars,0,No,AUTOMET,https://www.amazon.com/AUTOMET-Business-Fashion-Outfits-Clothes/dp/B0D4ZDZL1P/ref=sr_1_143?dib=eyJ2IjoiMSJ9.GJAVK5wiXBAk7cMBynwIc-rW2Z9aqdUoA7iQq309QZ9l34K8mNeRCVZhIATP7Qfj-hSSTzpTeBsUy3h34SM3D0OFEqKXDs_C6-KSRNUFgRxozF4Y7S9eWy4fbLcf_ZMAq-vKtnQa51jaRTElkWvSHELbxSC9spt6EEUdOSl3AR_BAj5ok6TgAV4_XskOBsoHcXAHbbmp-Vy8VNBpYm2Kj-BrEvZ0uM-t6zDFRTC4i41DqCvK9gi3xLdMoS7TqZvh9sLZF21d0rwA2NDoICgdFJLCanXHh_LuKrkEnmVSx-0.1jW98tomoRR878ohc6br_GL3yrHC61_0pOY3S-uAQ9g&dib_tag=se&keywords=clothing&qid=1763310750&sr=8-143,Clothing,2025-11-16 16:32:32
B09QQ68CTQ,Amazon Essentials,Amazon Essentials,12.,12.,N/A,4.4 out of 5 stars,0,No,Amazon Essentials,https://www.amazon.com/Amazon-Essentials-Fleece-Sweatpant-Heather/dp/B09QQ68CTQ/ref=sr_1_144?dib=eyJ2IjoiMSJ9.GJAVK5wiXBAk7cMBynwIc-rW2Z9aqdUoA7iQq309QZ9l34K8mNeRCVZhIATP7Qfj-hSSTzpTeBsUy3h34SM3D0OFEqKXDs_C6-KSRNUFgRxozF4Y7S9eWy4fbLcf_ZMAq-vKtnQa51jaRTElkWvSHELbxSC9spt6EEUdOSl3AR_BAj5ok6TgAV4_XskOBsoHcXAHbbmp-Vy8VNBpYm2Kj-BrEvZ0uM-t6zDFRTC4i41DqCvK9gi3xLdMoS7TqZvh9sLZF21d0rwA2NDoICgdFJLCanXHh_LuKrkEnmVSx-0.1jW98tomoRR878ohc6br_GL3yrHC61_0pOY3S-uAQ9g&dib_tag=se&keywords=clothing&qid=1763310750&sr=8-144,Clothing,2025-11-16 16:32:32
B0F2F76V13,Trendy Queen,Safer chemicals,14.,14.,N/A,4.5 out of 5 stars,0,No,Trendy Queen,https://www.amazon.com/Trendy-Queen-Shoulder-Concert-Fashion/dp/B0F2F76V13/ref=mp_s_a_1_81?dib=eyJ2IjoiMSJ9.Vm1wlm4wSRqcsGJSX6CtggmQtUmPCqa1ayhMoXpMudeGFVaq-fFGOrITtw6pvBkOOVnj_kq83qQZq7WtQkmerDY_kQxf-BrbS5-s8VXxWW5C2swa9x8MfEd9LqRgwogBHln3dwlHgA1nzUvgac7L4l1riJd4wifLn_3_j8A1BD-4JhjOewygdmGJLQBXItAZ8hPTWofgN1hL785sl8Gm8Mk3RTSJNW1DqmhIBQGPZGIPxyV8oeE_NPBUAZ6Nz5AHJ4ceux70nuPNE2DaKaBN6dyWbLfmzTzgRvHuQra83oA.y6ks8REKR0dUNwu_sMCk4eUoRv64Hg5So6lnOzSaICA&dib_tag=se&keywords=clothing&qid=1763310761&sr=8-81,Clothing,2025-11-16 16:32:43
B0CTQ25W4F,QINSEN,N/A,18.,18.,,4.2 out of 5 stars,0,No,QINSEN,https://www.amazon.com/QINSEN-Womens-Square-Sleeveless-Double-Layer/dp/B0CTQ25W4F/ref=mp_s_a_1_82?dib=eyJ2IjoiMSJ9.Vm1wlm4wSRqcsGJSX6CtggmQtUmPCqa1ayhMoXpMudeGFVaq-fFGOrITtw6pvBkOOVnj_kq83qQZq7WtQkmerDY_kQxf-BrbS5-s8VXxWW5C2swa9x8MfEd9LqRgwogBHln3dwlHgA1nzUvgac7L4l1riJd4wifLn_3_j8A1BD-4JhjOewygdmGJLQBXItAZ8hPTWofgN1hL785sl8Gm8Mk3RTSJNW1DqmhIBQGPZGIPxyV8oeE_NPBUAZ6Nz5AHJ4ceux70nuPNE2DaKaBN6dyWbLfmzTzgRvHuQra83oA.y6ks8REKR0dUNwu_sMCk4eUoRv64Hg5So6lnOzSaICA&dib_tag=se&keywords=clothing&qid=1763310761&sr=8-82,Clothing,2025-11-16 16:32:43
B07QPQLWYB,Gerber,N/A,10.,10.,,4.8 out of 5 stars,0,No,Gerber,https://www.amazon.com/GERBER-Variety-Onesies-Bodysuits-Princess/dp/B07QPQLWYB/ref=mp_s_a_1_83?dib=eyJ2IjoiMSJ9.Vm1wlm4wSRqcsGJSX6CtggmQtUmPCqa1ayhMoXpMudeGFVaq-fFGOrITtw6pvBkOOVnj_kq83qQZq7WtQkmerDY_kQxf-BrbS5-s8VXxWW5C2swa9x8MfEd9LqRgwogBHln3dwlHgA1nzUvgac7L4l1riJd4wifLn_3_j8A1BD-4JhjOewygdmGJLQBXItAZ8hPTWofgN1hL785sl8Gm8Mk3RTSJNW1DqmhIBQGPZGIPxyV8oeE_NPBUAZ6Nz5AHJ4ceux70nuPNE2DaKaBN6dyWbLfmzTzgRvHuQra83oA.y6ks8REKR0dUNwu_sMCk4eUoRv64Hg5So6lnOzSaICA&dib_tag=se&keywords=clothing&qid=1763310761&sr=8-83,Clothing,2025-11-16 16:32:43
B0BQRS6Q26,AUTOMET,Safer chemicals,19.,19.,,4.4 out of 5 stars,0,No,AUTOMET,https://www.amazon.com/AUTOMET-Jumpsuits-Overalls-Rompers-Fashion/dp/B0BQRS6Q26/ref=mp_s_a_1_84?dib=eyJ2IjoiMSJ9.Vm1wlm4wSRqcsGJSX6CtggmQtUmPCqa1ayhMoXpMudeGFVaq-fFGOrITtw6pvBkOOVnj_kq83qQZq7WtQkmerDY_kQxf-BrbS5-s8VXxWW5C2swa9x8MfEd9LqRgwogBHln3dwlHgA1nzUvgac7L4l1riJd4wifLn_3_j8A1BD-4JhjOewygdmGJLQBXItAZ8hPTWofgN1hL785sl8Gm8Mk3RTSJNW1DqmhIBQGPZGIPxyV8oeE_NPBUAZ6Nz5AHJ4ceux70nuPNE2DaKaBN6dyWbLfmzTzgRvHuQra83oA.y6ks8REKR0dUNwu_sMCk4eUoRv64Hg5So6lnOzSaICA&dib_tag=se&keywords=clothing&qid=1763310761&sr=8-84,Clothing,2025-11-16 16:32:43
B0F9NQ8LLH,OFEEFAN,N/A,9.,9.,,4.4 out of 5 stars,0,No,OFEEFAN,https://www.amazon.com/OFEEFAN-Womens-Blouses-Clothes-Striped/dp/B0F9NQ8LLH/ref=mp_s_a_1_85?dib=eyJ2IjoiMSJ9.Vm1wlm4wSRqcsGJSX6CtggmQtUmPCqa1ayhMoXpMudeGFVaq-fFGOrITtw6pvBkOOVnj_kq83qQZq7WtQkmerDY_kQxf-BrbS5-s8VXxWW5C2swa9x8MfEd9LqRgwogBHln3dwlHgA1nzUvgac7L4l1riJd4wifLn_3_j8A1BD-4JhjOewygdmGJLQBXItAZ8hPTWofgN1hL785sl8Gm8Mk3RTSJNW1DqmhIBQGPZGIPxyV8oeE_NPBUAZ6Nz5AHJ4ceux70nuPNE2DaKaBN6dyWbLfmzTzgRvHuQra83oA.y6ks8REKR0dUNwu_sMCk4eUoRv64Hg5So6lnOzSaICA&dib_tag=se&keywords=clothing&qid=1763310761&sr=8-85,Clothing,2025-11-16 16:32:43
B0169P8XLW,Hanes,N/A,13.,13.,N/A,4.0 out of 5 stars,0,No,Hanes,https://www.amazon.com/Hanes-Womens-Sweatpant-Heather-XX-Large/dp/B0169P8XLW/ref=mp_s_a_1_86?dib=eyJ2IjoiMSJ9.Vm1wlm4wSRqcsGJSX6CtggmQtUmPCqa1ayhMoXpMudeGFVaq-fFGOrITtw6pvBkOOVnj_kq83qQZq7WtQkmerDY_kQxf-BrbS5-s8VXxWW5C2swa9x8MfEd9LqRgwogBHln3dwlHgA1nzUvgac7L4l1riJd4wifLn_3_j8A1BD-4JhjOewygdmGJLQBXItAZ8hPTWofgN1hL785sl8Gm8Mk3RTSJNW1DqmhIBQGPZGIPxyV8oeE_NPBUAZ6Nz5AHJ4ceux70nuPNE2DaKaBN6dyWbLfmzTzgRvHuQra83oA.y6ks8REKR0dUNwu_sMCk4eUoRv64Hg5So6lnOzSaICA&dib_tag=se&keywords=clothing&qid=1763310761&sr=8-86,Clothing,2025-11-16 16:32:43
