asin,product_name,watch_type,brand,material,current_price,original_price,discount,rating,review_count,prime_eligible,delivery_info,bestseller_badge,product_url,category,scraped_at
B0CGX3KN95,LN LENQIN,Wrist Watch,N/A,N/A,9.,9.,,4.2 out of 5 stars,0,No,N/A,Overall Pick,https://www.amazon.com/LN-LENQIN-Military-Waterproof-Wristwatch/dp/B0CGX3KN95/ref=mp_s_a_1_1?dib=eyJ2IjoiMSJ9.fz_4NC2KPB5-JSzw7SBP1B0fh2vkACReEUmsTwGe8qhpmBEvbN6vDmcihMANWIOPO0fBmuXTPEhFwnrL_vPpk0Eukxe9_ieKH8mXUPVm5XHfCvPLRbQkv8vKtcarQNs6sDE-GChSyRRLPOkc_CO8iv1cQfR_3PcHYySYMnyGDCpJ52sX_eoVSH7BkxEsZ9d7y52XX_SvLzaq6I4C3AQEGDj9D2Y3edUl76AzetMlWBjt-ePTMa7FHy-2It6hf5r8_n3ZtKYdOge66B9rU68FcmzPLsTDKxtXtBmOJxK3YTQ.yA8diZRq6c9wn7bSlONYrthSVOTtQlv3XEqGuni44Ac&dib_tag=se&keywords=watches&qid=1763312637&sr=8-1,Watches,2025-11-16 17:03:59
B0053HBJBE,Casio,Wrist Watch,N/A,N/A,21.,21.,,4.6 out of 5 stars,0,No,N/A,N/A,https://www.amazon.com/Casio-F108WH-Illuminator-Collection-Digital/dp/B0053HBJBE/ref=mp_s_a_1_2?dib=eyJ2IjoiMSJ9.fz_4NC2KPB5-JSzw7SBP1B0fh2vkACReEUmsTwGe8qhpmBEvbN6vDmcihMANWIOPO0fBmuXTPEhFwnrL_vPpk0Eukxe9_ieKH8mXUPVm5XHfCvPLRbQkv8vKtcarQNs6sDE-GChSyRRLPOkc_CO8iv1cQfR_3PcHYySYMnyGDCpJ52sX_eoVSH7BkxEsZ9d7y52XX_SvLzaq6I4C3AQEGDj9D2Y3edUl76AzetMlWBjt-ePTMa7FHy-2It6hf5r8_n3ZtKYdOge66B9rU68FcmzPLsTDKxtXtBmOJxK3YTQ.yA8diZRq6c9wn7bSlONYrthSVOTtQlv3XEqGuni44Ac&dib_tag=se&keywords=watches&qid=1763312637&sr=8-2,Watches,2025-11-16 17:03:59
B0FMDNQT8K,MIN BEE,Wrist Watch,N/A,N/A,38.,38.,N/A,3.9 out of 5 stars,0,No,N/A,N/A,https://www.amazon.com/MIN-BEE-Digital-Display-Reader/dp/B0FMDNQT8K/ref=mp_s_a_1_3?dib=eyJ2IjoiMSJ9.fz_4NC2KPB5-JSzw7SBP1B0fh2vkACReEUmsTwGe8qhpmBEvbN6vDmcihMANWIOPO0fBmuXTPEhFwnrL_vPpk0Eukxe9_ieKH8mXUPVm5XHfCvPLRbQkv8vKtcarQNs6sDE-GChSyRRLPOkc_CO8iv1cQfR_3PcHYySYMnyGDCpJ52sX_eoVSH7BkxEsZ9d7y52XX_SvLzaq6I4C3AQEGDj9D2Y3edUl76AzetMlWBjt-ePTMa7FHy-2It6hf5r8_n3ZtKYdOge66B9rU68FcmzPLsTDKxtXtBmOJxK3YTQ.yA8diZRq6c9wn7bSlONYrthSVOTtQlv3XEqGuni44Ac&dib_tag=se&keywords=watches&qid=1763312637&sr=8-3,Watches,2025-11-16 17:03:59
B09RTP5NK7,Timex,Wrist Watch,N/A,N/A,32.,32.,,4.5 out of 5 stars,0,No,N/A,Ends in 14:56:00,https://www.amazon.com/Timex-Unisex-Weekender-38mm-Watch/dp/B09RTP5NK7/ref=mp_s_a_1_4?dib=eyJ2IjoiMSJ9.fz_4NC2KPB5-JSzw7SBP1B0fh2vkACReEUmsTwGe8qhpmBEvbN6vDmcihMANWIOPO0fBmuXTPEhFwnrL_vPpk0Eukxe9_ieKH8mXUPVm5XHfCvPLRbQkv8vKtcarQNs6sDE-GChSyRRLPOkc_CO8iv1cQfR_3PcHYySYMnyGDCpJ52sX_eoVSH7BkxEsZ9d7y52XX_SvLzaq6I4C3AQEGDj9D2Y3edUl76AzetMlWBjt-ePTMa7FHy-2It6hf5r8_n3ZtKYdOge66B9rU68FcmzPLsTDKxtXtBmOJxK3YTQ.yA8diZRq6c9wn7bSlONYrthSVOTtQlv3XEqGuni44Ac&dib_tag=se&keywords=watches&qid=1763312637&sr=8-4,Watches,2025-11-16 17:03:59
B000GAYQJ0,Casio,Wrist Watch,N/A,N/A,25.,25.,,4.6 out of 5 stars,0,No,N/A,N/A,https://www.amazon.com/Casio-A158WA-1-Water-Resistant-Digital/dp/B000GAYQJ0/ref=mp_s_a_1_5?dib=eyJ2IjoiMSJ9.fz_4NC2KPB5-JSzw7SBP1B0fh2vkACReEUmsTwGe8qhpmBEvbN6vDmcihMANWIOPO0fBmuXTPEhFwnrL_vPpk0Eukxe9_ieKH8mXUPVm5XHfCvPLRbQkv8vKtcarQNs6sDE-GChSyRRLPOkc_CO8iv1cQfR_3PcHYySYMnyGDCpJ52sX_eoVSH7BkxEsZ9d7y52XX_SvLzaq6I4C3AQEGDj9D2Y3edUl76AzetMlWBjt-ePTMa7FHy-2It6hf5r8_n3ZtKYdOge66B9rU68FcmzPLsTDKxtXtBmOJxK3YTQ.yA8diZRq6c9wn7bSlONYrthSVOTtQlv3XEqGuni44Ac&dib_tag=se&keywords=watches&qid=1763312637&sr=8-5,Watches,2025-11-16 17:03:59
B0CSVDYW2X,TWOPTION,Wrist Watch,N/A,N/A,9.,9.,N/A,4.3 out of 5 stars,0,No,N/A,N/A,https://www.amazon.com/TWOPTION-Nurse-Waterproof-Silicone-Essentials/dp/B0CSVDYW2X/ref=mp_s_a_1_6?dib=eyJ2IjoiMSJ9.fz_4NC2KPB5-JSzw7SBP1B0fh2vkACReEUmsTwGe8qhpmBEvbN6vDmcihMANWIOPO0fBmuXTPEhFwnrL_vPpk0Eukxe9_ieKH8mXUPVm5XHfCvPLRbQkv8vKtcarQNs6sDE-GChSyRRLPOkc_CO8iv1cQfR_3PcHYySYMnyGDCpJ52sX_eoVSH7BkxEsZ9d7y52XX_SvLzaq6I4C3AQEGDj9D2Y3edUl76AzetMlWBjt-ePTMa7FHy-2It6hf5r8_n3ZtKYdOge66B9rU68FcmzPLsTDKxtXtBmOJxK3YTQ.yA8diZRq6c9wn7bSlONYrthSVOTtQlv3XEqGuni44Ac&dib_tag=se&keywords=watches&qid=1763312637&sr=8-6,Watches,2025-11-16 17:03:59
B0FZ9MK5RQ,Paukila,Wrist Watch,N/A,N/A,19.,19.,N/A,5.0 out of 5 stars,0,No,N/A,N/A,https://www.amazon.com/Paukila-Smart-Watch-Fitness-Tracker/dp/B0FZ9MK5RQ/ref=mp_s_a_1_7?dib=eyJ2IjoiMSJ9.fz_4NC2KPB5-JSzw7SBP1B0fh2vkACReEUmsTwGe8qhpmBEvbN6vDmcihMANWIOPO0fBmuXTPEhFwnrL_vPpk0Eukxe9_ieKH8mXUPVm5XHfCvPLRbQkv8vKtcarQNs6sDE-GChSyRRLPOkc_CO8iv1cQfR_3PcHYySYMnyGDCpJ52sX_eoVSH7BkxEsZ9d7y52XX_SvLzaq6I4C3AQEGDj9D2Y3edUl76AzetMlWBjt-ePTMa7FHy-2It6hf5r8_n3ZtKYdOge66B9rU68FcmzPLsTDKxtXtBmOJxK3YTQ.yA8diZRq6c9wn7bSlONYrthSVOTtQlv3XEqGuni44Ac&dib_tag=se&keywords=watches&qid=1763312637&sr=8-7,Watches,2025-11-16 17:03:59
B0CHJKD9RR,LN LENQIN,Wrist Watch,N/A,N/A,9.,9.,,4.1 out of 5 stars,0,No,N/A,N/A,https://www.amazon.com/LN-LENQIN-Stainless-Waterproof-Luminous/dp/B0CHJKD9RR/ref=mp_s_a_1_8?dib=eyJ2IjoiMSJ9.fz_4NC2KPB5-JSzw7SBP1B0fh2vkACReEUmsTwGe8qhpmBEvbN6vDmcihMANWIOPO0fBmuXTPEhFwnrL_vPpk0Eukxe9_ieKH8mXUPVm5XHfCvPLRbQkv8vKtcarQNs6sDE-GChSyRRLPOkc_CO8iv1cQfR_3PcHYySYMnyGDCpJ52sX_eoVSH7BkxEsZ9d7y52XX_SvLzaq6I4C3AQEGDj9D2Y3edUl76AzetMlWBjt-ePTMa7FHy-2It6hf5r8_n3ZtKYdOge66B9rU68FcmzPLsTDKxtXtBmOJxK3YTQ.yA8diZRq6c9wn7bSlONYrthSVOTtQlv3XEqGuni44Ac&dib_tag=se&keywords=watches&qid=1763312637&sr=8-8,Watches,2025-11-16 17:03:59
B0DSBWB3V1,LN LENQIN,Wrist Watch,N/A,N/A,9.,9.,,4.1 out of 5 stars,0,No,N/A,N/A,https://www.amazon.com/LN-LENQIN-Waterproof-Stainless-Wristwatch/dp/B0DSBWB3V1/ref=mp_s_a_1_9?dib=eyJ2IjoiMSJ9.fz_4NC2KPB5-JSzw7SBP1B0fh2vkACReEUmsTwGe8qhpmBEvbN6vDmcihMANWIOPO0fBmuXTPEhFwnrL_vPpk0Eukxe9_ieKH8mXUPVm5XHfCvPLRbQkv8vKtcarQNs6sDE-GChSyRRLPOkc_CO8iv1cQfR_3PcHYySYMnyGDCpJ52sX_eoVSH7BkxEsZ9d7y52XX_SvLzaq6I4C3AQEGDj9D2Y3edUl76AzetMlWBjt-ePTMa7FHy-2It6hf5r8_n3ZtKYdOge66B9rU68FcmzPLsTDKxtXtBmOJxK3YTQ.yA8diZRq6c9wn7bSlONYrthSVOTtQlv3XEqGuni44Ac&dib_tag=se&keywords=watches&qid=1763312637&sr=8-9,Watches,2025-11-16 17:03:59
B000GAWSDG,Casio,Wrist Watch,N/A,N/A,21.,21.,,4.5 out of 5 stars,0,No,N/A,N/A,https://www.amazon.com/Casio-F91W-1-Classic-Resin-Digital/dp/B000GAWSDG/ref=mp_s_a_1_10?dib=eyJ2IjoiMSJ9.fz_4NC2KPB5-JSzw7SBP1B0fh2vkACReEUmsTwGe8qhpmBEvbN6vDmcihMANWIOPO0fBmuXTPEhFwnrL_vPpk0Eukxe9_ieKH8mXUPVm5XHfCvPLRbQkv8vKtcarQNs6sDE-GChSyRRLPOkc_CO8iv1cQfR_3PcHYySYMnyGDCpJ52sX_eoVSH7BkxEsZ9d7y52XX_SvLzaq6I4C3AQEGDj9D2Y3edUl76AzetMlWBjt-ePTMa7FHy-2It6hf5r8_n3ZtKYdOge66B9rU68FcmzPLsTDKxtXtBmOJxK3YTQ.yA8diZRq6c9wn7bSlONYrthSVOTtQlv3XEqGuni44Ac&dib_tag=se&keywords=watches&qid=1763312637&sr=8-10,Watches,2025-11-16 17:03:59
B001SQLI9C,Fossil,Wrist Watch,N/A,N/A,97.,97.,,4.6 out of 5 stars,0,No,N/A,N/A,https://www.amazon.com/Fossil-Quartz-Stainless-Leather-Casual/dp/B001SQLI9C/ref=mp_s_a_1_11?dib=eyJ2IjoiMSJ9.fz_4NC2KPB5-JSzw7SBP1B0fh2vkACReEUmsTwGe8qhpmBEvbN6vDmcihMANWIOPO0fBmuXTPEhFwnrL_vPpk0Eukxe9_ieKH8mXUPVm5XHfCvPLRbQkv8vKtcarQNs6sDE-GChSyRRLPOkc_CO8iv1cQfR_3PcHYySYMnyGDCpJ52sX_eoVSH7BkxEsZ9d7y52XX_SvLzaq6I4C3AQEGDj9D2Y3edUl76AzetMlWBjt-ePTMa7FHy-2It6hf5r8_n3ZtKYdOge66B9rU68FcmzPLsTDKxtXtBmOJxK3YTQ.yA8diZRq6c9wn7bSlONYrthSVOTtQlv3XEqGuni44Ac&dib_tag=se&keywords=watches&qid=1763312637&sr=8-11,Watches,2025-11-16 17:03:59
B0D7C6CRNC,OLEVS,Wrist Watch,N/A,N/A,42.,42.,N/A,4.4 out of 5 stars,0,No,N/A,N/A,https://www.amazon.com/OLEVS-Waterpoof-Stainless-Multifunction-Chronograph/dp/B0D7C6CRNC/ref=mp_s_a_1_12?dib=eyJ2IjoiMSJ9.fz_4NC2KPB5-JSzw7SBP1B0fh2vkACReEUmsTwGe8qhpmBEvbN6vDmcihMANWIOPO0fBmuXTPEhFwnrL_vPpk0Eukxe9_ieKH8mXUPVm5XHfCvPLRbQkv8vKtcarQNs6sDE-GChSyRRLPOkc_CO8iv1cQfR_3PcHYySYMnyGDCpJ52sX_eoVSH7BkxEsZ9d7y52XX_SvLzaq6I4C3AQEGDj9D2Y3edUl76AzetMlWBjt-ePTMa7FHy-2It6hf5r8_n3ZtKYdOge66B9rU68FcmzPLsTDKxtXtBmOJxK3YTQ.yA8diZRq6c9wn7bSlONYrthSVOTtQlv3XEqGuni44Ac&dib_tag=se&keywords=watches&qid=1763312637&sr=8-12,Watches,2025-11-16 17:03:59
B071DQ3M36,Timex,Wrist Watch,N/A,N/A,37.,37.,,4.4 out of 5 stars,0,No,N/A,N/A,https://www.amazon.com/Timex-TW4B11300-Expedition-Scout-Leather/dp/B071DQ3M36/ref=mp_s_a_1_13?dib=eyJ2IjoiMSJ9.fz_4NC2KPB5-JSzw7SBP1B0fh2vkACReEUmsTwGe8qhpmBEvbN6vDmcihMANWIOPO0fBmuXTPEhFwnrL_vPpk0Eukxe9_ieKH8mXUPVm5XHfCvPLRbQkv8vKtcarQNs6sDE-GChSyRRLPOkc_CO8iv1cQfR_3PcHYySYMnyGDCpJ52sX_eoVSH7BkxEsZ9d7y52XX_SvLzaq6I4C3AQEGDj9D2Y3edUl76AzetMlWBjt-ePTMa7FHy-2It6hf5r8_n3ZtKYdOge66B9rU68FcmzPLsTDKxtXtBmOJxK3YTQ.yA8diZRq6c9wn7bSlONYrthSVOTtQlv3XEqGuni44Ac&dib_tag=se&keywords=watches&qid=1763312637&sr=8-13,Watches,2025-11-16 17:03:59
B085HJ5K7V,L LAVAREDO,Wrist Watch,N/A,N/A,16.,16.,N/A,4.3 out of 5 stars,0,No,N/A,N/A,https://www.amazon.com/Mens-Digital-Watch-Waterproof-Chronograph/dp/B085HJ5K7V/ref=mp_s_a_1_14?dib=eyJ2IjoiMSJ9.fz_4NC2KPB5-JSzw7SBP1B0fh2vkACReEUmsTwGe8qhpmBEvbN6vDmcihMANWIOPO0fBmuXTPEhFwnrL_vPpk0Eukxe9_ieKH8mXUPVm5XHfCvPLRbQkv8vKtcarQNs6sDE-GChSyRRLPOkc_CO8iv1cQfR_3PcHYySYMnyGDCpJ52sX_eoVSH7BkxEsZ9d7y52XX_SvLzaq6I4C3AQEGDj9D2Y3edUl76AzetMlWBjt-ePTMa7FHy-2It6hf5r8_n3ZtKYdOge66B9rU68FcmzPLsTDKxtXtBmOJxK3YTQ.yA8diZRq6c9wn7bSlONYrthSVOTtQlv3XEqGuni44Ac&dib_tag=se&keywords=watches&qid=1763312637&sr=8-14,Watches,2025-11-16 17:03:59
B0194LWHEC,Timex,Wrist Watch,N/A,N/A,50.,50.,N/A,4.5 out of 5 stars,0,No,N/A,N/A,https://www.amazon.com/Timex-Mens-Easy-Reader-Watch/dp/B0194LWHEC/ref=mp_s_a_1_15?dib=eyJ2IjoiMSJ9.fz_4NC2KPB5-JSzw7SBP1B0fh2vkACReEUmsTwGe8qhpmBEvbN6vDmcihMANWIOPO0fBmuXTPEhFwnrL_vPpk0Eukxe9_ieKH8mXUPVm5XHfCvPLRbQkv8vKtcarQNs6sDE-GChSyRRLPOkc_CO8iv1cQfR_3PcHYySYMnyGDCpJ52sX_eoVSH7BkxEsZ9d7y52XX_SvLzaq6I4C3AQEGDj9D2Y3edUl76AzetMlWBjt-ePTMa7FHy-2It6hf5r8_n3ZtKYdOge66B9rU68FcmzPLsTDKxtXtBmOJxK3YTQ.yA8diZRq6c9wn7bSlONYrthSVOTtQlv3XEqGuni44Ac&dib_tag=se&keywords=watches&qid=1763312637&sr=8-15,Watches,2025-11-16 17:03:59
B08TB2XS6V,Nine West,Wrist Watch,N/A,N/A,18.,18.,,4.5 out of 5 stars,0,No,N/A,Ends in 14:56:00,https://www.amazon.com/NINE-WEST-Womens-Japanese-Quartz/dp/B08TB2XS6V/ref=mp_s_a_1_16?dib=eyJ2IjoiMSJ9.fz_4NC2KPB5-JSzw7SBP1B0fh2vkACReEUmsTwGe8qhpmBEvbN6vDmcihMANWIOPO0fBmuXTPEhFwnrL_vPpk0Eukxe9_ieKH8mXUPVm5XHfCvPLRbQkv8vKtcarQNs6sDE-GChSyRRLPOkc_CO8iv1cQfR_3PcHYySYMnyGDCpJ52sX_eoVSH7BkxEsZ9d7y52XX_SvLzaq6I4C3AQEGDj9D2Y3edUl76AzetMlWBjt-ePTMa7FHy-2It6hf5r8_n3ZtKYdOge66B9rU68FcmzPLsTDKxtXtBmOJxK3YTQ.yA8diZRq6c9wn7bSlONYrthSVOTtQlv3XEqGuni44Ac&dib_tag=se&keywords=watches&qid=1763312637&sr=8-16,Watches,2025-11-16 17:03:59
B0094B79PA,Casio,Wrist Watch,N/A,N/A,29.,29.,,4.7 out of 5 stars,0,No,N/A,N/A,https://www.amazon.com/Casio-AE1200WH-1A-World-Multifunction-Watch/dp/B0094B79PA/ref=mp_s_a_1_17?dib=eyJ2IjoiMSJ9.fz_4NC2KPB5-JSzw7SBP1B0fh2vkACReEUmsTwGe8qhpmBEvbN6vDmcihMANWIOPO0fBmuXTPEhFwnrL_vPpk0Eukxe9_ieKH8mXUPVm5XHfCvPLRbQkv8vKtcarQNs6sDE-GChSyRRLPOkc_CO8iv1cQfR_3PcHYySYMnyGDCpJ52sX_eoVSH7BkxEsZ9d7y52XX_SvLzaq6I4C3AQEGDj9D2Y3edUl76AzetMlWBjt-ePTMa7FHy-2It6hf5r8_n3ZtKYdOge66B9rU68FcmzPLsTDKxtXtBmOJxK3YTQ.yA8diZRq6c9wn7bSlONYrthSVOTtQlv3XEqGuni44Ac&dib_tag=se&keywords=watches&qid=1763312637&sr=8-17,Watches,2025-11-16 17:03:59
B00L8TBTXE,Nine West,Wrist Watch,N/A,N/A,19.,19.,,4.4 out of 5 stars,0,No,N/A,Ends in 14:56:00,https://www.amazon.com/Nine-West-NW-1578CHGB-Champagne/dp/B00L8TBTXE/ref=mp_s_a_1_18?dib=eyJ2IjoiMSJ9.fz_4NC2KPB5-JSzw7SBP1B0fh2vkACReEUmsTwGe8qhpmBEvbN6vDmcihMANWIOPO0fBmuXTPEhFwnrL_vPpk0Eukxe9_ieKH8mXUPVm5XHfCvPLRbQkv8vKtcarQNs6sDE-GChSyRRLPOkc_CO8iv1cQfR_3PcHYySYMnyGDCpJ52sX_eoVSH7BkxEsZ9d7y52XX_SvLzaq6I4C3AQEGDj9D2Y3edUl76AzetMlWBjt-ePTMa7FHy-2It6hf5r8_n3ZtKYdOge66B9rU68FcmzPLsTDKxtXtBmOJxK3YTQ.yA8diZRq6c9wn7bSlONYrthSVOTtQlv3XEqGuni44Ac&dib_tag=se&keywords=watches&qid=1763312637&sr=8-18,Watches,2025-11-16 17:03:59
B0CGX3SBJF,HANPOSH,Wrist Watch,N/A,N/A,9.,9.,,4.1 out of 5 stars,0,No,N/A,N/A,https://www.amazon.com/HANPOSH-Military-Stopwatch-Waterproof-Chronograph/dp/B0CGX3SBJF/ref=mp_s_a_1_19?dib=eyJ2IjoiMSJ9.fz_4NC2KPB5-JSzw7SBP1B0fh2vkACReEUmsTwGe8qhpmBEvbN6vDmcihMANWIOPO0fBmuXTPEhFwnrL_vPpk0Eukxe9_ieKH8mXUPVm5XHfCvPLRbQkv8vKtcarQNs6sDE-GChSyRRLPOkc_CO8iv1cQfR_3PcHYySYMnyGDCpJ52sX_eoVSH7BkxEsZ9d7y52XX_SvLzaq6I4C3AQEGDj9D2Y3edUl76AzetMlWBjt-ePTMa7FHy-2It6hf5r8_n3ZtKYdOge66B9rU68FcmzPLsTDKxtXtBmOJxK3YTQ.yA8diZRq6c9wn7bSlONYrthSVOTtQlv3XEqGuni44Ac&dib_tag=se&keywords=watches&qid=1763312637&sr=8-19,Watches,2025-11-16 17:03:59
B08VNH56LY,Casio,Wrist Watch,N/A,N/A,27.,27.,,4.6 out of 5 stars,0,No,N/A,N/A,https://www.amazon.com/Casio-AE-1500WH-8BVCF-10-Year-Battery/dp/B08VNH56LY/ref=mp_s_a_1_20?dib=eyJ2IjoiMSJ9.fz_4NC2KPB5-JSzw7SBP1B0fh2vkACReEUmsTwGe8qhpmBEvbN6vDmcihMANWIOPO0fBmuXTPEhFwnrL_vPpk0Eukxe9_ieKH8mXUPVm5XHfCvPLRbQkv8vKtcarQNs6sDE-GChSyRRLPOkc_CO8iv1cQfR_3PcHYySYMnyGDCpJ52sX_eoVSH7BkxEsZ9d7y52XX_SvLzaq6I4C3AQEGDj9D2Y3edUl76AzetMlWBjt-ePTMa7FHy-2It6hf5r8_n3ZtKYdOge66B9rU68FcmzPLsTDKxtXtBmOJxK3YTQ.yA8diZRq6c9wn7bSlONYrthSVOTtQlv3XEqGuni44Ac&dib_tag=se&keywords=watches&qid=1763312637&sr=8-20,Watches,2025-11-16 17:03:59
B0CSFSS4HT,TWOPTION,Wrist Watch,N/A,N/A,9.,9.,N/A,4.3 out of 5 stars,0,No,N/A,N/A,https://www.amazon.com/TWOPTION-Womens-Leather-Waterproof-Watches/dp/B0CSFSS4HT/ref=mp_s_a_1_41?dib=eyJ2IjoiMSJ9.AxvawtJ12nV_rOr_8TC7JQ4MmCA0eEoflR01tBr4ejBQkyxk0myE-O-RcMaFKWxmlEfNf1Qyce5pPEtBMmZkMSM3hlF0kXjrs7odrI3oYP8PKJ21gQV-R9Nw-Jq1yfaOOB72ulP-us0u3DdN8s2visIlT8dwNdNAluQA8UUdy3ToDn7CO5c7pNSq_GCDWZiDHY8n7DWSQl4JY4yDFWg0Q47L2nGFXLqMt6CEKt5g0xDPir1bPVHIW_doGBS6lT4mSTt1QDoJ44_s0KIu-0FaVxK9x7bx2pDPlb8RkGLCsyA.DsIZITcn0kM3bRGU-5JJpbR7VBUNhSZAcTqP0aY97HM&dib_tag=se&keywords=watches&qid=1763312649&sr=8-41,Watches,2025-11-16 17:04:11
B0DN4KSLRV,LN LENQIN,Wrist Watch,N/A,N/A,9.,9.,,4.2 out of 5 stars,0,No,N/A,N/A,https://www.amazon.com/LN-LENQIN-Stainless-Waterproof-Expansion/dp/B0DN4KSLRV/ref=mp_s_a_1_42?dib=eyJ2IjoiMSJ9.AxvawtJ12nV_rOr_8TC7JQ4MmCA0eEoflR01tBr4ejBQkyxk0myE-O-RcMaFKWxmlEfNf1Qyce5pPEtBMmZkMSM3hlF0kXjrs7odrI3oYP8PKJ21gQV-R9Nw-Jq1yfaOOB72ulP-us0u3DdN8s2visIlT8dwNdNAluQA8UUdy3ToDn7CO5c7pNSq_GCDWZiDHY8n7DWSQl4JY4yDFWg0Q47L2nGFXLqMt6CEKt5g0xDPir1bPVHIW_doGBS6lT4mSTt1QDoJ44_s0KIu-0FaVxK9x7bx2pDPlb8RkGLCsyA.DsIZITcn0kM3bRGU-5JJpbR7VBUNhSZAcTqP0aY97HM&dib_tag=se&keywords=watches&qid=1763312649&sr=8-42,Watches,2025-11-16 17:04:11
B0CLJLK117,AGEN KGEN,Wrist Watch,N/A,N/A,9.,9.,N/A,3.9 out of 5 stars,0,No,N/A,N/A,https://www.amazon.com/AGEN-KGEN-Ultra-Thin-Minimalist-Waterproof/dp/B0CLJLK117/ref=mp_s_a_1_43?dib=eyJ2IjoiMSJ9.AxvawtJ12nV_rOr_8TC7JQ4MmCA0eEoflR01tBr4ejBQkyxk0myE-O-RcMaFKWxmlEfNf1Qyce5pPEtBMmZkMSM3hlF0kXjrs7odrI3oYP8PKJ21gQV-R9Nw-Jq1yfaOOB72ulP-us0u3DdN8s2visIlT8dwNdNAluQA8UUdy3ToDn7CO5c7pNSq_GCDWZiDHY8n7DWSQl4JY4yDFWg0Q47L2nGFXLqMt6CEKt5g0xDPir1bPVHIW_doGBS6lT4mSTt1QDoJ44_s0KIu-0FaVxK9x7bx2pDPlb8RkGLCsyA.DsIZITcn0kM3bRGU-5JJpbR7VBUNhSZAcTqP0aY97HM&dib_tag=se&keywords=watches&qid=1763312649&sr=8-43,Watches,2025-11-16 17:04:11
B0F244SBSF,CIVO,Wrist Watch,N/A,N/A,19.,19.,,4.2 out of 5 stars,0,No,N/A,N/A,https://www.amazon.com/CIVO-Analog-Mens-Watches-Silver/dp/B0F244SBSF/ref=mp_s_a_1_44?dib=eyJ2IjoiMSJ9.AxvawtJ12nV_rOr_8TC7JQ4MmCA0eEoflR01tBr4ejBQkyxk0myE-O-RcMaFKWxmlEfNf1Qyce5pPEtBMmZkMSM3hlF0kXjrs7odrI3oYP8PKJ21gQV-R9Nw-Jq1yfaOOB72ulP-us0u3DdN8s2visIlT8dwNdNAluQA8UUdy3ToDn7CO5c7pNSq_GCDWZiDHY8n7DWSQl4JY4yDFWg0Q47L2nGFXLqMt6CEKt5g0xDPir1bPVHIW_doGBS6lT4mSTt1QDoJ44_s0KIu-0FaVxK9x7bx2pDPlb8RkGLCsyA.DsIZITcn0kM3bRGU-5JJpbR7VBUNhSZAcTqP0aY97HM&dib_tag=se&keywords=watches&qid=1763312649&sr=8-44,Watches,2025-11-16 17:04:11
B017SN1OI8,Fossil,Wrist Watch,N/A,N/A,90.,90.,,4.7 out of 5 stars,0,No,N/A,N/A,https://www.amazon.com/Fossil-Quartz-Stainless-Leather-Chronograph/dp/B017SN1OI8/ref=mp_s_a_1_45?dib=eyJ2IjoiMSJ9.AxvawtJ12nV_rOr_8TC7JQ4MmCA0eEoflR01tBr4ejBQkyxk0myE-O-RcMaFKWxmlEfNf1Qyce5pPEtBMmZkMSM3hlF0kXjrs7odrI3oYP8PKJ21gQV-R9Nw-Jq1yfaOOB72ulP-us0u3DdN8s2visIlT8dwNdNAluQA8UUdy3ToDn7CO5c7pNSq_GCDWZiDHY8n7DWSQl4JY4yDFWg0Q47L2nGFXLqMt6CEKt5g0xDPir1bPVHIW_doGBS6lT4mSTt1QDoJ44_s0KIu-0FaVxK9x7bx2pDPlb8RkGLCsyA.DsIZITcn0kM3bRGU-5JJpbR7VBUNhSZAcTqP0aY97HM&dib_tag=se&keywords=watches&qid=1763312649&sr=8-45,Watches,2025-11-16 17:04:11
B07X7MC5LQ,BY BENYAR,Wrist Watch,N/A,N/A,33.,33.,,4.4 out of 5 stars,0,No,N/A,N/A,https://www.amazon.com/BENYAR-Waterproof-Multifunction-Chronograph-Wristwatches/dp/B07X7MC5LQ/ref=mp_s_a_1_46?dib=eyJ2IjoiMSJ9.AxvawtJ12nV_rOr_8TC7JQ4MmCA0eEoflR01tBr4ejBQkyxk0myE-O-RcMaFKWxmlEfNf1Qyce5pPEtBMmZkMSM3hlF0kXjrs7odrI3oYP8PKJ21gQV-R9Nw-Jq1yfaOOB72ulP-us0u3DdN8s2visIlT8dwNdNAluQA8UUdy3ToDn7CO5c7pNSq_GCDWZiDHY8n7DWSQl4JY4yDFWg0Q47L2nGFXLqMt6CEKt5g0xDPir1bPVHIW_doGBS6lT4mSTt1QDoJ44_s0KIu-0FaVxK9x7bx2pDPlb8RkGLCsyA.DsIZITcn0kM3bRGU-5JJpbR7VBUNhSZAcTqP0aY97HM&dib_tag=se&keywords=watches&qid=1763312649&sr=8-46,Watches,2025-11-16 17:04:11
B0194LW5BM,Timex,Wrist Watch,N/A,N/A,42.,42.,,4.3 out of 5 stars,0,No,N/A,N/A,https://www.amazon.com/Timex-TW4B04700-Expedition-Scout-Slip-Thru/dp/B0194LW5BM/ref=mp_s_a_1_47?dib=eyJ2IjoiMSJ9.AxvawtJ12nV_rOr_8TC7JQ4MmCA0eEoflR01tBr4ejBQkyxk0myE-O-RcMaFKWxmlEfNf1Qyce5pPEtBMmZkMSM3hlF0kXjrs7odrI3oYP8PKJ21gQV-R9Nw-Jq1yfaOOB72ulP-us0u3DdN8s2visIlT8dwNdNAluQA8UUdy3ToDn7CO5c7pNSq_GCDWZiDHY8n7DWSQl4JY4yDFWg0Q47L2nGFXLqMt6CEKt5g0xDPir1bPVHIW_doGBS6lT4mSTt1QDoJ44_s0KIu-0FaVxK9x7bx2pDPlb8RkGLCsyA.DsIZITcn0kM3bRGU-5JJpbR7VBUNhSZAcTqP0aY97HM&dib_tag=se&keywords=watches&qid=1763312649&sr=8-47,Watches,2025-11-16 17:04:11
B000PU3IJ0,Anne Klein,Wrist Watch,N/A,N/A,29.,29.,,4.5 out of 5 stars,0,No,N/A,Ends in 14:55:48,https://www.amazon.com/Anne-Klein-Womens-10-6777SVTT-Two-Tone/dp/B000PU3IJ0/ref=mp_s_a_1_48?dib=eyJ2IjoiMSJ9.AxvawtJ12nV_rOr_8TC7JQ4MmCA0eEoflR01tBr4ejBQkyxk0myE-O-RcMaFKWxmlEfNf1Qyce5pPEtBMmZkMSM3hlF0kXjrs7odrI3oYP8PKJ21gQV-R9Nw-Jq1yfaOOB72ulP-us0u3DdN8s2visIlT8dwNdNAluQA8UUdy3ToDn7CO5c7pNSq_GCDWZiDHY8n7DWSQl4JY4yDFWg0Q47L2nGFXLqMt6CEKt5g0xDPir1bPVHIW_doGBS6lT4mSTt1QDoJ44_s0KIu-0FaVxK9x7bx2pDPlb8RkGLCsyA.DsIZITcn0kM3bRGU-5JJpbR7VBUNhSZAcTqP0aY97HM&dib_tag=se&keywords=watches&qid=1763312649&sr=8-48,Watches,2025-11-16 17:04:11
B0BJ171C8H,Anna Ploszajski,Wrist Watch,N/A,N/A,0.,0.,,4.6 out of 5 stars,0,No,N/A,N/A,https://www.amazon.com/Audible-Hands-Time-Watchmakers-History/dp/B0BJ171C8H/ref=mp_s_a_1_49?dib=eyJ2IjoiMSJ9.AxvawtJ12nV_rOr_8TC7JQ4MmCA0eEoflR01tBr4ejBQkyxk0myE-O-RcMaFKWxmlEfNf1Qyce5pPEtBMmZkMSM3hlF0kXjrs7odrI3oYP8PKJ21gQV-R9Nw-Jq1yfaOOB72ulP-us0u3DdN8s2visIlT8dwNdNAluQA8UUdy3ToDn7CO5c7pNSq_GCDWZiDHY8n7DWSQl4JY4yDFWg0Q47L2nGFXLqMt6CEKt5g0xDPir1bPVHIW_doGBS6lT4mSTt1QDoJ44_s0KIu-0FaVxK9x7bx2pDPlb8RkGLCsyA.DsIZITcn0kM3bRGU-5JJpbR7VBUNhSZAcTqP0aY97HM&dib_tag=se&keywords=watches&qid=1763312649&sr=8-49,Watches,2025-11-16 17:04:11
B00OU5WEKA,Casio,Wrist Watch,N/A,N/A,28.,28.,N/A,4.5 out of 5 stars,0,No,N/A,N/A,https://www.amazon.com/Casio-MTP-V001D-1B-Standard-Stainless-Reader/dp/B00OU5WEKA/ref=mp_s_a_1_50?dib=eyJ2IjoiMSJ9.AxvawtJ12nV_rOr_8TC7JQ4MmCA0eEoflR01tBr4ejBQkyxk0myE-O-RcMaFKWxmlEfNf1Qyce5pPEtBMmZkMSM3hlF0kXjrs7odrI3oYP8PKJ21gQV-R9Nw-Jq1yfaOOB72ulP-us0u3DdN8s2visIlT8dwNdNAluQA8UUdy3ToDn7CO5c7pNSq_GCDWZiDHY8n7DWSQl4JY4yDFWg0Q47L2nGFXLqMt6CEKt5g0xDPir1bPVHIW_doGBS6lT4mSTt1QDoJ44_s0KIu-0FaVxK9x7bx2pDPlb8RkGLCsyA.DsIZITcn0kM3bRGU-5JJpbR7VBUNhSZAcTqP0aY97HM&dib_tag=se&keywords=watches&qid=1763312649&sr=8-50,Watches,2025-11-16 17:04:11
B07YQRKJP4,GOLDEN HOUR,Wrist Watch,N/A,N/A,30.,30.,N/A,4.3 out of 5 stars,0,No,N/A,N/A,https://www.amazon.com/Fashion-Stainless-Waterproof-Chronograph-Watches/dp/B07YQRKJP4/ref=mp_s_a_1_51?dib=eyJ2IjoiMSJ9.AxvawtJ12nV_rOr_8TC7JQ4MmCA0eEoflR01tBr4ejBQkyxk0myE-O-RcMaFKWxmlEfNf1Qyce5pPEtBMmZkMSM3hlF0kXjrs7odrI3oYP8PKJ21gQV-R9Nw-Jq1yfaOOB72ulP-us0u3DdN8s2visIlT8dwNdNAluQA8UUdy3ToDn7CO5c7pNSq_GCDWZiDHY8n7DWSQl4JY4yDFWg0Q47L2nGFXLqMt6CEKt5g0xDPir1bPVHIW_doGBS6lT4mSTt1QDoJ44_s0KIu-0FaVxK9x7bx2pDPlb8RkGLCsyA.DsIZITcn0kM3bRGU-5JJpbR7VBUNhSZAcTqP0aY97HM&dib_tag=se&keywords=watches&qid=1763312649&sr=8-51,Watches,2025-11-16 17:04:11
B0CCYSP4K9,Amazon Essentials,Wrist Watch,N/A,N/A,22.,22.,N/A,4.4 out of 5 stars,0,No,N/A,N/A,https://www.amazon.com/Amazon-Essentials-Mens-Strap-Watch/dp/B0CCYSP4K9/ref=mp_s_a_1_52?dib=eyJ2IjoiMSJ9.AxvawtJ12nV_rOr_8TC7JQ4MmCA0eEoflR01tBr4ejBQkyxk0myE-O-RcMaFKWxmlEfNf1Qyce5pPEtBMmZkMSM3hlF0kXjrs7odrI3oYP8PKJ21gQV-R9Nw-Jq1yfaOOB72ulP-us0u3DdN8s2visIlT8dwNdNAluQA8UUdy3ToDn7CO5c7pNSq_GCDWZiDHY8n7DWSQl4JY4yDFWg0Q47L2nGFXLqMt6CEKt5g0xDPir1bPVHIW_doGBS6lT4mSTt1QDoJ44_s0KIu-0FaVxK9x7bx2pDPlb8RkGLCsyA.DsIZITcn0kM3bRGU-5JJpbR7VBUNhSZAcTqP0aY97HM&dib_tag=se&keywords=watches&qid=1763312649&sr=8-52,Watches,2025-11-16 17:04:11
B078ZK2DVS,Anne Klein,Wrist Watch,N/A,N/A,32.,32.,,4.6 out of 5 stars,0,No,N/A,Ends in 14:55:48,https://www.amazon.com/Anne-Klein-Womens-Gold-Tone-Bracelet/dp/B078ZK2DVS/ref=mp_s_a_1_53?dib=eyJ2IjoiMSJ9.AxvawtJ12nV_rOr_8TC7JQ4MmCA0eEoflR01tBr4ejBQkyxk0myE-O-RcMaFKWxmlEfNf1Qyce5pPEtBMmZkMSM3hlF0kXjrs7odrI3oYP8PKJ21gQV-R9Nw-Jq1yfaOOB72ulP-us0u3DdN8s2visIlT8dwNdNAluQA8UUdy3ToDn7CO5c7pNSq_GCDWZiDHY8n7DWSQl4JY4yDFWg0Q47L2nGFXLqMt6CEKt5g0xDPir1bPVHIW_doGBS6lT4mSTt1QDoJ44_s0KIu-0FaVxK9x7bx2pDPlb8RkGLCsyA.DsIZITcn0kM3bRGU-5JJpbR7VBUNhSZAcTqP0aY97HM&dib_tag=se&keywords=watches&qid=1763312649&sr=8-53,Watches,2025-11-16 17:04:11
B010FQPDYQ,Citizen,Wrist Watch,N/A,N/A,169.,169.,N/A,4.4 out of 5 stars,0,No,N/A,N/A,https://www.amazon.com/Citizen-Womens-Quartz-Stainless-EU6010-53E/dp/B010FQPDYQ/ref=mp_s_a_1_54?dib=eyJ2IjoiMSJ9.AxvawtJ12nV_rOr_8TC7JQ4MmCA0eEoflR01tBr4ejBQkyxk0myE-O-RcMaFKWxmlEfNf1Qyce5pPEtBMmZkMSM3hlF0kXjrs7odrI3oYP8PKJ21gQV-R9Nw-Jq1yfaOOB72ulP-us0u3DdN8s2visIlT8dwNdNAluQA8UUdy3ToDn7CO5c7pNSq_GCDWZiDHY8n7DWSQl4JY4yDFWg0Q47L2nGFXLqMt6CEKt5g0xDPir1bPVHIW_doGBS6lT4mSTt1QDoJ44_s0KIu-0FaVxK9x7bx2pDPlb8RkGLCsyA.DsIZITcn0kM3bRGU-5JJpbR7VBUNhSZAcTqP0aY97HM&dib_tag=se&keywords=watches&qid=1763312649&sr=8-54,Watches,2025-11-16 17:04:11
B09W9C9K9X,OLEVS,Wrist Watch,N/A,N/A,42.,42.,N/A,4.2 out of 5 stars,0,No,N/A,N/A,https://www.amazon.com/Numerals-Chronograph-Stainless-Multi-Function-Resistant/dp/B09W9C9K9X/ref=mp_s_a_1_55?dib=eyJ2IjoiMSJ9.AxvawtJ12nV_rOr_8TC7JQ4MmCA0eEoflR01tBr4ejBQkyxk0myE-O-RcMaFKWxmlEfNf1Qyce5pPEtBMmZkMSM3hlF0kXjrs7odrI3oYP8PKJ21gQV-R9Nw-Jq1yfaOOB72ulP-us0u3DdN8s2visIlT8dwNdNAluQA8UUdy3ToDn7CO5c7pNSq_GCDWZiDHY8n7DWSQl4JY4yDFWg0Q47L2nGFXLqMt6CEKt5g0xDPir1bPVHIW_doGBS6lT4mSTt1QDoJ44_s0KIu-0FaVxK9x7bx2pDPlb8RkGLCsyA.DsIZITcn0kM3bRGU-5JJpbR7VBUNhSZAcTqP0aY97HM&dib_tag=se&keywords=watches&qid=1763312649&sr=8-55,Watches,2025-11-16 17:04:11
B06XPDP85T,Armitron,Wrist Watch,N/A,N/A,16.,16.,,4.4 out of 5 stars,0,No,N/A,Limited time deal,https://www.amazon.com/Armitron-Sport-40-8284BLK-Chronograph/dp/B06XPDP85T/ref=mp_s_a_1_56?dib=eyJ2IjoiMSJ9.AxvawtJ12nV_rOr_8TC7JQ4MmCA0eEoflR01tBr4ejBQkyxk0myE-O-RcMaFKWxmlEfNf1Qyce5pPEtBMmZkMSM3hlF0kXjrs7odrI3oYP8PKJ21gQV-R9Nw-Jq1yfaOOB72ulP-us0u3DdN8s2visIlT8dwNdNAluQA8UUdy3ToDn7CO5c7pNSq_GCDWZiDHY8n7DWSQl4JY4yDFWg0Q47L2nGFXLqMt6CEKt5g0xDPir1bPVHIW_doGBS6lT4mSTt1QDoJ44_s0KIu-0FaVxK9x7bx2pDPlb8RkGLCsyA.DsIZITcn0kM3bRGU-5JJpbR7VBUNhSZAcTqP0aY97HM&dib_tag=se&keywords=watches&qid=1763312649&sr=8-56,Watches,2025-11-16 17:04:11
B0DP2KS5N7,cicininc,Wrist Watch,N/A,N/A,9.,9.,,3.7 out of 5 stars,0,No,N/A,N/A,https://www.amazon.com/cicininc-Analog-Nursing-Watches-Military/dp/B0DP2KS5N7/ref=mp_s_a_1_57?dib=eyJ2IjoiMSJ9.AxvawtJ12nV_rOr_8TC7JQ4MmCA0eEoflR01tBr4ejBQkyxk0myE-O-RcMaFKWxmlEfNf1Qyce5pPEtBMmZkMSM3hlF0kXjrs7odrI3oYP8PKJ21gQV-R9Nw-Jq1yfaOOB72ulP-us0u3DdN8s2visIlT8dwNdNAluQA8UUdy3ToDn7CO5c7pNSq_GCDWZiDHY8n7DWSQl4JY4yDFWg0Q47L2nGFXLqMt6CEKt5g0xDPir1bPVHIW_doGBS6lT4mSTt1QDoJ44_s0KIu-0FaVxK9x7bx2pDPlb8RkGLCsyA.DsIZITcn0kM3bRGU-5JJpbR7VBUNhSZAcTqP0aY97HM&dib_tag=se&keywords=watches&qid=1763312649&sr=8-57,Watches,2025-11-16 17:04:11
B06XDMBBFK,Nine West,Wrist Watch,N/A,N/A,19.,19.,,4.3 out of 5 stars,0,No,N/A,Ends in 14:55:48,https://www.amazon.com/Nine-West-NW-1981GYRT-Silver-Tone/dp/B06XDMBBFK/ref=mp_s_a_1_58?dib=eyJ2IjoiMSJ9.AxvawtJ12nV_rOr_8TC7JQ4MmCA0eEoflR01tBr4ejBQkyxk0myE-O-RcMaFKWxmlEfNf1Qyce5pPEtBMmZkMSM3hlF0kXjrs7odrI3oYP8PKJ21gQV-R9Nw-Jq1yfaOOB72ulP-us0u3DdN8s2visIlT8dwNdNAluQA8UUdy3ToDn7CO5c7pNSq_GCDWZiDHY8n7DWSQl4JY4yDFWg0Q47L2nGFXLqMt6CEKt5g0xDPir1bPVHIW_doGBS6lT4mSTt1QDoJ44_s0KIu-0FaVxK9x7bx2pDPlb8RkGLCsyA.DsIZITcn0kM3bRGU-5JJpbR7VBUNhSZAcTqP0aY97HM&dib_tag=se&keywords=watches&qid=1763312649&sr=8-58,Watches,2025-11-16 17:04:11
B0CRFCFQ7T,Casio,Wrist Watch,N/A,N/A,72.,72.,,4.7 out of 5 stars,0,No,N/A,N/A,https://www.amazon.com/Casio-Classic-Stainless-Indicator-MDV-106DD-1A3VCF/dp/B0CRFCFQ7T/ref=mp_s_a_1_59?dib=eyJ2IjoiMSJ9.AxvawtJ12nV_rOr_8TC7JQ4MmCA0eEoflR01tBr4ejBQkyxk0myE-O-RcMaFKWxmlEfNf1Qyce5pPEtBMmZkMSM3hlF0kXjrs7odrI3oYP8PKJ21gQV-R9Nw-Jq1yfaOOB72ulP-us0u3DdN8s2visIlT8dwNdNAluQA8UUdy3ToDn7CO5c7pNSq_GCDWZiDHY8n7DWSQl4JY4yDFWg0Q47L2nGFXLqMt6CEKt5g0xDPir1bPVHIW_doGBS6lT4mSTt1QDoJ44_s0KIu-0FaVxK9x7bx2pDPlb8RkGLCsyA.DsIZITcn0kM3bRGU-5JJpbR7VBUNhSZAcTqP0aY97HM&dib_tag=se&keywords=watches&qid=1763312649&sr=8-59,Watches,2025-11-16 17:04:11
B0DGJ736JM,Apple,Wrist Watch,N/A,N/A,159.,159.,,4.6 out of 5 stars,0,No,N/A,Limited time deal,https://www.amazon.com/Apple-Smartwatch-Midnight-Aluminum-Detection/dp/B0DGJ736JM/ref=mp_s_a_1_60?dib=eyJ2IjoiMSJ9.AxvawtJ12nV_rOr_8TC7JQ4MmCA0eEoflR01tBr4ejBQkyxk0myE-O-RcMaFKWxmlEfNf1Qyce5pPEtBMmZkMSM3hlF0kXjrs7odrI3oYP8PKJ21gQV-R9Nw-Jq1yfaOOB72ulP-us0u3DdN8s2visIlT8dwNdNAluQA8UUdy3ToDn7CO5c7pNSq_GCDWZiDHY8n7DWSQl4JY4yDFWg0Q47L2nGFXLqMt6CEKt5g0xDPir1bPVHIW_doGBS6lT4mSTt1QDoJ44_s0KIu-0FaVxK9x7bx2pDPlb8RkGLCsyA.DsIZITcn0kM3bRGU-5JJpbR7VBUNhSZAcTqP0aY97HM&dib_tag=se&keywords=watches&qid=1763312649&sr=8-60,Watches,2025-11-16 17:04:11
B0DBHG7DBP,CHEETAH,Wrist Watch,N/A,N/A,27.,27.,,4.6 out of 5 stars,0,No,N/A,N/A,https://www.amazon.com/CHEETAH-Watches-Vintage-Bracelet-Rectangular/dp/B0DBHG7DBP/ref=mp_s_a_1_61?dib=eyJ2IjoiMSJ9.0GVvwpR8SQRkAb3UXcufUYyWnt76VTym8dNpY07F6f3unzmcm38RBzwMnwaYnMc7zdWItIvKQZ3oYi-UVDY5uQAPM1wPFKiI4y0odH57TbcNhWXrwEVk8ZSJnlx4z-GoSE97UhkS1ha2lnpChL55syk2y853C9QXYwo9823IoP3poPSgVJUgqJxlkRi_Xn7ssYGjREcRukn6qBoQWNO4Tu-4ExyG5JyUf4P94Jw2ul7yGMnPOU0mbzEG1KgneJzjo9-olyJ6MIfm7hTWOUyTOTiD9XkvcaLL_l1wRzHmcf4.S4IE1Kej2WkDZCAr2SRkMGFtSU7rm1-7gccloQo7y7o&dib_tag=se&keywords=watches&qid=1763312655&sr=8-61,Watches,2025-11-16 17:04:17
B00DUCIMCI,Fossil,Wrist Watch,N/A,N/A,113.,113.,,4.6 out of 5 stars,0,No,N/A,N/A,https://www.amazon.com/Fossil-Coachman-Quartz-Stainless-Leather/dp/B00DUCIMCI/ref=mp_s_a_1_62?dib=eyJ2IjoiMSJ9.0GVvwpR8SQRkAb3UXcufUYyWnt76VTym8dNpY07F6f3unzmcm38RBzwMnwaYnMc7zdWItIvKQZ3oYi-UVDY5uQAPM1wPFKiI4y0odH57TbcNhWXrwEVk8ZSJnlx4z-GoSE97UhkS1ha2lnpChL55syk2y853C9QXYwo9823IoP3poPSgVJUgqJxlkRi_Xn7ssYGjREcRukn6qBoQWNO4Tu-4ExyG5JyUf4P94Jw2ul7yGMnPOU0mbzEG1KgneJzjo9-olyJ6MIfm7hTWOUyTOTiD9XkvcaLL_l1wRzHmcf4.S4IE1Kej2WkDZCAr2SRkMGFtSU7rm1-7gccloQo7y7o&dib_tag=se&keywords=watches&qid=1763312655&sr=8-62,Watches,2025-11-16 17:04:17
B001RNOAM8,Timex,Wrist Watch,N/A,N/A,51.,51.,,4.4 out of 5 stars,0,No,N/A,N/A,https://www.amazon.com/Timex-South-Street-Sport-Watch/dp/B001RNOAM8/ref=mp_s_a_1_63?dib=eyJ2IjoiMSJ9.0GVvwpR8SQRkAb3UXcufUYyWnt76VTym8dNpY07F6f3unzmcm38RBzwMnwaYnMc7zdWItIvKQZ3oYi-UVDY5uQAPM1wPFKiI4y0odH57TbcNhWXrwEVk8ZSJnlx4z-GoSE97UhkS1ha2lnpChL55syk2y853C9QXYwo9823IoP3poPSgVJUgqJxlkRi_Xn7ssYGjREcRukn6qBoQWNO4Tu-4ExyG5JyUf4P94Jw2ul7yGMnPOU0mbzEG1KgneJzjo9-olyJ6MIfm7hTWOUyTOTiD9XkvcaLL_l1wRzHmcf4.S4IE1Kej2WkDZCAr2SRkMGFtSU7rm1-7gccloQo7y7o&dib_tag=se&keywords=watches&qid=1763312655&sr=8-63,Watches,2025-11-16 17:04:17
B07T4GYVFD,Nine West,Wrist Watch,N/A,N/A,19.,19.,,4.4 out of 5 stars,0,No,N/A,N/A,https://www.amazon.com/Nine-West-Gold-Tone-NW-2346GPBK/dp/B07T4GYVFD/ref=mp_s_a_1_64?dib=eyJ2IjoiMSJ9.0GVvwpR8SQRkAb3UXcufUYyWnt76VTym8dNpY07F6f3unzmcm38RBzwMnwaYnMc7zdWItIvKQZ3oYi-UVDY5uQAPM1wPFKiI4y0odH57TbcNhWXrwEVk8ZSJnlx4z-GoSE97UhkS1ha2lnpChL55syk2y853C9QXYwo9823IoP3poPSgVJUgqJxlkRi_Xn7ssYGjREcRukn6qBoQWNO4Tu-4ExyG5JyUf4P94Jw2ul7yGMnPOU0mbzEG1KgneJzjo9-olyJ6MIfm7hTWOUyTOTiD9XkvcaLL_l1wRzHmcf4.S4IE1Kej2WkDZCAr2SRkMGFtSU7rm1-7gccloQo7y7o&dib_tag=se&keywords=watches&qid=1763312655&sr=8-64,Watches,2025-11-16 17:04:17
B09WNFQ9HZ,Nine West,Wrist Watch,N/A,N/A,19.,19.,N/A,4.4 out of 5 stars,0,No,N/A,N/A,https://www.amazon.com/Nine-West-Womens-Japanese-Leather/dp/B09WNFQ9HZ/ref=mp_s_a_1_65?dib=eyJ2IjoiMSJ9.0GVvwpR8SQRkAb3UXcufUYyWnt76VTym8dNpY07F6f3unzmcm38RBzwMnwaYnMc7zdWItIvKQZ3oYi-UVDY5uQAPM1wPFKiI4y0odH57TbcNhWXrwEVk8ZSJnlx4z-GoSE97UhkS1ha2lnpChL55syk2y853C9QXYwo9823IoP3poPSgVJUgqJxlkRi_Xn7ssYGjREcRukn6qBoQWNO4Tu-4ExyG5JyUf4P94Jw2ul7yGMnPOU0mbzEG1KgneJzjo9-olyJ6MIfm7hTWOUyTOTiD9XkvcaLL_l1wRzHmcf4.S4IE1Kej2WkDZCAr2SRkMGFtSU7rm1-7gccloQo7y7o&dib_tag=se&keywords=watches&qid=1763312655&sr=8-65,Watches,2025-11-16 17:04:17
B0CRFCFQ7T,Casio,Wrist Watch,N/A,N/A,72.,72.,,4.7 out of 5 stars,0,No,N/A,N/A,https://www.amazon.com/Casio-Classic-Stainless-Indicator-MDV-106DD-1A3VCF/dp/B0CRFCFQ7T/ref=mp_s_a_1_66?dib=eyJ2IjoiMSJ9.0GVvwpR8SQRkAb3UXcufUYyWnt76VTym8dNpY07F6f3unzmcm38RBzwMnwaYnMc7zdWItIvKQZ3oYi-UVDY5uQAPM1wPFKiI4y0odH57TbcNhWXrwEVk8ZSJnlx4z-GoSE97UhkS1ha2lnpChL55syk2y853C9QXYwo9823IoP3poPSgVJUgqJxlkRi_Xn7ssYGjREcRukn6qBoQWNO4Tu-4ExyG5JyUf4P94Jw2ul7yGMnPOU0mbzEG1KgneJzjo9-olyJ6MIfm7hTWOUyTOTiD9XkvcaLL_l1wRzHmcf4.S4IE1Kej2WkDZCAr2SRkMGFtSU7rm1-7gccloQo7y7o&dib_tag=se&keywords=watches&qid=1763312655&sr=8-66,Watches,2025-11-16 17:04:17
B000UFUUW8,Timex,Wrist Watch,N/A,N/A,42.,42.,,4.4 out of 5 stars,0,No,N/A,Limited time deal,https://www.amazon.com/Timex-Womens-Easy-Reader-Watch/dp/B000UFUUW8/ref=mp_s_a_1_67?dib=eyJ2IjoiMSJ9.0GVvwpR8SQRkAb3UXcufUYyWnt76VTym8dNpY07F6f3unzmcm38RBzwMnwaYnMc7zdWItIvKQZ3oYi-UVDY5uQAPM1wPFKiI4y0odH57TbcNhWXrwEVk8ZSJnlx4z-GoSE97UhkS1ha2lnpChL55syk2y853C9QXYwo9823IoP3poPSgVJUgqJxlkRi_Xn7ssYGjREcRukn6qBoQWNO4Tu-4ExyG5JyUf4P94Jw2ul7yGMnPOU0mbzEG1KgneJzjo9-olyJ6MIfm7hTWOUyTOTiD9XkvcaLL_l1wRzHmcf4.S4IE1Kej2WkDZCAr2SRkMGFtSU7rm1-7gccloQo7y7o&dib_tag=se&keywords=watches&qid=1763312655&sr=8-67,Watches,2025-11-16 17:04:17
B01BEXXZ26,Michael Kors,Wrist Watch,N/A,N/A,127.,127.,N/A,4.7 out of 5 stars,0,No,N/A,N/A,https://www.amazon.com/Michael-Kors-Lexington-Watch-MK8480/dp/B01BEXXZ26/ref=mp_s_a_1_68?dib=eyJ2IjoiMSJ9.0GVvwpR8SQRkAb3UXcufUYyWnt76VTym8dNpY07F6f3unzmcm38RBzwMnwaYnMc7zdWItIvKQZ3oYi-UVDY5uQAPM1wPFKiI4y0odH57TbcNhWXrwEVk8ZSJnlx4z-GoSE97UhkS1ha2lnpChL55syk2y853C9QXYwo9823IoP3poPSgVJUgqJxlkRi_Xn7ssYGjREcRukn6qBoQWNO4Tu-4ExyG5JyUf4P94Jw2ul7yGMnPOU0mbzEG1KgneJzjo9-olyJ6MIfm7hTWOUyTOTiD9XkvcaLL_l1wRzHmcf4.S4IE1Kej2WkDZCAr2SRkMGFtSU7rm1-7gccloQo7y7o&dib_tag=se&keywords=watches&qid=1763312655&sr=8-68,Watches,2025-11-16 17:04:17
B083M6YZKT,Amazon Renewed,Wrist Watch,N/A,N/A,114.,114.,N/A,4.1 out of 5 stars,0,No,N/A,N/A,https://www.amazon.com/Apple-Watch-GPS-40MM-Aluminum/dp/B083M6YZKT/ref=mp_s_a_1_69?dib=eyJ2IjoiMSJ9.0GVvwpR8SQRkAb3UXcufUYyWnt76VTym8dNpY07F6f3unzmcm38RBzwMnwaYnMc7zdWItIvKQZ3oYi-UVDY5uQAPM1wPFKiI4y0odH57TbcNhWXrwEVk8ZSJnlx4z-GoSE97UhkS1ha2lnpChL55syk2y853C9QXYwo9823IoP3poPSgVJUgqJxlkRi_Xn7ssYGjREcRukn6qBoQWNO4Tu-4ExyG5JyUf4P94Jw2ul7yGMnPOU0mbzEG1KgneJzjo9-olyJ6MIfm7hTWOUyTOTiD9XkvcaLL_l1wRzHmcf4.S4IE1Kej2WkDZCAr2SRkMGFtSU7rm1-7gccloQo7y7o&dib_tag=se&keywords=watches&qid=1763312655&sr=8-69,Watches,2025-11-16 17:04:17
B0F83X1YH4,CRRJU,Wrist Watch,N/A,N/A,38.,38.,N/A,4.3 out of 5 stars,0,No,N/A,N/A,https://www.amazon.com/CRRJU-Minimalist-Waterproof-Wristwatches-Silicone/dp/B0F83X1YH4/ref=mp_s_a_1_70?dib=eyJ2IjoiMSJ9.0GVvwpR8SQRkAb3UXcufUYyWnt76VTym8dNpY07F6f3unzmcm38RBzwMnwaYnMc7zdWItIvKQZ3oYi-UVDY5uQAPM1wPFKiI4y0odH57TbcNhWXrwEVk8ZSJnlx4z-GoSE97UhkS1ha2lnpChL55syk2y853C9QXYwo9823IoP3poPSgVJUgqJxlkRi_Xn7ssYGjREcRukn6qBoQWNO4Tu-4ExyG5JyUf4P94Jw2ul7yGMnPOU0mbzEG1KgneJzjo9-olyJ6MIfm7hTWOUyTOTiD9XkvcaLL_l1wRzHmcf4.S4IE1Kej2WkDZCAr2SRkMGFtSU7rm1-7gccloQo7y7o&dib_tag=se&keywords=watches&qid=1763312655&sr=8-70,Watches,2025-11-16 17:04:17
B087JG6H25,GOLDEN HOUR,Wrist Watch,N/A,N/A,40.,40.,N/A,4.5 out of 5 stars,0,No,N/A,N/A,https://www.amazon.com/GOLDEN-HOUR-Stainless-Waterproof-Chronograph/dp/B087JG6H25/ref=mp_s_a_1_71?dib=eyJ2IjoiMSJ9.0GVvwpR8SQRkAb3UXcufUYyWnt76VTym8dNpY07F6f3unzmcm38RBzwMnwaYnMc7zdWItIvKQZ3oYi-UVDY5uQAPM1wPFKiI4y0odH57TbcNhWXrwEVk8ZSJnlx4z-GoSE97UhkS1ha2lnpChL55syk2y853C9QXYwo9823IoP3poPSgVJUgqJxlkRi_Xn7ssYGjREcRukn6qBoQWNO4Tu-4ExyG5JyUf4P94Jw2ul7yGMnPOU0mbzEG1KgneJzjo9-olyJ6MIfm7hTWOUyTOTiD9XkvcaLL_l1wRzHmcf4.S4IE1Kej2WkDZCAr2SRkMGFtSU7rm1-7gccloQo7y7o&dib_tag=se&keywords=watches&qid=1763312655&sr=8-71,Watches,2025-11-16 17:04:17
B07GMSXZBM,Invicta,Wrist Watch,N/A,N/A,47.,47.,N/A,4.6 out of 5 stars,0,No,N/A,N/A,https://www.amazon.com/Invicta-Diver-Blue-Watch-26972/dp/B07GMSXZBM/ref=mp_s_a_1_72?dib=eyJ2IjoiMSJ9.0GVvwpR8SQRkAb3UXcufUYyWnt76VTym8dNpY07F6f3unzmcm38RBzwMnwaYnMc7zdWItIvKQZ3oYi-UVDY5uQAPM1wPFKiI4y0odH57TbcNhWXrwEVk8ZSJnlx4z-GoSE97UhkS1ha2lnpChL55syk2y853C9QXYwo9823IoP3poPSgVJUgqJxlkRi_Xn7ssYGjREcRukn6qBoQWNO4Tu-4ExyG5JyUf4P94Jw2ul7yGMnPOU0mbzEG1KgneJzjo9-olyJ6MIfm7hTWOUyTOTiD9XkvcaLL_l1wRzHmcf4.S4IE1Kej2WkDZCAr2SRkMGFtSU7rm1-7gccloQo7y7o&dib_tag=se&keywords=watches&qid=1763312655&sr=8-72,Watches,2025-11-16 17:04:17
B01L0APB5C,Casio,Wrist Watch,N/A,N/A,34.,34.,,4.5 out of 5 stars,0,No,N/A,N/A,https://www.amazon.com/Casio-Diver-Style-Quartz-Casual/dp/B01L0APB5C/ref=mp_s_a_1_73?dib=eyJ2IjoiMSJ9.0GVvwpR8SQRkAb3UXcufUYyWnt76VTym8dNpY07F6f3unzmcm38RBzwMnwaYnMc7zdWItIvKQZ3oYi-UVDY5uQAPM1wPFKiI4y0odH57TbcNhWXrwEVk8ZSJnlx4z-GoSE97UhkS1ha2lnpChL55syk2y853C9QXYwo9823IoP3poPSgVJUgqJxlkRi_Xn7ssYGjREcRukn6qBoQWNO4Tu-4ExyG5JyUf4P94Jw2ul7yGMnPOU0mbzEG1KgneJzjo9-olyJ6MIfm7hTWOUyTOTiD9XkvcaLL_l1wRzHmcf4.S4IE1Kej2WkDZCAr2SRkMGFtSU7rm1-7gccloQo7y7o&dib_tag=se&keywords=watches&qid=1763312655&sr=8-73,Watches,2025-11-16 17:04:17
B0842QF6JD,Timex,Wrist Watch,N/A,N/A,51.,51.,N/A,4.5 out of 5 stars,0,No,N/A,N/A,https://www.amazon.com/Timex-Ironman-Classic-Full-Size-Running/dp/B0842QF6JD/ref=mp_s_a_1_74?dib=eyJ2IjoiMSJ9.0GVvwpR8SQRkAb3UXcufUYyWnt76VTym8dNpY07F6f3unzmcm38RBzwMnwaYnMc7zdWItIvKQZ3oYi-UVDY5uQAPM1wPFKiI4y0odH57TbcNhWXrwEVk8ZSJnlx4z-GoSE97UhkS1ha2lnpChL55syk2y853C9QXYwo9823IoP3poPSgVJUgqJxlkRi_Xn7ssYGjREcRukn6qBoQWNO4Tu-4ExyG5JyUf4P94Jw2ul7yGMnPOU0mbzEG1KgneJzjo9-olyJ6MIfm7hTWOUyTOTiD9XkvcaLL_l1wRzHmcf4.S4IE1Kej2WkDZCAr2SRkMGFtSU7rm1-7gccloQo7y7o&dib_tag=se&keywords=watches&qid=1763312655&sr=8-74,Watches,2025-11-16 17:04:17
B0FPLTZTQH,DIVOAZBVO,Wrist Watch,N/A,N/A,21.,21.,,4.4 out of 5 stars,0,No,N/A,N/A,https://www.amazon.com/DIVOAZBVO-Touchscreen-Smartwatch-Waterproof-Bluetooth/dp/B0FPLTZTQH/ref=mp_s_a_1_75?dib=eyJ2IjoiMSJ9.0GVvwpR8SQRkAb3UXcufUYyWnt76VTym8dNpY07F6f3unzmcm38RBzwMnwaYnMc7zdWItIvKQZ3oYi-UVDY5uQAPM1wPFKiI4y0odH57TbcNhWXrwEVk8ZSJnlx4z-GoSE97UhkS1ha2lnpChL55syk2y853C9QXYwo9823IoP3poPSgVJUgqJxlkRi_Xn7ssYGjREcRukn6qBoQWNO4Tu-4ExyG5JyUf4P94Jw2ul7yGMnPOU0mbzEG1KgneJzjo9-olyJ6MIfm7hTWOUyTOTiD9XkvcaLL_l1wRzHmcf4.S4IE1Kej2WkDZCAr2SRkMGFtSU7rm1-7gccloQo7y7o&dib_tag=se&keywords=watches&qid=1763312655&sr=8-75,Watches,2025-11-16 17:04:17
B07SZ5QXH4,Nine West,Wrist Watch,N/A,N/A,19.,19.,,4.4 out of 5 stars,0,No,N/A,N/A,https://www.amazon.com/Nine-West-Silver-Tone-NW-2337OMSV/dp/B07SZ5QXH4/ref=mp_s_a_1_76?dib=eyJ2IjoiMSJ9.0GVvwpR8SQRkAb3UXcufUYyWnt76VTym8dNpY07F6f3unzmcm38RBzwMnwaYnMc7zdWItIvKQZ3oYi-UVDY5uQAPM1wPFKiI4y0odH57TbcNhWXrwEVk8ZSJnlx4z-GoSE97UhkS1ha2lnpChL55syk2y853C9QXYwo9823IoP3poPSgVJUgqJxlkRi_Xn7ssYGjREcRukn6qBoQWNO4Tu-4ExyG5JyUf4P94Jw2ul7yGMnPOU0mbzEG1KgneJzjo9-olyJ6MIfm7hTWOUyTOTiD9XkvcaLL_l1wRzHmcf4.S4IE1Kej2WkDZCAr2SRkMGFtSU7rm1-7gccloQo7y7o&dib_tag=se&keywords=watches&qid=1763312655&sr=8-76,Watches,2025-11-16 17:04:17
B0000UIUNE,Timex,Wrist Watch,N/A,N/A,32.,32.,,4.3 out of 5 stars,0,No,N/A,N/A,https://www.amazon.com/Timex-Womens-T21912-Cavatina-Leather/dp/B0000UIUNE/ref=mp_s_a_1_77?dib=eyJ2IjoiMSJ9.0GVvwpR8SQRkAb3UXcufUYyWnt76VTym8dNpY07F6f3unzmcm38RBzwMnwaYnMc7zdWItIvKQZ3oYi-UVDY5uQAPM1wPFKiI4y0odH57TbcNhWXrwEVk8ZSJnlx4z-GoSE97UhkS1ha2lnpChL55syk2y853C9QXYwo9823IoP3poPSgVJUgqJxlkRi_Xn7ssYGjREcRukn6qBoQWNO4Tu-4ExyG5JyUf4P94Jw2ul7yGMnPOU0mbzEG1KgneJzjo9-olyJ6MIfm7hTWOUyTOTiD9XkvcaLL_l1wRzHmcf4.S4IE1Kej2WkDZCAr2SRkMGFtSU7rm1-7gccloQo7y7o&dib_tag=se&keywords=watches&qid=1763312655&sr=8-77,Watches,2025-11-16 17:04:17
B0CYCNDR54,Timex,Wrist Watch,N/A,N/A,20.,20.,,4.0 out of 5 stars,0,No,N/A,Ends in 14:55:42,https://www.amazon.com/Timex-Mens-Digital-33mm-Watch/dp/B0CYCNDR54/ref=mp_s_a_1_78?dib=eyJ2IjoiMSJ9.0GVvwpR8SQRkAb3UXcufUYyWnt76VTym8dNpY07F6f3unzmcm38RBzwMnwaYnMc7zdWItIvKQZ3oYi-UVDY5uQAPM1wPFKiI4y0odH57TbcNhWXrwEVk8ZSJnlx4z-GoSE97UhkS1ha2lnpChL55syk2y853C9QXYwo9823IoP3poPSgVJUgqJxlkRi_Xn7ssYGjREcRukn6qBoQWNO4Tu-4ExyG5JyUf4P94Jw2ul7yGMnPOU0mbzEG1KgneJzjo9-olyJ6MIfm7hTWOUyTOTiD9XkvcaLL_l1wRzHmcf4.S4IE1Kej2WkDZCAr2SRkMGFtSU7rm1-7gccloQo7y7o&dib_tag=se&keywords=watches&qid=1763312655&sr=8-78,Watches,2025-11-16 17:04:17
B0CGK37RDZ,Nine West,Wrist Watch,N/A,N/A,19.,19.,,4.6 out of 5 stars,0,No,N/A,N/A,https://www.amazon.com/Nine-West-Gold-Tone-NW-2402GLRG/dp/B0CGK37RDZ/ref=mp_s_a_1_79?dib=eyJ2IjoiMSJ9.0GVvwpR8SQRkAb3UXcufUYyWnt76VTym8dNpY07F6f3unzmcm38RBzwMnwaYnMc7zdWItIvKQZ3oYi-UVDY5uQAPM1wPFKiI4y0odH57TbcNhWXrwEVk8ZSJnlx4z-GoSE97UhkS1ha2lnpChL55syk2y853C9QXYwo9823IoP3poPSgVJUgqJxlkRi_Xn7ssYGjREcRukn6qBoQWNO4Tu-4ExyG5JyUf4P94Jw2ul7yGMnPOU0mbzEG1KgneJzjo9-olyJ6MIfm7hTWOUyTOTiD9XkvcaLL_l1wRzHmcf4.S4IE1Kej2WkDZCAr2SRkMGFtSU7rm1-7gccloQo7y7o&dib_tag=se&keywords=watches&qid=1763312655&sr=8-79,Watches,2025-11-16 17:04:17
B0DF2T5WHC,GOLDEN HOUR,Wrist Watch,N/A,N/A,20.,20.,,4.4 out of 5 stars,0,No,N/A,Limited time deal,https://www.amazon.com/GOLDEN-HOUR-Waterproof-Professionals-Students/dp/B0DF2T5WHC/ref=mp_s_a_1_80?dib=eyJ2IjoiMSJ9.0GVvwpR8SQRkAb3UXcufUYyWnt76VTym8dNpY07F6f3unzmcm38RBzwMnwaYnMc7zdWItIvKQZ3oYi-UVDY5uQAPM1wPFKiI4y0odH57TbcNhWXrwEVk8ZSJnlx4z-GoSE97UhkS1ha2lnpChL55syk2y853C9QXYwo9823IoP3poPSgVJUgqJxlkRi_Xn7ssYGjREcRukn6qBoQWNO4Tu-4ExyG5JyUf4P94Jw2ul7yGMnPOU0mbzEG1KgneJzjo9-olyJ6MIfm7hTWOUyTOTiD9XkvcaLL_l1wRzHmcf4.S4IE1Kej2WkDZCAr2SRkMGFtSU7rm1-7gccloQo7y7o&dib_tag=se&keywords=watches&qid=1763312655&sr=8-80,Watches,2025-11-16 17:04:17
B0FXFXKJNQ,UTR PTT Malibu - Day 7,Wrist Watch,N/A,N/A,N/A,N/A,N/A,N/A,0,No,N/A,N/A,https://www.amazon.com/UTR-PTT-Malibu-Day-7/dp/B0FXFXKJNQ/ref=mp_s_a_1_81?dib=eyJ2IjoiMSJ9.DUwb0Nkvx_pUp8WW9KHqkSeen0PcXoeu8JezjN_GWAHiVhxqtCtg9l2MKsy4_Tb8NZGHWdYFpGFKggHZ_a-YpPoo7Da9i-u0FUYtVOkmtt32u27OIrrj_4xozMrpLbqtwPs3Klwe0wbd3_q7arZynw-V8ogesMUVz9W3FBRDPBaDxZKRVb1AXe9NwNiHlrBBdBLtZTXEzH-R5eZHr8Uh3N8SStuT5d8aHT6-CyddTEohWjGmjrRG6o0MN0Cm2q1qIFB377pIpHTtWX66-EF0b02HC9og4f1S6Ulz5shLenM._-j_g6DfZpMaalDnHgYlhRcpTa8d5FHa_wEmQet_nq8&dib_tag=se&keywords=watches&qid=1763312662&sr=8-81,Watches,2025-11-16 17:04:24
B0000BX8L1,Timex,Wrist Watch,N/A,N/A,24.,24.,,4.3 out of 5 stars,0,No,N/A,N/A,https://www.amazon.com/Timex-Analog-Youth-Watch-Elastic/dp/B0000BX8L1/ref=mp_s_a_1_82?dib=eyJ2IjoiMSJ9.DUwb0Nkvx_pUp8WW9KHqkSeen0PcXoeu8JezjN_GWAHiVhxqtCtg9l2MKsy4_Tb8NZGHWdYFpGFKggHZ_a-YpPoo7Da9i-u0FUYtVOkmtt32u27OIrrj_4xozMrpLbqtwPs3Klwe0wbd3_q7arZynw-V8ogesMUVz9W3FBRDPBaDxZKRVb1AXe9NwNiHlrBBdBLtZTXEzH-R5eZHr8Uh3N8SStuT5d8aHT6-CyddTEohWjGmjrRG6o0MN0Cm2q1qIFB377pIpHTtWX66-EF0b02HC9og4f1S6Ulz5shLenM._-j_g6DfZpMaalDnHgYlhRcpTa8d5FHa_wEmQet_nq8&dib_tag=se&keywords=watches&qid=1763312662&sr=8-82,Watches,2025-11-16 17:04:24
B0CYCMYPZC,Timex,Wrist Watch,N/A,N/A,20.,20.,,3.6 out of 5 stars,0,No,N/A,N/A,https://www.amazon.com/Timex-Mens-Digital-43mm-Watch/dp/B0CYCMYPZC/ref=mp_s_a_1_83?dib=eyJ2IjoiMSJ9.DUwb0Nkvx_pUp8WW9KHqkSeen0PcXoeu8JezjN_GWAHiVhxqtCtg9l2MKsy4_Tb8NZGHWdYFpGFKggHZ_a-YpPoo7Da9i-u0FUYtVOkmtt32u27OIrrj_4xozMrpLbqtwPs3Klwe0wbd3_q7arZynw-V8ogesMUVz9W3FBRDPBaDxZKRVb1AXe9NwNiHlrBBdBLtZTXEzH-R5eZHr8Uh3N8SStuT5d8aHT6-CyddTEohWjGmjrRG6o0MN0Cm2q1qIFB377pIpHTtWX66-EF0b02HC9og4f1S6Ulz5shLenM._-j_g6DfZpMaalDnHgYlhRcpTa8d5FHa_wEmQet_nq8&dib_tag=se&keywords=watches&qid=1763312662&sr=8-83,Watches,2025-11-16 17:04:24
B010FQPDYQ,Citizen,Wrist Watch,N/A,N/A,169.,169.,N/A,4.4 out of 5 stars,0,No,N/A,N/A,https://www.amazon.com/Citizen-Womens-Quartz-Stainless-EU6010-53E/dp/B010FQPDYQ/ref=mp_s_a_1_84?dib=eyJ2IjoiMSJ9.DUwb0Nkvx_pUp8WW9KHqkSeen0PcXoeu8JezjN_GWAHiVhxqtCtg9l2MKsy4_Tb8NZGHWdYFpGFKggHZ_a-YpPoo7Da9i-u0FUYtVOkmtt32u27OIrrj_4xozMrpLbqtwPs3Klwe0wbd3_q7arZynw-V8ogesMUVz9W3FBRDPBaDxZKRVb1AXe9NwNiHlrBBdBLtZTXEzH-R5eZHr8Uh3N8SStuT5d8aHT6-CyddTEohWjGmjrRG6o0MN0Cm2q1qIFB377pIpHTtWX66-EF0b02HC9og4f1S6Ulz5shLenM._-j_g6DfZpMaalDnHgYlhRcpTa8d5FHa_wEmQet_nq8&dib_tag=se&keywords=watches&qid=1763312662&sr=8-84,Watches,2025-11-16 17:04:24
B0CC6R717C,Timex,Wrist Watch,N/A,N/A,42.,42.,,4.3 out of 5 stars,0,No,N/A,N/A,https://www.amazon.com/Timex-Womens-Reader-Classic-Watch/dp/B0CC6R717C/ref=mp_s_a_1_85?dib=eyJ2IjoiMSJ9.DUwb0Nkvx_pUp8WW9KHqkSeen0PcXoeu8JezjN_GWAHiVhxqtCtg9l2MKsy4_Tb8NZGHWdYFpGFKggHZ_a-YpPoo7Da9i-u0FUYtVOkmtt32u27OIrrj_4xozMrpLbqtwPs3Klwe0wbd3_q7arZynw-V8ogesMUVz9W3FBRDPBaDxZKRVb1AXe9NwNiHlrBBdBLtZTXEzH-R5eZHr8Uh3N8SStuT5d8aHT6-CyddTEohWjGmjrRG6o0MN0Cm2q1qIFB377pIpHTtWX66-EF0b02HC9og4f1S6Ulz5shLenM._-j_g6DfZpMaalDnHgYlhRcpTa8d5FHa_wEmQet_nq8&dib_tag=se&keywords=watches&qid=1763312662&sr=8-85,Watches,2025-11-16 17:04:24
B003QFZUOC,Timex,Wrist Watch,N/A,N/A,39.,39.,N/A,4.3 out of 5 stars,0,No,N/A,N/A,https://www.amazon.com/Timex-T49831-Expedition-Rugged-Analog/dp/B003QFZUOC/ref=mp_s_a_1_86?dib=eyJ2IjoiMSJ9.DUwb0Nkvx_pUp8WW9KHqkSeen0PcXoeu8JezjN_GWAHiVhxqtCtg9l2MKsy4_Tb8NZGHWdYFpGFKggHZ_a-YpPoo7Da9i-u0FUYtVOkmtt32u27OIrrj_4xozMrpLbqtwPs3Klwe0wbd3_q7arZynw-V8ogesMUVz9W3FBRDPBaDxZKRVb1AXe9NwNiHlrBBdBLtZTXEzH-R5eZHr8Uh3N8SStuT5d8aHT6-CyddTEohWjGmjrRG6o0MN0Cm2q1qIFB377pIpHTtWX66-EF0b02HC9og4f1S6Ulz5shLenM._-j_g6DfZpMaalDnHgYlhRcpTa8d5FHa_wEmQet_nq8&dib_tag=se&keywords=watches&qid=1763312662&sr=8-86,Watches,2025-11-16 17:04:24
B07GY35CHK,Nine West,Wrist Watch,N/A,N/A,19.,19.,,4.5 out of 5 stars,0,No,N/A,Limited time deal,https://www.amazon.com/Nine-West-NW-2226RGRG-Gold-Tone/dp/B07GY35CHK/ref=mp_s_a_1_87?dib=eyJ2IjoiMSJ9.DUwb0Nkvx_pUp8WW9KHqkSeen0PcXoeu8JezjN_GWAHiVhxqtCtg9l2MKsy4_Tb8NZGHWdYFpGFKggHZ_a-YpPoo7Da9i-u0FUYtVOkmtt32u27OIrrj_4xozMrpLbqtwPs3Klwe0wbd3_q7arZynw-V8ogesMUVz9W3FBRDPBaDxZKRVb1AXe9NwNiHlrBBdBLtZTXEzH-R5eZHr8Uh3N8SStuT5d8aHT6-CyddTEohWjGmjrRG6o0MN0Cm2q1qIFB377pIpHTtWX66-EF0b02HC9og4f1S6Ulz5shLenM._-j_g6DfZpMaalDnHgYlhRcpTa8d5FHa_wEmQet_nq8&dib_tag=se&keywords=watches&qid=1763312662&sr=8-87,Watches,2025-11-16 17:04:24
B0F94LH1PR,JrTrack,Wrist Watch,N/A,N/A,85.,85.,,4.1 out of 5 stars,0,No,N/A,N/A,https://www.amazon.com/JrTrack-Kid-Safe-Precision-Real-Time-Tracking/dp/B0F94LH1PR/ref=mp_s_a_1_88?dib=eyJ2IjoiMSJ9.DUwb0Nkvx_pUp8WW9KHqkSeen0PcXoeu8JezjN_GWAHiVhxqtCtg9l2MKsy4_Tb8NZGHWdYFpGFKggHZ_a-YpPoo7Da9i-u0FUYtVOkmtt32u27OIrrj_4xozMrpLbqtwPs3Klwe0wbd3_q7arZynw-V8ogesMUVz9W3FBRDPBaDxZKRVb1AXe9NwNiHlrBBdBLtZTXEzH-R5eZHr8Uh3N8SStuT5d8aHT6-CyddTEohWjGmjrRG6o0MN0Cm2q1qIFB377pIpHTtWX66-EF0b02HC9og4f1S6Ulz5shLenM._-j_g6DfZpMaalDnHgYlhRcpTa8d5FHa_wEmQet_nq8&dib_tag=se&keywords=watches&qid=1763312662&sr=8-88,Watches,2025-11-16 17:04:24
B000AYW0LI,Timex,Wrist Watch,N/A,N/A,38.,38.,,4.4 out of 5 stars,0,No,N/A,N/A,https://www.amazon.com/Timex-Womens-Easy-Reader-Watch/dp/B000AYW0LI/ref=mp_s_a_1_89?dib=eyJ2IjoiMSJ9.DUwb0Nkvx_pUp8WW9KHqkSeen0PcXoeu8JezjN_GWAHiVhxqtCtg9l2MKsy4_Tb8NZGHWdYFpGFKggHZ_a-YpPoo7Da9i-u0FUYtVOkmtt32u27OIrrj_4xozMrpLbqtwPs3Klwe0wbd3_q7arZynw-V8ogesMUVz9W3FBRDPBaDxZKRVb1AXe9NwNiHlrBBdBLtZTXEzH-R5eZHr8Uh3N8SStuT5d8aHT6-CyddTEohWjGmjrRG6o0MN0Cm2q1qIFB377pIpHTtWX66-EF0b02HC9og4f1S6Ulz5shLenM._-j_g6DfZpMaalDnHgYlhRcpTa8d5FHa_wEmQet_nq8&dib_tag=se&keywords=watches&qid=1763312662&sr=8-89,Watches,2025-11-16 17:04:24
B09NDX9WQ9,Casio,Wrist Watch,N/A,N/A,20.,20.,,4.7 out of 5 stars,0,No,N/A,N/A,https://www.amazon.com/Casio-Illuminator-Chronograph-Digital-W218HC-4A2V/dp/B09NDX9WQ9/ref=mp_s_a_1_90?dib=eyJ2IjoiMSJ9.DUwb0Nkvx_pUp8WW9KHqkSeen0PcXoeu8JezjN_GWAHiVhxqtCtg9l2MKsy4_Tb8NZGHWdYFpGFKggHZ_a-YpPoo7Da9i-u0FUYtVOkmtt32u27OIrrj_4xozMrpLbqtwPs3Klwe0wbd3_q7arZynw-V8ogesMUVz9W3FBRDPBaDxZKRVb1AXe9NwNiHlrBBdBLtZTXEzH-R5eZHr8Uh3N8SStuT5d8aHT6-CyddTEohWjGmjrRG6o0MN0Cm2q1qIFB377pIpHTtWX66-EF0b02HC9og4f1S6Ulz5shLenM._-j_g6DfZpMaalDnHgYlhRcpTa8d5FHa_wEmQet_nq8&dib_tag=se&keywords=watches&qid=1763312662&sr=8-90,Watches,2025-11-16 17:04:24
B0FQFJ2G7R,Apple,Wrist Watch,N/A,N/A,518.,518.,N/A,4.8 out of 5 stars,0,No,N/A,N/A,https://www.amazon.com/Apple-Cellular-Smartwatch-Aluminum-Always/dp/B0FQFJ2G7R/ref=mp_s_a_1_91?dib=eyJ2IjoiMSJ9.DUwb0Nkvx_pUp8WW9KHqkSeen0PcXoeu8JezjN_GWAHiVhxqtCtg9l2MKsy4_Tb8NZGHWdYFpGFKggHZ_a-YpPoo7Da9i-u0FUYtVOkmtt32u27OIrrj_4xozMrpLbqtwPs3Klwe0wbd3_q7arZynw-V8ogesMUVz9W3FBRDPBaDxZKRVb1AXe9NwNiHlrBBdBLtZTXEzH-R5eZHr8Uh3N8SStuT5d8aHT6-CyddTEohWjGmjrRG6o0MN0Cm2q1qIFB377pIpHTtWX66-EF0b02HC9og4f1S6Ulz5shLenM._-j_g6DfZpMaalDnHgYlhRcpTa8d5FHa_wEmQet_nq8&dib_tag=se&keywords=watches&qid=1763312662&sr=8-91,Watches,2025-11-16 17:04:24
B07MJLJXTZ,Fossil,Wrist Watch,N/A,N/A,159.,159.,N/A,4.6 out of 5 stars,0,No,N/A,N/A,https://www.amazon.com/Fossil-Neutra-Chrono-FS5503-Black/dp/B07MJLJXTZ/ref=mp_s_a_1_92?dib=eyJ2IjoiMSJ9.DUwb0Nkvx_pUp8WW9KHqkSeen0PcXoeu8JezjN_GWAHiVhxqtCtg9l2MKsy4_Tb8NZGHWdYFpGFKggHZ_a-YpPoo7Da9i-u0FUYtVOkmtt32u27OIrrj_4xozMrpLbqtwPs3Klwe0wbd3_q7arZynw-V8ogesMUVz9W3FBRDPBaDxZKRVb1AXe9NwNiHlrBBdBLtZTXEzH-R5eZHr8Uh3N8SStuT5d8aHT6-CyddTEohWjGmjrRG6o0MN0Cm2q1qIFB377pIpHTtWX66-EF0b02HC9og4f1S6Ulz5shLenM._-j_g6DfZpMaalDnHgYlhRcpTa8d5FHa_wEmQet_nq8&dib_tag=se&keywords=watches&qid=1763312662&sr=8-92,Watches,2025-11-16 17:04:24
B07YQRKJP4,GOLDEN HOUR,Wrist Watch,N/A,N/A,30.,30.,N/A,4.3 out of 5 stars,0,No,N/A,N/A,https://www.amazon.com/Fashion-Stainless-Waterproof-Chronograph-Watches/dp/B07YQRKJP4/ref=mp_s_a_1_93?dib=eyJ2IjoiMSJ9.DUwb0Nkvx_pUp8WW9KHqkSeen0PcXoeu8JezjN_GWAHiVhxqtCtg9l2MKsy4_Tb8NZGHWdYFpGFKggHZ_a-YpPoo7Da9i-u0FUYtVOkmtt32u27OIrrj_4xozMrpLbqtwPs3Klwe0wbd3_q7arZynw-V8ogesMUVz9W3FBRDPBaDxZKRVb1AXe9NwNiHlrBBdBLtZTXEzH-R5eZHr8Uh3N8SStuT5d8aHT6-CyddTEohWjGmjrRG6o0MN0Cm2q1qIFB377pIpHTtWX66-EF0b02HC9og4f1S6Ulz5shLenM._-j_g6DfZpMaalDnHgYlhRcpTa8d5FHa_wEmQet_nq8&dib_tag=se&keywords=watches&qid=1763312662&sr=8-93,Watches,2025-11-16 17:04:24
B0CCYSP4K9,Amazon Essentials,Wrist Watch,N/A,N/A,22.,22.,N/A,4.4 out of 5 stars,0,No,N/A,N/A,https://www.amazon.com/Amazon-Essentials-Mens-Strap-Watch/dp/B0CCYSP4K9/ref=mp_s_a_1_94?dib=eyJ2IjoiMSJ9.DUwb0Nkvx_pUp8WW9KHqkSeen0PcXoeu8JezjN_GWAHiVhxqtCtg9l2MKsy4_Tb8NZGHWdYFpGFKggHZ_a-YpPoo7Da9i-u0FUYtVOkmtt32u27OIrrj_4xozMrpLbqtwPs3Klwe0wbd3_q7arZynw-V8ogesMUVz9W3FBRDPBaDxZKRVb1AXe9NwNiHlrBBdBLtZTXEzH-R5eZHr8Uh3N8SStuT5d8aHT6-CyddTEohWjGmjrRG6o0MN0Cm2q1qIFB377pIpHTtWX66-EF0b02HC9og4f1S6Ulz5shLenM._-j_g6DfZpMaalDnHgYlhRcpTa8d5FHa_wEmQet_nq8&dib_tag=se&keywords=watches&qid=1763312662&sr=8-94,Watches,2025-11-16 17:04:24
B07T4GYVFD,Nine West,Wrist Watch,N/A,N/A,19.,19.,,4.4 out of 5 stars,0,No,N/A,N/A,https://www.amazon.com/Nine-West-Gold-Tone-NW-2346GPBK/dp/B07T4GYVFD/ref=mp_s_a_1_95?dib=eyJ2IjoiMSJ9.DUwb0Nkvx_pUp8WW9KHqkSeen0PcXoeu8JezjN_GWAHiVhxqtCtg9l2MKsy4_Tb8NZGHWdYFpGFKggHZ_a-YpPoo7Da9i-u0FUYtVOkmtt32u27OIrrj_4xozMrpLbqtwPs3Klwe0wbd3_q7arZynw-V8ogesMUVz9W3FBRDPBaDxZKRVb1AXe9NwNiHlrBBdBLtZTXEzH-R5eZHr8Uh3N8SStuT5d8aHT6-CyddTEohWjGmjrRG6o0MN0Cm2q1qIFB377pIpHTtWX66-EF0b02HC9og4f1S6Ulz5shLenM._-j_g6DfZpMaalDnHgYlhRcpTa8d5FHa_wEmQet_nq8&dib_tag=se&keywords=watches&qid=1763312662&sr=8-95,Watches,2025-11-16 17:04:24
B0FQF9ZX7P,Apple,Wrist Watch,N/A,N/A,389.,389.,N/A,4.8 out of 5 stars,0,No,N/A,N/A,https://www.amazon.com/Apple-Watch-Smartwatch-Aluminum-Always/dp/B0FQF9ZX7P/ref=mp_s_a_1_96?dib=eyJ2IjoiMSJ9.DUwb0Nkvx_pUp8WW9KHqkSeen0PcXoeu8JezjN_GWAHiVhxqtCtg9l2MKsy4_Tb8NZGHWdYFpGFKggHZ_a-YpPoo7Da9i-u0FUYtVOkmtt32u27OIrrj_4xozMrpLbqtwPs3Klwe0wbd3_q7arZynw-V8ogesMUVz9W3FBRDPBaDxZKRVb1AXe9NwNiHlrBBdBLtZTXEzH-R5eZHr8Uh3N8SStuT5d8aHT6-CyddTEohWjGmjrRG6o0MN0Cm2q1qIFB377pIpHTtWX66-EF0b02HC9og4f1S6Ulz5shLenM._-j_g6DfZpMaalDnHgYlhRcpTa8d5FHa_wEmQet_nq8&dib_tag=se&keywords=watches&qid=1763312662&sr=8-96,Watches,2025-11-16 17:04:24
B01GI9Z07Y,Casio,Wrist Watch,N/A,N/A,46.,46.,,4.6 out of 5 stars,0,No,N/A,N/A,https://www.amazon.com/Casio-Chronograph-Quartz-Stainless-Casual/dp/B01GI9Z07Y/ref=mp_s_a_1_97?dib=eyJ2IjoiMSJ9.DUwb0Nkvx_pUp8WW9KHqkSeen0PcXoeu8JezjN_GWAHiVhxqtCtg9l2MKsy4_Tb8NZGHWdYFpGFKggHZ_a-YpPoo7Da9i-u0FUYtVOkmtt32u27OIrrj_4xozMrpLbqtwPs3Klwe0wbd3_q7arZynw-V8ogesMUVz9W3FBRDPBaDxZKRVb1AXe9NwNiHlrBBdBLtZTXEzH-R5eZHr8Uh3N8SStuT5d8aHT6-CyddTEohWjGmjrRG6o0MN0Cm2q1qIFB377pIpHTtWX66-EF0b02HC9og4f1S6Ulz5shLenM._-j_g6DfZpMaalDnHgYlhRcpTa8d5FHa_wEmQet_nq8&dib_tag=se&keywords=watches&qid=1763312662&sr=8-97,Watches,2025-11-16 17:04:24
B09W9C9K9X,OLEVS,Wrist Watch,N/A,N/A,42.,42.,N/A,4.2 out of 5 stars,0,No,N/A,N/A,https://www.amazon.com/Numerals-Chronograph-Stainless-Multi-Function-Resistant/dp/B09W9C9K9X/ref=mp_s_a_1_98?dib=eyJ2IjoiMSJ9.DUwb0Nkvx_pUp8WW9KHqkSeen0PcXoeu8JezjN_GWAHiVhxqtCtg9l2MKsy4_Tb8NZGHWdYFpGFKggHZ_a-YpPoo7Da9i-u0FUYtVOkmtt32u27OIrrj_4xozMrpLbqtwPs3Klwe0wbd3_q7arZynw-V8ogesMUVz9W3FBRDPBaDxZKRVb1AXe9NwNiHlrBBdBLtZTXEzH-R5eZHr8Uh3N8SStuT5d8aHT6-CyddTEohWjGmjrRG6o0MN0Cm2q1qIFB377pIpHTtWX66-EF0b02HC9og4f1S6Ulz5shLenM._-j_g6DfZpMaalDnHgYlhRcpTa8d5FHa_wEmQet_nq8&dib_tag=se&keywords=watches&qid=1763312662&sr=8-98,Watches,2025-11-16 17:04:24
B079J38TJY,Timex,Wrist Watch,N/A,N/A,48.,48.,,4.6 out of 5 stars,0,No,N/A,N/A,https://www.amazon.com/Timex-TW2R63900-Southview-Silver-Tone-Leather/dp/B079J38TJY/ref=mp_s_a_1_99?dib=eyJ2IjoiMSJ9.DUwb0Nkvx_pUp8WW9KHqkSeen0PcXoeu8JezjN_GWAHiVhxqtCtg9l2MKsy4_Tb8NZGHWdYFpGFKggHZ_a-YpPoo7Da9i-u0FUYtVOkmtt32u27OIrrj_4xozMrpLbqtwPs3Klwe0wbd3_q7arZynw-V8ogesMUVz9W3FBRDPBaDxZKRVb1AXe9NwNiHlrBBdBLtZTXEzH-R5eZHr8Uh3N8SStuT5d8aHT6-CyddTEohWjGmjrRG6o0MN0Cm2q1qIFB377pIpHTtWX66-EF0b02HC9og4f1S6Ulz5shLenM._-j_g6DfZpMaalDnHgYlhRcpTa8d5FHa_wEmQet_nq8&dib_tag=se&keywords=watches&qid=1763312662&sr=8-99,Watches,2025-11-16 17:04:24
B06XPDP85T,Armitron,Wrist Watch,N/A,N/A,16.,16.,,4.4 out of 5 stars,0,No,N/A,Limited time deal,https://www.amazon.com/Armitron-Sport-40-8284BLK-Chronograph/dp/B06XPDP85T/ref=mp_s_a_1_100?dib=eyJ2IjoiMSJ9.DUwb0Nkvx_pUp8WW9KHqkSeen0PcXoeu8JezjN_GWAHiVhxqtCtg9l2MKsy4_Tb8NZGHWdYFpGFKggHZ_a-YpPoo7Da9i-u0FUYtVOkmtt32u27OIrrj_4xozMrpLbqtwPs3Klwe0wbd3_q7arZynw-V8ogesMUVz9W3FBRDPBaDxZKRVb1AXe9NwNiHlrBBdBLtZTXEzH-R5eZHr8Uh3N8SStuT5d8aHT6-CyddTEohWjGmjrRG6o0MN0Cm2q1qIFB377pIpHTtWX66-EF0b02HC9og4f1S6Ulz5shLenM._-j_g6DfZpMaalDnHgYlhRcpTa8d5FHa_wEmQet_nq8&dib_tag=se&keywords=watches&qid=1763312662&sr=8-100,Watches,2025-11-16 17:04:24
B001BXS0GQ,Timex,Wrist Watch,N/A,N/A,43.,43.,N/A,4.5 out of 5 stars,0,No,N/A,N/A,https://www.amazon.com/Timex-T2M827-Gold-Tone-Stainless-Expansion/dp/B001BXS0GQ/ref=mp_s_a_1_141?dib=eyJ2IjoiMSJ9.fnC9mqB4B1C_GhTTxkMJWA-RH2XTeiWqs_2R47B7CH4Jnscvw2nplkjuv7Qj02qUv6Ov2G9FiDr8AfCQ0_sovXA40No4gYVDdq--VghW3k1LwEAgS47Jt5Ygt1C0iB1ZJpqkw-vYHMAq89eFHGzPLga6e7FIzA6DATxfIFdTLjZy2sr_rMiBTv25M39GsWDdcpPcJhAB-9NCeaRs4zRzHYBRpiQrJ--OgfnF4c2HO4pKFMNIdErhwtEug6tnmRAQvCQ5BgC8XsziB8OHS3-7zvSWNaZA96Do-gTm-7gJ5VY.ub_EvTfdUlU6dmQtltycKEZ_OeGpacg4UySL0a1OgLs&dib_tag=se&keywords=watches&qid=1763312678&sr=8-141,Watches,2025-11-16 17:04:40
B000GB1R7S,Casio,Wrist Watch,N/A,N/A,29.,29.,,4.6 out of 5 stars,0,No,N/A,N/A,https://www.amazon.com/Casio-Mens-CA53W-1-Calculator-Watch/dp/B000GB1R7S/ref=mp_s_a_1_142?dib=eyJ2IjoiMSJ9.fnC9mqB4B1C_GhTTxkMJWA-RH2XTeiWqs_2R47B7CH4Jnscvw2nplkjuv7Qj02qUv6Ov2G9FiDr8AfCQ0_sovXA40No4gYVDdq--VghW3k1LwEAgS47Jt5Ygt1C0iB1ZJpqkw-vYHMAq89eFHGzPLga6e7FIzA6DATxfIFdTLjZy2sr_rMiBTv25M39GsWDdcpPcJhAB-9NCeaRs4zRzHYBRpiQrJ--OgfnF4c2HO4pKFMNIdErhwtEug6tnmRAQvCQ5BgC8XsziB8OHS3-7zvSWNaZA96Do-gTm-7gJ5VY.ub_EvTfdUlU6dmQtltycKEZ_OeGpacg4UySL0a1OgLs&dib_tag=se&keywords=watches&qid=1763312678&sr=8-142,Watches,2025-11-16 17:04:40
B0B914HQ6Z,Citizen,Wrist Watch,N/A,N/A,167.,167.,N/A,4.3 out of 5 stars,0,No,N/A,N/A,https://www.amazon.com/Citizen-Eco-Drive-Weekender-Garrison-Stainless/dp/B0B914HQ6Z/ref=mp_s_a_1_143?dib=eyJ2IjoiMSJ9.fnC9mqB4B1C_GhTTxkMJWA-RH2XTeiWqs_2R47B7CH4Jnscvw2nplkjuv7Qj02qUv6Ov2G9FiDr8AfCQ0_sovXA40No4gYVDdq--VghW3k1LwEAgS47Jt5Ygt1C0iB1ZJpqkw-vYHMAq89eFHGzPLga6e7FIzA6DATxfIFdTLjZy2sr_rMiBTv25M39GsWDdcpPcJhAB-9NCeaRs4zRzHYBRpiQrJ--OgfnF4c2HO4pKFMNIdErhwtEug6tnmRAQvCQ5BgC8XsziB8OHS3-7zvSWNaZA96Do-gTm-7gJ5VY.ub_EvTfdUlU6dmQtltycKEZ_OeGpacg4UySL0a1OgLs&dib_tag=se&keywords=watches&qid=1763312678&sr=8-143,Watches,2025-11-16 17:04:40
B0CXXJ94SB,ProCase,Wrist Watch,N/A,N/A,27.,27.,,4.7 out of 5 stars,0,No,N/A,Ends in 14:55:19,https://www.amazon.com/ProCase-Display-2-Layer-Organizer-Espresso/dp/B0CXXJ94SB/ref=mp_s_a_1_144?dib=eyJ2IjoiMSJ9.fnC9mqB4B1C_GhTTxkMJWA-RH2XTeiWqs_2R47B7CH4Jnscvw2nplkjuv7Qj02qUv6Ov2G9FiDr8AfCQ0_sovXA40No4gYVDdq--VghW3k1LwEAgS47Jt5Ygt1C0iB1ZJpqkw-vYHMAq89eFHGzPLga6e7FIzA6DATxfIFdTLjZy2sr_rMiBTv25M39GsWDdcpPcJhAB-9NCeaRs4zRzHYBRpiQrJ--OgfnF4c2HO4pKFMNIdErhwtEug6tnmRAQvCQ5BgC8XsziB8OHS3-7zvSWNaZA96Do-gTm-7gJ5VY.ub_EvTfdUlU6dmQtltycKEZ_OeGpacg4UySL0a1OgLs&dib_tag=se&keywords=watches&qid=1763312678&sr=8-144,Watches,2025-11-16 17:04:40
B008FG6ZRI,Citizen,Wrist Watch,N/A,N/A,123.,123.,,4.6 out of 5 stars,0,No,N/A,N/A,https://www.amazon.com/Citizen-Mens-Quartz-Watch-BF0580-57L/dp/B008FG6ZRI/ref=mp_s_a_1_145?dib=eyJ2IjoiMSJ9.fnC9mqB4B1C_GhTTxkMJWA-RH2XTeiWqs_2R47B7CH4Jnscvw2nplkjuv7Qj02qUv6Ov2G9FiDr8AfCQ0_sovXA40No4gYVDdq--VghW3k1LwEAgS47Jt5Ygt1C0iB1ZJpqkw-vYHMAq89eFHGzPLga6e7FIzA6DATxfIFdTLjZy2sr_rMiBTv25M39GsWDdcpPcJhAB-9NCeaRs4zRzHYBRpiQrJ--OgfnF4c2HO4pKFMNIdErhwtEug6tnmRAQvCQ5BgC8XsziB8OHS3-7zvSWNaZA96Do-gTm-7gJ5VY.ub_EvTfdUlU6dmQtltycKEZ_OeGpacg4UySL0a1OgLs&dib_tag=se&keywords=watches&qid=1763312678&sr=8-145,Watches,2025-11-16 17:04:40
B0BDSGHVMW,Google,Wrist Watch,N/A,N/A,89.,89.,N/A,4.1 out of 5 stars,0,No,N/A,N/A,https://www.amazon.com/Google-Pixel-Watch-Smartwatch-Stainless/dp/B0BDSGHVMW/ref=mp_s_a_1_146?dib=eyJ2IjoiMSJ9.fnC9mqB4B1C_GhTTxkMJWA-RH2XTeiWqs_2R47B7CH4Jnscvw2nplkjuv7Qj02qUv6Ov2G9FiDr8AfCQ0_sovXA40No4gYVDdq--VghW3k1LwEAgS47Jt5Ygt1C0iB1ZJpqkw-vYHMAq89eFHGzPLga6e7FIzA6DATxfIFdTLjZy2sr_rMiBTv25M39GsWDdcpPcJhAB-9NCeaRs4zRzHYBRpiQrJ--OgfnF4c2HO4pKFMNIdErhwtEug6tnmRAQvCQ5BgC8XsziB8OHS3-7zvSWNaZA96Do-gTm-7gJ5VY.ub_EvTfdUlU6dmQtltycKEZ_OeGpacg4UySL0a1OgLs&dib_tag=se&keywords=watches&qid=1763312678&sr=8-146,Watches,2025-11-16 17:04:40
B01940RVO4,Anne Klein,Wrist Watch,N/A,N/A,35.,35.,,4.6 out of 5 stars,0,No,N/A,Ends in 14:55:19,https://www.amazon.com/Anne-Klein-AK-2434CHGB-Diamond-Accented/dp/B01940RVO4/ref=mp_s_a_1_147?dib=eyJ2IjoiMSJ9.fnC9mqB4B1C_GhTTxkMJWA-RH2XTeiWqs_2R47B7CH4Jnscvw2nplkjuv7Qj02qUv6Ov2G9FiDr8AfCQ0_sovXA40No4gYVDdq--VghW3k1LwEAgS47Jt5Ygt1C0iB1ZJpqkw-vYHMAq89eFHGzPLga6e7FIzA6DATxfIFdTLjZy2sr_rMiBTv25M39GsWDdcpPcJhAB-9NCeaRs4zRzHYBRpiQrJ--OgfnF4c2HO4pKFMNIdErhwtEug6tnmRAQvCQ5BgC8XsziB8OHS3-7zvSWNaZA96Do-gTm-7gJ5VY.ub_EvTfdUlU6dmQtltycKEZ_OeGpacg4UySL0a1OgLs&dib_tag=se&keywords=watches&qid=1763312678&sr=8-147,Watches,2025-11-16 17:04:40
B000ST6W1E,Timex,Wrist Watch,N/A,N/A,51.,51.,N/A,4.6 out of 5 stars,0,No,N/A,N/A,https://www.amazon.com/Timex-Womens-Expedition-Metal-Field/dp/B000ST6W1E/ref=mp_s_a_1_148?dib=eyJ2IjoiMSJ9.fnC9mqB4B1C_GhTTxkMJWA-RH2XTeiWqs_2R47B7CH4Jnscvw2nplkjuv7Qj02qUv6Ov2G9FiDr8AfCQ0_sovXA40No4gYVDdq--VghW3k1LwEAgS47Jt5Ygt1C0iB1ZJpqkw-vYHMAq89eFHGzPLga6e7FIzA6DATxfIFdTLjZy2sr_rMiBTv25M39GsWDdcpPcJhAB-9NCeaRs4zRzHYBRpiQrJ--OgfnF4c2HO4pKFMNIdErhwtEug6tnmRAQvCQ5BgC8XsziB8OHS3-7zvSWNaZA96Do-gTm-7gJ5VY.ub_EvTfdUlU6dmQtltycKEZ_OeGpacg4UySL0a1OgLs&dib_tag=se&keywords=watches&qid=1763312678&sr=8-148,Watches,2025-11-16 17:04:40
1324111178,Jens Stoltenberg,Wrist Watch,N/A,N/A,27.,27.,,N/A,0,No,N/A,N/A,https://www.amazon.com/My-Watch-Leading-NATO-Time/dp/1324111178/ref=mp_s_a_1_149?dib=eyJ2IjoiMSJ9.fnC9mqB4B1C_GhTTxkMJWA-RH2XTeiWqs_2R47B7CH4Jnscvw2nplkjuv7Qj02qUv6Ov2G9FiDr8AfCQ0_sovXA40No4gYVDdq--VghW3k1LwEAgS47Jt5Ygt1C0iB1ZJpqkw-vYHMAq89eFHGzPLga6e7FIzA6DATxfIFdTLjZy2sr_rMiBTv25M39GsWDdcpPcJhAB-9NCeaRs4zRzHYBRpiQrJ--OgfnF4c2HO4pKFMNIdErhwtEug6tnmRAQvCQ5BgC8XsziB8OHS3-7zvSWNaZA96Do-gTm-7gJ5VY.ub_EvTfdUlU6dmQtltycKEZ_OeGpacg4UySL0a1OgLs&dib_tag=se&keywords=watches&qid=1763312678&sr=8-149,Watches,2025-11-16 17:04:40
B0FL6GJCC6,Yoever,Wrist Watch,N/A,N/A,69.,69.,,4.6 out of 5 stars,0,No,N/A,N/A,https://www.amazon.com/Watches-Fitness-SpO2%EF%BC%8CRound-Waterproof%EF%BC%8C110-Mode-Black/dp/B0FL6GJCC6/ref=mp_s_a_1_150?dib=eyJ2IjoiMSJ9.fnC9mqB4B1C_GhTTxkMJWA-RH2XTeiWqs_2R47B7CH4Jnscvw2nplkjuv7Qj02qUv6Ov2G9FiDr8AfCQ0_sovXA40No4gYVDdq--VghW3k1LwEAgS47Jt5Ygt1C0iB1ZJpqkw-vYHMAq89eFHGzPLga6e7FIzA6DATxfIFdTLjZy2sr_rMiBTv25M39GsWDdcpPcJhAB-9NCeaRs4zRzHYBRpiQrJ--OgfnF4c2HO4pKFMNIdErhwtEug6tnmRAQvCQ5BgC8XsziB8OHS3-7zvSWNaZA96Do-gTm-7gJ5VY.ub_EvTfdUlU6dmQtltycKEZ_OeGpacg4UySL0a1OgLs&dib_tag=se&keywords=watches&qid=1763312678&sr=8-150,Watches,2025-11-16 17:04:40
B0F94LH1PR,JrTrack,Wrist Watch,N/A,N/A,85.,85.,,4.1 out of 5 stars,0,No,N/A,N/A,https://www.amazon.com/JrTrack-Kid-Safe-Precision-Real-Time-Tracking/dp/B0F94LH1PR/ref=mp_s_a_1_151?dib=eyJ2IjoiMSJ9.fnC9mqB4B1C_GhTTxkMJWA-RH2XTeiWqs_2R47B7CH4Jnscvw2nplkjuv7Qj02qUv6Ov2G9FiDr8AfCQ0_sovXA40No4gYVDdq--VghW3k1LwEAgS47Jt5Ygt1C0iB1ZJpqkw-vYHMAq89eFHGzPLga6e7FIzA6DATxfIFdTLjZy2sr_rMiBTv25M39GsWDdcpPcJhAB-9NCeaRs4zRzHYBRpiQrJ--OgfnF4c2HO4pKFMNIdErhwtEug6tnmRAQvCQ5BgC8XsziB8OHS3-7zvSWNaZA96Do-gTm-7gJ5VY.ub_EvTfdUlU6dmQtltycKEZ_OeGpacg4UySL0a1OgLs&dib_tag=se&keywords=watches&qid=1763312678&sr=8-151,Watches,2025-11-16 17:04:40
B003URSIKO,Casio,Wrist Watch,N/A,N/A,74.,74.,N/A,4.6 out of 5 stars,0,No,N/A,N/A,https://www.amazon.com/Casio-GD100-1BCR-G-Shock-X-Large-Multi-Functional/dp/B003URSIKO/ref=mp_s_a_1_152?dib=eyJ2IjoiMSJ9.fnC9mqB4B1C_GhTTxkMJWA-RH2XTeiWqs_2R47B7CH4Jnscvw2nplkjuv7Qj02qUv6Ov2G9FiDr8AfCQ0_sovXA40No4gYVDdq--VghW3k1LwEAgS47Jt5Ygt1C0iB1ZJpqkw-vYHMAq89eFHGzPLga6e7FIzA6DATxfIFdTLjZy2sr_rMiBTv25M39GsWDdcpPcJhAB-9NCeaRs4zRzHYBRpiQrJ--OgfnF4c2HO4pKFMNIdErhwtEug6tnmRAQvCQ5BgC8XsziB8OHS3-7zvSWNaZA96Do-gTm-7gJ5VY.ub_EvTfdUlU6dmQtltycKEZ_OeGpacg4UySL0a1OgLs&dib_tag=se&keywords=watches&qid=1763312678&sr=8-152,Watches,2025-11-16 17:04:40
B00HYUSA74,Timex,Wrist Watch,N/A,N/A,44.,44.,N/A,4.6 out of 5 stars,0,No,N/A,N/A,https://www.amazon.com/Timex-Womens-T2P370-Weekender-Slip-Thru/dp/B00HYUSA74/ref=mp_s_a_1_153?dib=eyJ2IjoiMSJ9.fnC9mqB4B1C_GhTTxkMJWA-RH2XTeiWqs_2R47B7CH4Jnscvw2nplkjuv7Qj02qUv6Ov2G9FiDr8AfCQ0_sovXA40No4gYVDdq--VghW3k1LwEAgS47Jt5Ygt1C0iB1ZJpqkw-vYHMAq89eFHGzPLga6e7FIzA6DATxfIFdTLjZy2sr_rMiBTv25M39GsWDdcpPcJhAB-9NCeaRs4zRzHYBRpiQrJ--OgfnF4c2HO4pKFMNIdErhwtEug6tnmRAQvCQ5BgC8XsziB8OHS3-7zvSWNaZA96Do-gTm-7gJ5VY.ub_EvTfdUlU6dmQtltycKEZ_OeGpacg4UySL0a1OgLs&dib_tag=se&keywords=watches&qid=1763312678&sr=8-153,Watches,2025-11-16 17:04:40
B0CWJ38RRX,Timex,Wrist Watch,N/A,N/A,80.,80.,N/A,4.0 out of 5 stars,0,No,N/A,N/A,https://www.amazon.com/Timex-Expedition-Field-Solar-Watch/dp/B0CWJ38RRX/ref=mp_s_a_1_154?dib=eyJ2IjoiMSJ9.fnC9mqB4B1C_GhTTxkMJWA-RH2XTeiWqs_2R47B7CH4Jnscvw2nplkjuv7Qj02qUv6Ov2G9FiDr8AfCQ0_sovXA40No4gYVDdq--VghW3k1LwEAgS47Jt5Ygt1C0iB1ZJpqkw-vYHMAq89eFHGzPLga6e7FIzA6DATxfIFdTLjZy2sr_rMiBTv25M39GsWDdcpPcJhAB-9NCeaRs4zRzHYBRpiQrJ--OgfnF4c2HO4pKFMNIdErhwtEug6tnmRAQvCQ5BgC8XsziB8OHS3-7zvSWNaZA96Do-gTm-7gJ5VY.ub_EvTfdUlU6dmQtltycKEZ_OeGpacg4UySL0a1OgLs&dib_tag=se&keywords=watches&qid=1763312678&sr=8-154,Watches,2025-11-16 17:04:40
B000K3DSZG,Armitron,Wrist Watch,N/A,N/A,24.,24.,,4.3 out of 5 stars,0,No,N/A,Ends in 14:55:19,https://www.amazon.com/Armitron-75-2447BLK-Diamond-Accented-Leather/dp/B000K3DSZG/ref=mp_s_a_1_155?dib=eyJ2IjoiMSJ9.fnC9mqB4B1C_GhTTxkMJWA-RH2XTeiWqs_2R47B7CH4Jnscvw2nplkjuv7Qj02qUv6Ov2G9FiDr8AfCQ0_sovXA40No4gYVDdq--VghW3k1LwEAgS47Jt5Ygt1C0iB1ZJpqkw-vYHMAq89eFHGzPLga6e7FIzA6DATxfIFdTLjZy2sr_rMiBTv25M39GsWDdcpPcJhAB-9NCeaRs4zRzHYBRpiQrJ--OgfnF4c2HO4pKFMNIdErhwtEug6tnmRAQvCQ5BgC8XsziB8OHS3-7zvSWNaZA96Do-gTm-7gJ5VY.ub_EvTfdUlU6dmQtltycKEZ_OeGpacg4UySL0a1OgLs&dib_tag=se&keywords=watches&qid=1763312678&sr=8-155,Watches,2025-11-16 17:04:40
B08XYH8RZN,Invicta,Wrist Watch,N/A,N/A,48.,48.,N/A,4.7 out of 5 stars,0,No,N/A,N/A,https://www.amazon.com/Invicta-Specialty-Stainless-Quartz-Silicone/dp/B08XYH8RZN/ref=mp_s_a_1_156?dib=eyJ2IjoiMSJ9.fnC9mqB4B1C_GhTTxkMJWA-RH2XTeiWqs_2R47B7CH4Jnscvw2nplkjuv7Qj02qUv6Ov2G9FiDr8AfCQ0_sovXA40No4gYVDdq--VghW3k1LwEAgS47Jt5Ygt1C0iB1ZJpqkw-vYHMAq89eFHGzPLga6e7FIzA6DATxfIFdTLjZy2sr_rMiBTv25M39GsWDdcpPcJhAB-9NCeaRs4zRzHYBRpiQrJ--OgfnF4c2HO4pKFMNIdErhwtEug6tnmRAQvCQ5BgC8XsziB8OHS3-7zvSWNaZA96Do-gTm-7gJ5VY.ub_EvTfdUlU6dmQtltycKEZ_OeGpacg4UySL0a1OgLs&dib_tag=se&keywords=watches&qid=1763312678&sr=8-156,Watches,2025-11-16 17:04:40
B079TY8G28,Anne Klein,Wrist Watch,N/A,N/A,38.,38.,,4.6 out of 5 stars,0,No,N/A,Ends in 14:55:19,https://www.amazon.com/Anne-Klein-AK-1362GNGB-Diamond-Accented/dp/B079TY8G28/ref=mp_s_a_1_157?dib=eyJ2IjoiMSJ9.fnC9mqB4B1C_GhTTxkMJWA-RH2XTeiWqs_2R47B7CH4Jnscvw2nplkjuv7Qj02qUv6Ov2G9FiDr8AfCQ0_sovXA40No4gYVDdq--VghW3k1LwEAgS47Jt5Ygt1C0iB1ZJpqkw-vYHMAq89eFHGzPLga6e7FIzA6DATxfIFdTLjZy2sr_rMiBTv25M39GsWDdcpPcJhAB-9NCeaRs4zRzHYBRpiQrJ--OgfnF4c2HO4pKFMNIdErhwtEug6tnmRAQvCQ5BgC8XsziB8OHS3-7zvSWNaZA96Do-gTm-7gJ5VY.ub_EvTfdUlU6dmQtltycKEZ_OeGpacg4UySL0a1OgLs&dib_tag=se&keywords=watches&qid=1763312678&sr=8-157,Watches,2025-11-16 17:04:40
B00020J1BC,Timex,Wrist Watch,N/A,N/A,45.,45.,N/A,4.5 out of 5 stars,0,No,N/A,N/A,https://www.amazon.com/Timex-T78582-Silver-Tone-Extra-Long-Stainless/dp/B00020J1BC/ref=mp_s_a_1_158?dib=eyJ2IjoiMSJ9.fnC9mqB4B1C_GhTTxkMJWA-RH2XTeiWqs_2R47B7CH4Jnscvw2nplkjuv7Qj02qUv6Ov2G9FiDr8AfCQ0_sovXA40No4gYVDdq--VghW3k1LwEAgS47Jt5Ygt1C0iB1ZJpqkw-vYHMAq89eFHGzPLga6e7FIzA6DATxfIFdTLjZy2sr_rMiBTv25M39GsWDdcpPcJhAB-9NCeaRs4zRzHYBRpiQrJ--OgfnF4c2HO4pKFMNIdErhwtEug6tnmRAQvCQ5BgC8XsziB8OHS3-7zvSWNaZA96Do-gTm-7gJ5VY.ub_EvTfdUlU6dmQtltycKEZ_OeGpacg4UySL0a1OgLs&dib_tag=se&keywords=watches&qid=1763312678&sr=8-158,Watches,2025-11-16 17:04:40
B01BEXXZ26,Michael Kors,Wrist Watch,N/A,N/A,127.,127.,N/A,4.7 out of 5 stars,0,No,N/A,N/A,https://www.amazon.com/Michael-Kors-Lexington-Watch-MK8480/dp/B01BEXXZ26/ref=mp_s_a_1_159?dib=eyJ2IjoiMSJ9.fnC9mqB4B1C_GhTTxkMJWA-RH2XTeiWqs_2R47B7CH4Jnscvw2nplkjuv7Qj02qUv6Ov2G9FiDr8AfCQ0_sovXA40No4gYVDdq--VghW3k1LwEAgS47Jt5Ygt1C0iB1ZJpqkw-vYHMAq89eFHGzPLga6e7FIzA6DATxfIFdTLjZy2sr_rMiBTv25M39GsWDdcpPcJhAB-9NCeaRs4zRzHYBRpiQrJ--OgfnF4c2HO4pKFMNIdErhwtEug6tnmRAQvCQ5BgC8XsziB8OHS3-7zvSWNaZA96Do-gTm-7gJ5VY.ub_EvTfdUlU6dmQtltycKEZ_OeGpacg4UySL0a1OgLs&dib_tag=se&keywords=watches&qid=1763312678&sr=8-159,Watches,2025-11-16 17:04:40
B00CKP02P6,Michael Kors,Wrist Watch,N/A,N/A,250.,250.,N/A,4.6 out of 5 stars,0,No,N/A,N/A,https://www.amazon.com/Michael-Kors-Bradshaw-Gold-Tone-MK5799/dp/B00CKP02P6/ref=mp_s_a_1_160?dib=eyJ2IjoiMSJ9.fnC9mqB4B1C_GhTTxkMJWA-RH2XTeiWqs_2R47B7CH4Jnscvw2nplkjuv7Qj02qUv6Ov2G9FiDr8AfCQ0_sovXA40No4gYVDdq--VghW3k1LwEAgS47Jt5Ygt1C0iB1ZJpqkw-vYHMAq89eFHGzPLga6e7FIzA6DATxfIFdTLjZy2sr_rMiBTv25M39GsWDdcpPcJhAB-9NCeaRs4zRzHYBRpiQrJ--OgfnF4c2HO4pKFMNIdErhwtEug6tnmRAQvCQ5BgC8XsziB8OHS3-7zvSWNaZA96Do-gTm-7gJ5VY.ub_EvTfdUlU6dmQtltycKEZ_OeGpacg4UySL0a1OgLs&dib_tag=se&keywords=watches&qid=1763312678&sr=8-160,Watches,2025-11-16 17:04:40
